company_name,agreement_type,start_date,end_date
Geovert Ground Engineering Pty Ltd,Company Specific,2022-12-15,2027-12-14
Milskil Pty Ltd,Company Specific,2023-07-12,2028-07-11
Lee Fishing Company Pty Ltd,Industry - Fishing,2023-07-13,2028-07-12
Rockfish 1 Pty Limited,Industry - Fishing,2022-11-28,2027-11-27
HARVEY INDUSTRIES GROUP PTY LTD,Skilled Refugee Pilot,2023-01-23,2028-01-22
Macro Meat Processing Pty Ltd,Industry - Meat,2023-02-09,2028-02-08
Teys Australia Naracoorte Pty Ltd,South Australia Regional DAMA,2022-01-05,2027-01-04
Wodonga Rendering Pty Ltd,Industry - Meat,2022-02-28,2027-02-27
Queensland Police Service,Company Specific,2023-02-06,2028-02-05
Ararat Abattoirs Pty Ltd,Industry - Meat,2022-10-25,2027-10-24
FLETCHER INTERNATIONAL EXPORTS PTY LTD,Orana DAMA,2023-02-16,2028-02-15
FLIGHT CENTRE TRAVEL GROUP LIMITED,GTS - Established business,2023-03-22,2028-03-21
THE BUDDHIST SOCIETY OF WA (INC.),Industry - Minister of Religion,2023-06-22,2028-06-21
Teys Australia Beenleigh Pty Ltd,Industry - Meat,2023-05-12,2028-05-11
TEYS AUSTRALIA BILOELA PTY LTD,Industry - Meat,2023-05-12,2028-05-11
Teys Australia Central Qld Pty Ltd,Industry - Meat,2023-05-08,2028-05-07
Dtown Group Pty Ltd,Northern Territory DAMA,2020-07-27,2025-07-26
The Trustee for the G H A L & A T Bremner Produce Trust,Industry - Horticulture,2021-04-28,2026-04-27
A.J GALLO & J.A GALLO,Far North Queensland DAMA,2021-08-10,2026-08-09
Accenture Australia Holdings Pty Ltd,Skilled Refugee Pilot,2021-08-06,2026-08-05
AGRIFRESH PTY LTD,Industry - Horticulture,2021-08-02,2026-08-01
AL SIRAAT COLLEGE INC,Industry - Minister of Religion,2021-09-08,2026-09-07
ALJOTA PTY LTD,Industry - Pork,2021-08-23,2026-08-22
BMS Heavy Cranes Australia Pty Ltd,Company Specific,2021-08-11,2026-08-10
Boston Scientific Pty Ltd,GTS - Established business,2021-08-24,2026-08-23
BRISBANE BUDDHIST VIHARA (TEMPLE) INC,Industry - Minister of Religion,2021-08-02,2026-08-01
BW THOMAS NOMINEES PTY LTD ATF BW THOMAS FAMILY TRUST AND HELEN JOANNA THOMAS AND WAYNE MICHAEL THOMAS,South Australia Regional DAMA,2021-09-15,2026-09-14
Canberra Austral-Asian Christian Church Inc,Industry - Minister of Religion,2021-09-13,2026-09-12
Canning Orchard Pty Ltd,Company Specific,2021-08-09,2026-08-08
CHANCELLOR PARK COMMUNITY CHURCH,Industry - Minister of Religion,2021-09-10,2026-09-09
CO.AS.IT. - ITALIAN ASSISTANCE ASSOCIATION,Company Specific,2021-09-21,2026-09-20
Cooktown Bowls Club Incorporated,Far North Queensland DAMA,2021-08-25,2026-08-24
Familiga Pty Ltd,Northern Territory DAMA,2021-08-04,2026-08-03
Fortune Coffee Pty Ltd,Northern Territory DAMA,2021-09-13,2026-09-12
FORTUNATE COOKIES PTY LTD,Northern Territory DAMA,2021-08-17,2026-08-16
Frew Foods International Pty Ltd,Industry - Meat,2021-06-17,2026-06-16
FRUIT MASTER FARM OPERATIONS PTY LTD,Industry - Horticulture,2021-09-08,2026-09-07
GLOBAL MISSION CHURCH OF GOLD COAST,Industry - Minister of Religion,2021-08-04,2026-08-03
GOLDEN CUP PTY. LTD.,Great South Coast DAMA,2021-08-17,2026-08-16
Holmelea Farm Trust,Great South Coast DAMA,2021-08-02,2026-08-01
IQRA YOUTH WELFARE CENTRE INC.,Industry - Minister of Religion,2021-09-02,2026-09-01
Islamic Charitable Organisation Pty Ltd,Industry - Minister of Religion,2021-08-26,2026-08-25
ISphere Global Pty Ltd,GTS - Established business,2021-09-13,2026-09-12
JJL (NT) PTY LTD,Northern Territory DAMA,2021-08-25,2026-08-24
K Food Land Pty Ltd,Northern Territory DAMA,2021-09-02,2026-09-01
KALREGAL PTY LTD,Industry - Horticulture,2021-08-09,2026-08-08
KANDASAMY (NT) PTY LTD,Northern Territory DAMA,2021-08-11,2026-08-10
Kyvalley Farms Pty Ltd,Industry - Dairy,2021-09-02,2026-09-01
Landy Centre Cairns Pty Ltd.,Far North Queensland DAMA,2021-09-06,2026-09-05
LIBERTY CHURCH INC,Industry - Minister of Religion,2021-08-19,2026-08-18
LOBETHAL ABATTOIRS PTY LTD,Industry - Meat,2021-09-22,2026-09-21
M & H ACOCKS PTY LTD,Industry - Dairy,2021-08-05,2026-08-04
M.A NEVILL & T.L NEVILL,Great South Coast DAMA,2021-09-07,2026-09-06
Mt Boothby Pastoral Co Pty Limited,South Australia Regional DAMA,2021-08-09,2026-08-08
MYUNGSUNG PRESBYTERIAN CHURCH OF SYDNEY INC,Industry - Minister of Religion,2021-08-18,2026-08-17
NB AUTOMOTIVE PTY LTD,Northern Territory DAMA,2021-09-07,2026-09-06
NORTHERN BEACHES PRESBYTERIAN CHURCH,Industry - Minister of Religion,2021-09-20,2026-09-19
NORTHERN COOPERATIVE MEAT COMPANY LTD,Industry - Meat,2021-04-19,2026-04-18
ONE STONE WORKS PTY LTD,Northern Territory DAMA,2021-07-15,2026-07-14
Oven Fresh Bakers PTY LTD,Northern Territory DAMA,2021-09-06,2026-09-05
Pegasus International Logistics Pty Ltd,Adelaide City Tech and Innovation DAMA,2021-08-05,2026-08-04
PENINSULA HEALTH,Company Specific,2021-08-04,2026-08-03
PILU AT FRESHWATER PTY LTD,Industry – Premium Dining,2021-08-03,2026-08-02
PUBLICIS COMMUNICATIONS AUSTRALIA PTY LTD,Industry - Advertising,2021-08-03,2026-08-02
PUBLICIS MEDIA AUSTRALIA PTY LTD,Industry - Advertising,2021-08-03,2026-08-02
ROD PILON TRANSPORT PTY LTD,Orana DAMA,2021-08-05,2026-08-04
ROSENC Pty Ltd,Industry - Fishing,2021-09-22,2026-09-21
SEA HARVEST FISHING COMPANY PTY LTD,Industry - Fishing,2021-08-16,2026-08-15
SEVEN FIELDS PTY LTD,Industry - Horticulture,2021-08-30,2026-08-29
Solidarity Cleaning Services Pty Ltd,Northern Territory DAMA,2021-08-02,2026-08-01
SOUSEIKAI INTERNATIONAL PTY. LTD.,Company Specific,2021-09-06,2026-09-05
SYDNEY JIREH PRESBYTERIAN CHURCH INC,Industry - Minister of Religion,2021-08-03,2026-08-02
SYMES AGRICULTURE PTY LTD,Northern Territory DAMA,2021-08-23,2026-08-22
T & N DANG PTY LTD,Northern Territory DAMA,2021-08-26,2026-08-25
Ten Minutes By Tractor Wine Co Pty Ltd,Industry – Premium Dining,2021-09-01,2026-08-31
The Trustee for Hillsong Church Australia,Industry - Minister of Religion,2021-08-18,2026-08-17
The Trustee for MARK OBERTHUR FAMILY TRUST,Far North Queensland DAMA,2021-08-11,2026-08-10
THE UNITING CHURCH IN AUSTRALIA PROPERTY TRUST (VICTORIA),Industry - Minister of Religion,2021-08-20,2026-08-19
THI NGOC HIEU NGUYEN & VAN BUI,Goldfields DAMA,2021-08-27,2026-08-26
THUBTEN SHEDRUP LING MONASTERY INC,Industry - Minister of Religion,2021-09-15,2026-09-14
VANGATE PTY. LTD,Far North Queensland DAMA,2021-09-22,2026-09-21
Veterinary Emergency Treatment Services Pty Ltd,Far North Queensland DAMA,2021-06-07,2026-06-06
VIGR HOLDINGS PTY LTD,Northern Territory DAMA,2021-08-04,2026-08-03
Viticon Investments Pty Ltd,Industry - Horticulture,2021-08-05,2026-08-04
Vue Group Pty Ltd,Industry – Premium Dining,2021-08-05,2026-08-04
WAVERTREE FARMS (NSW) PTY LTD,Industry - Horticulture,2021-09-07,2026-09-06
WOODWARD FOODS AUSTRALIA PTY LTD,Industry - Meat,2021-08-04,2026-08-03
YOUNGHOLMES PTY LTD,Company Specific,2021-09-17,2026-09-16
Adara Development (Australia),Skilled Refugee Pilot,2022-02-07,2027-02-06
Ai Group Limited,Skilled Refugee Pilot,2022-02-04,2027-02-03
ALICE SPRINGS CASINO OPERATIONS PTY LTD,Northern Territory DAMA,2022-02-11,2027-02-10
Alice Springs Islamic Society Inc,Industry - Minister of Religion,2021-10-20,2026-10-19
Ampeadji Pty Ltd,Orana DAMA,2021-12-07,2026-12-06
APNIC Pty Ltd,Skilled Refugee Pilot,2022-01-05,2027-01-04
ARTEMIS AGRICULTURE PTY LTD ATF ARTEMIS AGRICULTURE TRUST,Industry - Horticulture,2021-11-29,2026-11-28
Australian Longline Fishing Pty Ltd,Industry - Fishing,2021-12-13,2026-12-12
Australian Ocean Producers Pty Ltd,Industry - Fishing,2021-08-06,2026-08-05
AUSTRALIAN SUSTAINABLE TIMBERS PTY LIMITED,Skilled Refugee Pilot,2022-01-11,2027-01-10
Baillies Longitude 131 Pty Ltd,Northern Territory DAMA,2022-01-10,2027-01-09
BANCROFT CONSULTING PTY. LIMITED,Company Specific,2022-02-24,2027-02-23
BEAUTE ON THE MALL PTY LTD,Northern Territory DAMA,2021-12-10,2026-12-09
Bernardi Group Pty Ltd,Company Specific,2022-03-16,2027-03-15
BERRAFORD PTY LTD,Industry - Pork,2022-02-17,2027-02-16
BERRY HOLDINGS OF AUSTRALIA PTY LTD & COSTA BERRY HOLDINGS PTY LTD,Industry - Horticulture,2022-03-01,2027-02-28
Bethany Brisbane International Church Inc.,Industry - Minister of Religion,2021-10-11,2026-10-10
BEYOND ESSENTIAL SYSTEMS PTY LTD,Company Specific,2021-10-05,2026-10-04
Bingil Bay Beef Pty Ltd,Industry - Meat,2022-01-20,2027-01-19
Bishdun Pty Ltd,Northern Territory DAMA,2022-03-07,2027-03-06
Bowhill Engineering Pty Ltd,South Australia Regional DAMA,2022-02-21,2027-02-20
Bradken Resources Pty Limited,South Australia Regional DAMA,2021-11-25,2026-11-24
BRILLIANT BOTON (AUSTRALIA) CONVEYOR SERVICES PTY LTD,Company Specific,2022-03-07,2027-03-06
Bristol-Myers Squibb Australia Pty Ltd,GTS - Established business,2021-12-21,2026-12-20
Budage Pty Ltd,Skilled Refugee Pilot,2022-02-10,2027-02-09
CA & JL PEACOCK,Industry - Dairy,2022-03-03,2027-03-02
Callaghan Motors PTY LTD,Great South Coast DAMA,2022-02-21,2027-02-20
Carinya Home for the Aged,Far North Queensland DAMA,2022-02-28,2027-02-27
Cast Professional Services Pty Ltd,Skilled Refugee Pilot,2021-11-12,2026-11-11
CCL FAMILY INVESTMENT PTY LTD,Far North Queensland DAMA,2021-12-06,2026-12-05
Celebrate Messiah Ltd,Industry - Minister of Religion,2021-12-17,2026-12-16
CELLCON AUSTRALIA PTY LTD,Company Specific,2021-11-15,2026-11-14
CENTRAL DESERT DISTRIBUTORS PTY LTD,Company Specific,2021-11-18,2026-11-17
Charles I.F.E. Pty Ltd,Industry - Pork,2022-01-24,2027-01-23
THE CHINESE CHRISTIAN CHURCH,Industry - Minister of Religion,2021-09-30,2026-09-29
Chris Barnard Nursing Agency Pty Ltd,Industry - On-Hire,2022-01-28,2027-01-27
Christian Aboriginal Parent Directed School Kurrawang,Goldfields DAMA,2022-01-17,2027-01-16
CHURCH OF GOD WORLD MISSION SOCIETY INCORPORATED,Industry - Minister of Religion,2021-10-05,2026-10-04
Clipper Pearls Pty Ltd,Company Specific,2021-12-24,2026-12-23
COBAR SHIRE COUNCIL,Orana DAMA,2021-10-21,2026-10-20
Comfresh Pty Ltd,Industry - Horticulture,2022-03-11,2027-03-10
Conlon Management Pty Ltd,Industry - On-Hire,2023-01-31,2028-01-30
COPTIC ORTHODOX CHURCH - DIOCESE OF SYDNEY AND AFFILIATED REGIONS,Industry - Minister of Religion,2021-11-01,2026-10-31
Coptic Orthodox Church Diocese of Melbourne,Industry - Minister of Religion,2021-09-06,2026-09-05
CURIUM PTY LIMITED,Far North Queensland DAMA,2021-12-02,2026-12-01
D. TRANDOS & SONS PTY LTD,Industry - Horticulture,2022-01-28,2027-01-27
D.M O'BRIEN & M.J O'BRIEN & T.M O'BRIEN,Orana DAMA,2022-01-31,2027-01-30
DANG & VU ENTERPRISE PTY LTD,Northern Territory DAMA,2021-10-15,2026-10-14
DAY CONSULTING PTY LTD,Skilled Refugee Pilot,2021-11-03,2026-11-02
DAYS EGGS PTY LTD,South Australia Regional DAMA,2022-01-12,2027-01-11
EC CARPETS PTY LTD,South Australia Regional DAMA,2021-09-24,2026-09-23
Edjones Pty Ltd as Trustee for Edward Jones Family Trust,Company Specific,2022-01-19,2027-01-18
EL- JASBELLA GROUP HR PTY LTD,South Australia Regional DAMA,2022-03-04,2027-03-03
EMU DOWNS WA PTY LTD,Industry - Pork,2021-12-20,2026-12-19
ENSPEC PTY LTD,Company Specific,2021-11-12,2026-11-11
Epilogue Enterprises Pty Ltd,Northern Territory DAMA,2021-12-09,2026-12-08
ERNST & YOUNG SERVICES PTY LIMITED,Skilled Refugee Pilot,2022-01-28,2027-01-27
Exact Contracting Services Pty Ltd,Northern Territory DAMA,2022-01-31,2027-01-30
Faith Community Church Inc,Industry - Minister of Religion,2021-12-06,2026-12-05
Fitzroy Island Investments Pty Ltd,Far North Queensland DAMA,2021-11-17,2026-11-16
FOSTERS PRACTICE GROUP PTY LTD ATF FOSTERS PRACTICE TRUST,Company Specific,2021-12-01,2026-11-30
FREE SERBIAN ORTHODOX CHURCH & SCHOOL CONGREGATION OF ST SAVA AT HINDMARCH SA INC,Industry - Minister of Religion,2021-10-29,2026-10-28
Freedom Dairying Pty Ltd,Great South Coast DAMA,2021-11-23,2026-11-22
FUSE HAIR AND BEAUTY PTY LTD,Northern Territory DAMA,2022-01-06,2027-01-05
Gap Child Care Community Centre,Northern Territory DAMA,2021-12-09,2026-12-08
GERMAN LUTHERAN CHURCH SYDNEY INC,Industry - Minister of Religion,2021-11-02,2026-11-01
"GONZALEZ FONTE, MAXIMILIANO HERNAN",Northern Territory DAMA,2021-12-22,2026-12-21
GOOD NEWS FELLOWSHIP OF THE RUSSIAN SPEAKING SLAVIC EVANGELICAL BAPTISTS IN SYDNEY,Industry - Minister of Religion,2021-11-05,2026-11-04
GRAY CHILD CARE CENTRE INCORPORATED,Northern Territory DAMA,2021-12-17,2026-12-16
GREENMOUNTAIN FOOD PROCESSING PTY LTD,Industry - Meat,2021-11-10,2026-11-09
GROUP HOMES AUSTRALIA PTY LTD,Company Specific,2021-10-08,2026-10-07
GUNPORK MANAGEMENT PTY LIMITED,Industry - Pork,2021-11-15,2026-11-14
H&O KILPATRICK PTY LTD,Great South Coast DAMA,2021-11-24,2026-11-23
HACHETTE AUSTRALIA PTY LTD,Skilled Refugee Pilot,2022-02-22,2027-02-21
HARDWICKS MEAT WORKS PTY LTD,Industry - Meat,2022-02-11,2027-02-10
Hindu Society of NT INC,Industry - Minister of Religion,2021-10-22,2026-10-21
HOPSCOTCH & CO PTY LTD,Far North Queensland DAMA,2021-11-01,2026-10-31
HOUSE OF CARNIVORE PTY LTD,South Australia Regional DAMA,2022-01-05,2027-01-04
Inside Out Nutritious Goods Pty Ltd,Company Specific,2022-02-16,2027-02-15
IRESS LIMITED,Skilled Refugee Pilot,2021-10-18,2026-10-17
IT & KM RICHARDSON & THE STELVA PTY LTD,Company Specific,2021-09-20,2026-09-19
J A BRAUN INVESTMENTS PTY LTD,Industry - Pork,2022-01-12,2027-01-11
JA & NJ BAKER PTY LTD,Orana DAMA,2022-02-07,2027-02-06
JAGNER INVESTMENTS PTY LTD,Far North Queensland DAMA,2022-03-11,2027-03-10
Jaliz Enterprises Pty Ltd,Company Specific,2021-11-11,2026-11-10
JBS AUSTRALIA PTY LIMITED,Industry - Meat,2023-01-12,2028-01-11
Jet Aviation Australia Pty Ltd,Far North Queensland DAMA,2021-11-30,2026-11-29
JMJ Disability Services,Northern Territory DAMA,2022-01-05,2027-01-04
JOFIRA PTY LTD ATF JOFIRA UNIT TRUST,Far North Queensland DAMA,2021-12-17,2026-12-16
John Frankham Pty Ltd,Company Specific,2021-11-05,2026-11-04
Johnson & Johnson Medical Pty Ltd,Company Specific,2022-02-16,2027-02-15
JPS Retail Services Pty Ltd,South Australia Regional DAMA,2021-11-16,2026-11-15
K.E.A. PTY LTD,Far North Queensland DAMA,2021-10-07,2026-10-06
KALADARI HOLDINGS PTY. LTD.,South Australia Regional DAMA,2021-12-21,2026-12-20
Kalidonis Hotels Pty Ltd,Northern Territory DAMA,2021-11-26,2026-11-25
Karingal Pty Ltd,Company Specific,2021-10-21,2026-10-20
KATHERINE CLUB INC,Northern Territory DAMA,2021-12-17,2026-12-16
Kentish Lifelong Learning and Care Inc,Northern Territory DAMA,2021-09-28,2026-09-27
Kew Art Pty Ltd ATF Ewart Family Trust,Company Specific,2021-11-11,2026-11-10
KINGSLEY'S CHICKEN PTY LTD,Company Specific,2021-11-15,2026-11-14
Kushi 1914 Pty Ltd,Far North Queensland DAMA,2021-12-10,2026-12-09
L.P & B.J. ALLEN PTY. LTD.,Great South Coast DAMA,2021-10-25,2026-10-24
LACY BROS PTY LTD,Company Specific,2021-10-19,2026-10-18
Lai Industries PTY LTD,South Australia Regional DAMA,2022-03-04,2027-03-03
LAMATTINA HOLDINGS PTY LTD,Industry - Horticulture,2022-03-15,2027-03-14
Laynhapuy Homelands Aboriginal Corporation,Northern Territory DAMA,2022-02-01,2027-01-31
LEGION DRILLING PTY LTD,Company Specific,2022-01-21,2027-01-20
LIBERTY FIELDS PORK PTY LTD,Industry - Pork,2021-10-25,2026-10-24
LIMESTONE BUILDING BLOCK COMPANY PTY LTD,Company Specific,2021-12-20,2026-12-19
LORTSIM PTY LTD,Industry - Horticulture,2021-11-22,2026-11-21
Lorwellen Farming Pty Ltd,Skilled Refugee Pilot,2021-10-08,2026-10-07
L'UNICO TRATTORIA PTY LTD,Far North Queensland DAMA,2022-02-22,2027-02-21
M&J LANTERI PTY LTD,Industry - Horticulture,2021-09-30,2026-09-29
Mai Wiru Regional Stores Council Aboriginal Corporation,Northern Territory DAMA,2022-03-15,2027-03-14
Mandurah Physiotherapy Pty Ltd,Company Specific,2022-01-21,2027-01-20
MARRONE FRESH PTY LTD,South Australia Regional DAMA,2021-08-17,2026-08-16
Martin Engineering Australia Pty. Ltd.,Company Specific,2022-03-01,2027-02-28
Mary Help of Christians Limited,Industry - Minister of Religion,2021-10-25,2026-10-24
MBC National Pty Ltd,Great South Coast DAMA,2022-01-06,2027-01-05
MBL BANANAS PTY LTD,Far North Queensland DAMA,2021-10-01,2026-09-30
MCELLIGOTTS (QLD) PTY LTD,Company Specific,2022-01-12,2027-01-11
MEGA HAND CAR WASH PTY LTD,Goldfields DAMA,2021-12-08,2026-12-07
MERINO & CO. PTY LTD,Company Specific,2022-02-28,2027-02-27
Methodist Church in Australia Inc,Industry - Minister of Religion,2021-09-16,2026-09-15
MICHAEL CASSEL GROUP PTY LTD,Company Specific,2021-12-14,2026-12-13
MINISTRY OF HEALTH,Company Specific,2022-01-13,2027-01-12
MINTER ELLISON SERVICES PTY LIMITED,Skilled Refugee Pilot,2022-01-28,2027-01-27
My Support My Way Pty Ltd,Adelaide City Tech and Innovation DAMA,2021-12-17,2026-12-16
MYER PTY LTD,GTS - Established business,2021-10-05,2026-10-04
MyModular Pty Ltd,South Australia Regional DAMA,2022-03-09,2027-03-08
NARASELL PTY. LIMITED,Industry - Meat,2021-08-26,2026-08-25
North Australia Global Services,Northern Territory DAMA,2022-03-09,2027-03-08
North Australian Fishing Co. Pty Ltd,Industry - Fishing,2022-02-15,2027-02-14
Olivet Assembly Incorporated,Industry - Minister of Religion,2021-11-22,2026-11-21
ONE TREE COMMUNITY SERVICES INC,Northern Territory DAMA,2021-12-16,2026-12-15
P BREYER-MENKE & D.R MENKE & P.A RING,Northern Territory DAMA,2021-12-06,2026-12-05
P.J. MEATS PTY.LTD.,Industry - Meat,2021-11-18,2026-11-17
PACIFIC BUILDING SUPPLIES (NT) PTY LTD,Northern Territory DAMA,2022-03-04,2027-03-03
PHILLIP RILEY PROJECTS PTY LTD,Industry - On-Hire,2021-08-06,2026-08-05
Philous KP Pty Ltd,Northern Territory DAMA,2021-10-28,2026-10-27
Pollination Foundation Limited,Skilled Refugee Pilot,2022-01-06,2027-01-05
POSITIVE APE PTY LTD,Skilled Refugee Pilot,2021-10-29,2026-10-28
POWER TO CHANGE,Industry - Minister of Religion,2021-10-20,2026-10-19
Premium Dental Lab Pty Ltd,Skilled Refugee Pilot,2021-11-29,2026-11-28
PRIME VALUE DAIRY MANAGEMENT NO 2 PTY LTD,Industry - Dairy,2021-10-28,2026-10-27
QIU THAI PTY LTD,Far North Queensland DAMA,2021-10-21,2026-10-20
Quick Steps School of Dance Pty Ltd,South Australia Regional DAMA,2023-02-02,2028-02-01
R.M. WILLIAMS PROPRIETARY LIMITED,GTS - Established business,2022-01-12,2027-01-11
Raglan Drilling Pty Ltd,Company Specific,2022-01-25,2027-01-24
RANJIT KAUR SARANAH,Industry - Horticulture,2022-03-01,2027-02-28
Realstorm Pty Ltd,Goldfields DAMA,2021-10-26,2026-10-25
RED GUM CHILD CARE CENTRE PTY LTD,Orana DAMA,2021-12-07,2026-12-06
REILLY PASTORAL CO PTY LTD,Industry - Pork,2022-02-28,2027-02-27
RIBBON HAIR SALON DARWIN PTY LTD ATF BROTHER 2 TRUST,Northern Territory DAMA,2021-12-03,2026-12-02
Riviera Farms Pty Ltd,Industry - Horticulture,2022-02-11,2027-02-10
Rogue NTT Pty Ltd,Northern Territory DAMA,2022-03-07,2027-03-06
Rombola Family Farms Pty Ltd,Industry - Horticulture,2021-12-20,2026-12-19
RPC GLENGALLAN PTY LTD,Industry - Pork,2022-02-28,2027-02-27
RSCS All Suburbs Pty Ltd,South Australia Regional DAMA,2022-03-11,2027-03-10
SABINE TRADING CO PTY LTD,Northern Territory DAMA,2021-10-15,2026-10-14
Safe Trans NSW PTY LTD,Orana DAMA,2022-01-18,2027-01-17
SALMON ASSET MANAGEMENT PTY LTD,Northern Territory DAMA,2021-12-08,2026-12-07
Seventh -Day Adventist Church (South New South Wales Conference) Limited,Industry - Minister of Religion,2021-12-07,2026-12-06
Shangri-La Hotel (Cairns) Pty Ltd,Far North Queensland DAMA,2021-10-11,2026-10-10
Smart Fabrication,South Australia Regional DAMA,2022-03-11,2027-03-10
Softtest Pays Pty Ltd,Industry - On-Hire,2022-01-14,2027-01-13
Star & Garter Hotel Pty Ltd,Goldfields DAMA,2021-11-17,2026-11-16
STAR LABOUR SERVICES PTY LTD,Company Specific,2022-03-15,2027-03-14
STEPPING STONES CHILDCARE CENTRE(ACT) PTY LTD,Far North Queensland DAMA,2021-12-20,2026-12-19
SWJR NOMINEES PTY LTD,Northern Territory DAMA,2022-02-16,2027-02-15
Sydney Nepali Church Incorporated,Industry - Minister of Religion,2021-10-27,2026-10-26
Symbio Holdings Ltd,Company Specific,2022-02-21,2027-02-20
Tasmanian Quality Meats Pty Ltd,Industry - Meat,2022-01-21,2027-01-20
TASSAL OPERATIONS PTY LTD,Company Specific,2022-01-27,2027-01-26
Thai Thai Restaurant Casuarina,Northern Territory DAMA,2021-10-22,2026-10-21
The Antiochian Orthodox Archdiocese of Australia New Zealand and the Philippines Inc,Industry - Minister of Religion,2021-10-26,2026-10-25
THE AUSTRALIAN ISLAMIC HOUSE IN LIVERPOOL AREA INCORPORATED,Industry - Minister of Religion,2021-11-02,2026-11-01
THE AUSTRALIAN SIKH ASSOCIATION LIMITED,Industry - Minister of Religion,2021-11-03,2026-11-02
THE BAPTIST UNION OF WESTERN AUSTRALIA INCORPORATED,Industry - Minister of Religion,2021-11-03,2026-11-02
THE HILLS DISTRICT MUSLIM SOCIETY INCORPORATED,Industry - Minister of Religion,2021-12-09,2026-12-08
THE LEBANESE MOSLEM ASSOCIATION,Industry - Minister of Religion,2022-02-22,2027-02-21
THE LITTLE YELLOW BOAT PTY LTD,Far North Queensland DAMA,2021-12-20,2026-12-19
The Melbourne Vinayagar Hindu Sangam,Industry - Minister of Religion,2021-11-12,2026-11-11
THE OPEN DOOR CHURCH INC.,Industry - Minister of Religion,2022-02-02,2027-02-01
THE PURE LAND LEARNING CENTRE OF VICTORIA INC,Industry - Minister of Religion,2022-01-14,2027-01-13
The Redeemed Christian Church of God- Desire of Nations Centre,Industry - Minister of Religion,2021-10-21,2026-10-20
THE UNITED VIETNAMESE BUDDHIST CONGREGATION OF CANBERRA AND SURROUND,Industry - Minister of Religion,2021-10-11,2026-10-10
The Y&F (DARWIN) PTY LTD,Northern Territory DAMA,2021-12-06,2026-12-05
TITAN RECRUITMENT PTY LTD,Industry - On-Hire,2022-01-20,2027-01-19
Todaro Group Pty Ltd,Industry - Horticulture,2022-02-01,2027-01-31
TOP END EARLY LEARNING CENTRE INCORPORATED,Northern Territory DAMA,2022-02-09,2027-02-08
Trans Australia Glass Pty Ltd,Company Specific,2021-11-22,2026-11-21
Trinity Mining Services and Supplies Pty Ltd,Industry - On-Hire,2021-10-22,2026-10-21
Tyrrell Group Holdings Pty Ltd,Company Specific,2021-10-13,2026-10-12
USINCH PTY LIMITED,Industry - Meat,2023-04-28,2028-04-27
VICKERY BROS PTY LTD,Great South Coast DAMA,2022-01-13,2027-01-12
VIP MEAT PROCESSING PTY LTD,Industry - Meat,2022-03-09,2027-03-08
Vipassna Buddhist Meditation Association of Wat Sereychum Australia Inc.,Industry - Minister of Religion,2022-01-24,2027-01-23
Vitor Pty Ltd,Company Specific,2022-03-01,2027-02-28
VIVO PALM COVE PTY LTD,Far North Queensland DAMA,2022-03-15,2027-03-14
WALKER SEAFOOD (AUSTRALIA) PTY LTD,Industry - Fishing,2023-05-25,2028-05-24
WDA Drilling Services Pty Ltd,Goldfields DAMA,2022-02-09,2027-02-08
We Own a Pty Limited,Far North Queensland DAMA,2021-12-08,2026-12-07
WEST PEAK PTY LTD,Skilled Refugee Pilot,2021-10-08,2026-10-07
William Reddie & Laura Lenore Wallace,Far North Queensland DAMA,2022-03-07,2027-03-06
WORKERS CHOICE NQ PTY LTD,Far North Queensland DAMA,2022-01-19,2027-01-18
Xdrift Industries Pty Ltd,Northern Territory DAMA,2022-02-23,2027-02-22
Y CHENG & C WENG,Northern Territory DAMA,2021-12-03,2026-12-02
YAPP INVESTMENT HOLDINGS PTY. LIMITED,Northern Territory DAMA,2022-01-17,2027-01-16
Youth With A Mission (Perth) Inc,Industry - Minister of Religion,2021-10-01,2026-09-30
Zi & Yi Management Pty Ltd,South Australia Regional DAMA,2022-02-01,2027-01-31
Zonge Engineering & Research Organization ( Aust ) Pty Ltd,Adelaide City Tech and Innovation DAMA,2021-12-22,2026-12-21
A & L Romeo Pty Ltd,Industry - Horticulture,2022-06-30,2027-06-29
A Musumeci Pty Ltd,Industry - Fishing,2022-07-05,2027-07-04
A Vecchio Ruggeri & F Vecchio Ruggeri & V Vecchio Ruggeri & A.V Vecchio Ruggeri,Far North Queensland DAMA,2022-05-13,2027-05-12
"A, M and Z Pty Ltd",Far North Queensland DAMA,2022-04-20,2027-04-19
A.S Nurpuri & G.K Nurpuri,Industry - Horticulture,2022-04-26,2027-04-25
Abacus Fisheries Company Pty Ltd,Industry - Fishing,2022-07-12,2027-07-11
AEM Consolidated Pty Ltd,South Australia Regional DAMA,2022-04-05,2027-04-04
Aerotech Aviation Pty Ltd,Northern Territory DAMA,2022-04-13,2027-04-12
Affiliate Aged Care Pty Ltd,Far North Queensland DAMA,2022-08-01,2027-07-31
Agquip Fresh Farming Pty Ltd,Industry - Horticulture,2022-07-21,2027-07-20
Air Consulting Australia Pty Ltd,Industry - On-Hire,2022-03-30,2027-03-29
Akers Farms Pty Ltd,Industry - Horticulture,2022-03-28,2027-03-27
Allcare Community Support Incorporated,South Australia Regional DAMA,2022-04-06,2027-04-05
Alyangula Daycare Incorporated,Northern Territory DAMA,2022-04-29,2027-04-28
Animal Logic Pty Limited,Skilled Refugee Pilot,2022-03-24,2027-03-23
Archer Access Pty Ltd,Goldfields DAMA,2022-05-13,2027-05-12
Asia Pacific Finance Co Pty Ltd,Far North Queensland DAMA,2022-04-08,2027-04-07
At Home Care Pty Ltd,Company Specific,2022-04-04,2027-04-03
Aurora Dairies Pty Ltd,Industry - Dairy,2022-04-27,2027-04-26
Austral Fisheries Pty Ltd,Industry - Fishing,2022-06-16,2027-06-15
Australian Dairy Pastures Pty Ltd,Industry - Dairy,2022-06-22,2027-06-21
Australian Passionfruit Company Pty Ltd,Far North Queensland DAMA,2022-05-13,2027-05-12
Avk Australia Holding Pty Ltd,South Australia Regional DAMA,2022-03-28,2027-03-27
B D G And P Singh,Far North Queensland DAMA,2022-05-13,2027-05-12
B. C. Harriman,Far North Queensland DAMA,2022-07-14,2027-07-13
Bartle Frere Bananas Pty. Ltd.,Far North Queensland DAMA,2022-05-13,2027-05-12
Beachfood Pty Ltd,Industry – Premium Dining,2022-07-05,2027-07-04
Bethel Presbyterian Church Inc,Industry - Minister of Religion,2022-06-02,2027-06-01
BFG Investments Pty Ltd,Industry – Premium Dining,2022-07-05,2027-07-04
Bipo Service Australia Pty Ltd,Industry - On-Hire,2022-05-02,2027-05-01
Bluemar Pty Ltd,Goldfields DAMA,2022-04-04,2027-04-03
Border Sheetmetal & Ducting Pty Ltd,Company Specific,2022-05-17,2027-05-16
Bruno John Cuda,Far North Queensland DAMA,2022-04-13,2027-04-12
C Moloney & Yenolom Dairy Pty. Ltd.,Great South Coast DAMA,2022-07-15,2027-07-14
Caffeinated Jacks Pty. Ltd,Far North Queensland DAMA,2022-04-07,2027-04-06
Castaways Mission Beach Pty Ltd,Far North Queensland DAMA,2022-04-13,2027-04-12
Catalina's (Rose Bay) Pty. Limited,Industry – Premium Dining,2022-05-20,2027-05-19
Charis Management Services Pty Ltd,Northern Territory DAMA,2022-05-13,2027-05-12
China Home Cuisine Culture Pty Ltd,Far North Queensland DAMA,2022-04-13,2027-04-12
City Of Kalgoorlie- Boulder,Goldfields DAMA,2023-07-03,2028-07-02
City Of Kalgoorlie- Boulder,Goldfields DAMA,2022-01-05,2027-01-04
Coleman Cranes Pty Ltd,Goldfields DAMA,2022-06-08,2027-06-07
Como Holdings Pty Ltd,Goldfields DAMA,2022-07-18,2027-07-17
Cooriemungle Ag Pty Ltd,Great South Coast DAMA,2023-01-19,2028-01-18
CORDOMA GROUP PTY LTD ATF CORDOMA UNIT TRUST,Industry - Horticulture,2022-05-16,2027-05-15
Cox Purtell Staffing Services Pty Ltd,Industry - On-Hire,2022-07-20,2027-07-19
Cutri Fruit Pty Ltd,Industry - Horticulture,2022-06-10,2027-06-09
Daniela Durko Holdings Pty Ltd,Goldfields DAMA,2022-02-21,2027-02-20
Daniela Durko Holdings Pty Ltd,Company Specific,2021-10-13,2026-10-12
Darwin Golf Club Incorporated,Northern Territory DAMA,2022-01-10,2027-01-09
David Partridge Pty Ltd & D.W. Partridge & E.R. Partridge & M.S. Partridge,Industry - Dairy,2022-05-18,2027-05-17
DBC RSA Holdings Pty Ltd,Industry - Horticulture,2022-02-07,2027-02-06
Dermal Essence Pty Ltd,Northern Territory DAMA,2022-04-11,2027-04-10
Diamond Valley Pork Pty Ltd,Industry - Meat,2022-05-17,2027-05-16
Dig Investments Pty Ltd,Company Specific,2022-06-08,2027-06-07
Dreamedia Events Pty Limited,Northern Territory DAMA,2022-05-13,2027-05-12
"Duan, Xiao Kai",Far North Queensland DAMA,2022-05-16,2027-05-15
E.G Chesworth & S.D Chesworth & The Trustee For D & D Chesworth Family Trust,Industry - Dairy,2022-05-24,2027-05-23
Elekta Pty Ltd,Company Specific,2022-05-17,2027-05-16
Everability Group Limited,Company Specific,2022-05-25,2027-05-24
Firedoor Pty Limited,Industry – Premium Dining,2022-08-02,2027-08-01
Fox Dairies Pty Ltd,Industry - Dairy,2022-05-06,2027-05-05
FR Consultancy Pty Ltd,Industry - On-Hire,2022-05-18,2027-05-17
Free Serbian Orthodox Church Diocese For Australia & New Zealand,Industry - Minister of Religion,2022-07-28,2027-07-27
Fu Wah Wa Pty Ltd,Goldfields DAMA,2022-07-27,2027-07-26
G. W Stansfield and T Stansfield,Great South Coast DAMA,2022-08-02,2027-08-01
Gardens Catering Pty Ltd,Northern Territory DAMA,2022-05-17,2027-05-16
Garrett Hospitality Pty Ltd,Company Specific,2022-04-11,2027-04-10
Genashtim Pty Ltd,Skilled Refugee Pilot,2022-07-28,2027-07-27
Genius Education Pty Ltd,Far North Queensland DAMA,2022-07-29,2027-07-28
German Lutheran Trinity Church East Melbourne Inc,Industry - Minister of Religion,2022-07-29,2027-07-28
GJ & AD Turnbull Pty Ltd,Northern Territory DAMA,2022-05-13,2027-05-12
Gold Fields Australia Pty Ltd,Company Specific,2022-04-12,2027-04-11
Golden Nails And Beauty Palmerston,Northern Territory DAMA,2022-11-24,2027-11-23
Gundjeihmi Aboriginal Corporation,Northern Territory DAMA,2022-07-29,2027-07-28
HA & M Investment Pty Ltd,Northern Territory DAMA,2022-01-06,2027-01-05
HAMMONDCARE,Company Specific,2022-07-26,2027-07-25
Hancock Industries Pty Ltd,Northern Territory DAMA,2022-03-21,2027-03-20
Harvey Fresh (1994) Ltd,Company Specific,2022-05-12,2027-05-11
Head Republic Pty Ltd,Northern Territory DAMA,2022-04-11,2027-04-10
Hidrostal Australia Pty Ltd,South Australia Regional DAMA,2022-07-06,2027-07-05
Hillside Meat Processors Pty Ltd,Industry - Meat,2022-03-24,2027-03-23
Hospitality North Pty Ltd,Far North Queensland DAMA,2022-07-18,2027-07-17
HTC Global Services (Australia) Pty Ltd,Industry - On-Hire,2022-07-19,2027-07-18
Imagawa Gakuen Australia Pty Ltd,Company Specific,2022-06-08,2027-06-07
Independent Seafood Producers Pty Ltd,Industry - Fishing,2022-07-07,2027-07-06
International City Church,Industry - Minister of Religion,2022-05-31,2027-05-30
IQVIA RDS Pty. Limited,Adelaide City Tech and Innovation DAMA,2022-05-27,2027-05-26
Islamic Society Of Gold Coast Incorporated,Industry - Minister of Religion,2022-08-01,2027-07-31
Itbility Pty Ltd,Industry - On-Hire,2022-05-20,2027-05-19
ITV Studios Australia Pty Ltd,GTS - Established business,2022-07-25,2027-07-24
J.D NORTON & T.D NORTON,Industry - Dairy,2022-05-06,2027-05-05
J.B Poppi & R.C Poppi,Far North Queensland DAMA,2022-03-28,2027-03-27
J.E White & B.P White,Industry - Dairy,2022-07-08,2027-07-07
Japoonvale Golden Bananas Pty Ltd,Far North Queensland DAMA,2022-07-12,2027-07-11
Kagome Foods Australia Pty Ltd,Goulburn Valley DAMA,2022-07-04,2027-07-03
Kakadu Tourism (Gch) Pty Limited,Northern Territory DAMA,2022-03-30,2027-03-29
Kalik.Co Pty Ltd,Far North Queensland DAMA,2022-03-17,2027-03-16
Karma Darwin Pty Ltd,Northern Territory DAMA,2022-07-12,2027-07-11
Kelly Warburton,Northern Territory DAMA,2022-06-28,2027-06-27
Kinross Farm Services Pty Ltd,Company Specific,2022-05-23,2027-05-22
Korean Central Presbyterian Church,Industry - Minister of Religion,2022-07-04,2027-07-03
Lewis Lewis Properties Pty Ltd,Goldfields DAMA,2022-06-20,2027-06-19
LJM Produce Pty Ltd,Industry - Horticulture,2022-07-05,2027-07-04
MAF International,Northern Territory DAMA,2022-03-15,2027-03-14
Maranatha House,Orana DAMA,2022-04-08,2027-04-07
Matthew James Grant,Great South Coast DAMA,2022-07-28,2027-07-27
Midfield Meat International Pty Ltd,Great South Coast DAMA,2022-04-08,2027-04-07
Midfield Meat International Pty Ltd,Industry - Meat,2022-04-08,2027-04-07
Millwood Holdings Pty Ltd,Industry - Horticulture,2021-11-26,2026-11-25
Mitchelson Fisheries Pty Ltd,Industry - Fishing,2022-06-23,2027-06-22
MLG Oz Limited,Goldfields DAMA,2022-07-29,2027-07-28
Mondelez Australia Pty Ltd,GTS - Established business,2022-07-29,2027-07-28
National Community Care Pty Ltd,Company Specific,2022-07-11,2027-07-10
Nine Entertainment Co Pty Ltd,Skilled Refugee Pilot,2022-04-06,2027-04-05
Nourish Banana Co Pty Ltd,Far North Queensland DAMA,2022-04-20,2027-04-19
O.B. South Pty Ltd,Industry – Premium Dining,2022-06-21,2027-06-20
Otto Sydney Pty Ltd,Industry – Premium Dining,2022-05-31,2027-05-30
Patane Produce (WA) Pty Ltd,Industry - Horticulture,2022-04-01,2027-03-31
Pavoni Plus Pty Ltd,Industry – Premium Dining,2022-05-25,2027-05-24
Peninsula Downs Pty Ltd,Industry - Dairy,2022-05-17,2027-05-16
Petit Early Learning Journey Pty Ltd,Far North Queensland DAMA,2022-04-22,2027-04-21
Piacentini & Son Pty Ltd,South West DAMA,2022-07-25,2027-07-24
PJ's Concrete Pumping Pty Ltd,Goulburn Valley DAMA,2022-05-31,2027-05-30
Playmates Cottage Childcare Centre Dubbo Inc,Orana DAMA,2022-03-17,2027-03-16
Presbyterian Church of Australia in the State of New South Wales Parish of Concord,Industry - Minister of Religion,2022-08-01,2027-07-31
Presbyterian Church Of Eastern Australia Ulverstone Congregation,Industry - Minister of Religion,2021-10-14,2026-10-13
Prime Catch Pty Ltd,Industry - Fishing,2022-07-05,2027-07-04
Prosperity Services Pty Ltd,Skilled Refugee Pilot,2022-07-07,2027-07-06
R.M. Williams Proprietary Limited,South Australia Regional DAMA,2022-05-31,2027-05-30
Rajvinder Kaur Thind,Northern Territory DAMA,2022-03-28,2027-03-27
Red Rock Drilling Pty Ltd,Goldfields DAMA,2022-05-16,2027-05-15
Remick Pty Ltd,Far North Queensland DAMA,2022-04-07,2027-04-06
Rivalea (Australia) Pty Ltd,Industry - Meat,2021-12-09,2026-12-08
Royal Bank Of Canada,GTS - Established business,2022-03-28,2027-03-27
Royal Freemasons' Benevolent Institution,Company Specific,2022-07-26,2027-07-25
Royalty Scope Pty Ltd,Company Specific,2022-04-04,2027-04-03
Rugby Employment Pty Ltd,Industry - Horticulture,2021-10-01,2026-09-30
S. Ledgar & A. Heath Pty Ltd,Far North Queensland DAMA,2022-04-07,2027-04-06
SA Mushrooms Pty Ltd,South Australia Regional DAMA,2022-04-20,2027-04-19
Saint Thomas Syrian Orthodox Benevolent Association,Industry - Minister of Religion,2022-06-23,2027-06-22
Salini Australia Pty Ltd,GTS - Established business,2022-05-19,2027-05-18
Sapphire Coast Community Aged Care Ltd,Company Specific,2022-05-18,2027-05-17
Scallywags Childcare Centre Palmerston Incorporated,Northern Territory DAMA,2022-03-28,2027-03-27
Seaford Distributors Pty Ltd,South Australia Regional DAMA,2022-04-27,2027-04-26
Seiko Australia Pty Ltd,Company Specific,2022-06-06,2027-06-05
Shefa Dental Care Pty Ltd,Skilled Refugee Pilot,2022-07-13,2027-07-12
SKL Executive Pty Ltd,Industry - On-Hire,2022-07-05,2027-07-04
SMS Contracting Pty Ltd,Company Specific,2022-03-23,2027-03-22
St. John's German Lutheran Parish Springvale Inc.,Industry - Minister of Religion,2022-06-15,2027-06-14
"Stephen, Nicola Therese",Skilled Refugee Pilot,2022-05-02,2027-05-01
Summer Honey Pty Ltd,Industry – Premium Dining,2022-07-19,2027-07-18
Suntel Communications Pty Ltd,Northern Territory DAMA,2022-04-08,2027-04-07
Sutton Employment Pty Ltd,Industry - Horticulture,2022-06-09,2027-06-08
SWICKER'S KINGAROY BACON FACTORY PTY.LTD.,Industry - Meat,2022-04-12,2027-04-11
Sydney Jesus Baptist Church,Industry - Minister of Religion,2022-05-17,2027-05-16
Sydney Onnuri Church Incorporated,Industry - Minister of Religion,2022-05-24,2027-05-23
TBWA Melbourne Pty Ltd,Industry - Advertising,2022-06-20,2027-06-19
TGT Pty Ltd,Industry - Horticulture,2022-04-19,2027-04-18
The Dynamic Engineering Solution Pty Ltd,South Australia Regional DAMA,2022-03-29,2027-03-28
The Essington School Darwin,Northern Territory DAMA,2022-05-13,2027-05-12
The Monkeys Pty Limited,Industry - Advertising,2022-06-24,2027-06-23
The Raikot Group Pty Ltd,Northern Territory DAMA,2022-04-14,2027-04-13
The Trustee for Rai Family Trust,Industry - Horticulture,2022-07-25,2027-07-24
The Trustee for Ryan Meat Trust,Industry - Meat,2022-03-18,2027-03-17
The Trustee for The Woolwash Trust,South Australia Regional DAMA,2022-08-01,2027-07-31
The Trustee for Tye Farming Trust,Far North Queensland DAMA,2022-05-13,2027-05-12
The Wesleyan Methodist Church of Australia,Industry - Minister of Religion,2022-06-22,2027-06-21
Thind Family Pty Ltd,Industry - Dairy,2022-03-17,2027-03-16
Tippings Transport Pty Ltd,Orana DAMA,2022-07-13,2027-07-12
Topdrill Pty Ltd,Company Specific,2022-03-17,2027-03-16
Toren Fishing and Trading Pty Ltd,Northern Territory DAMA,2023-06-08,2028-06-07
Total Livestock Genetics Victoria Pty Ltd,Great South Coast DAMA,2022-06-29,2027-06-28
Tropic Coast Farming Pty Ltd,Far North Queensland DAMA,2022-04-21,2027-04-20
Uniting Church Australia Sydney Cheil Church,Industry - Minister of Religion,2022-06-01,2027-05-31
Vmware Australia Pty Ltd,GTS - Established business,2021-10-14,2026-10-13
Voag Pty Ltd,Company Specific,2022-05-25,2027-05-24
Wade Business Enterprises Pty Ltd,Great South Coast DAMA,2022-05-27,2027-05-26
Wagstaff Cranbourne Pty Ltd,Industry - Meat,2022-03-24,2027-03-23
Warakirri 2 Pty Ltd,Goldfields DAMA,2022-04-27,2027-04-26
Warrina Innisfail,Far North Queensland DAMA,2022-05-16,2027-05-15
Welcome Street Church Incorporated,Industry - Minister of Religion,2022-06-16,2027-06-15
Windridge Farms Pty Limited,Industry - Pork,2022-04-08,2027-04-07
Your Nursing Agency Pty Ltd,Industry - On-Hire,2022-05-31,2027-05-30
Yuki In The Hills Pty Ltd,South Australia Regional DAMA,2022-05-16,2027-05-15
Zerella Holdings Pty Ltd,South Australia Regional DAMA,2022-02-04,2027-02-03
Riverbend Employment Services Pty Ltd,Industry - Pork,2022-05-05,2027-05-04
A T & B Middlebrook Pty Ltd,Industry - Dairy,2022-11-08,2027-11-07
A.L SEE KEE & F SEE KEE & R.S SEE KEE,Far North Queensland DAMA,2022-11-17,2027-11-16
A.P. ROWETT & S.B. ROWETT,South Australia Regional DAMA,2022-08-05,2027-08-04
A.W. STEICKE & SONS PTY. LIMITED,Industry - Horticulture,2022-02-03,2027-02-02
AAG Labour Services Pty Ltd,Industry - Dairy,2022-08-04,2027-08-03
ABC Hotels Pty Ltd,Company Specific,2022-12-02,2027-12-01
AECOR ENTERPRISES PTY LTD,Northern Territory DAMA,2022-12-13,2027-12-12
Aegis Aged Care Group Pty Ltd,South West DAMA,2023-01-03,2028-01-02
ALEXANDER DOWNS WHOLESALE PTY LIMITED,Industry - Meat,2022-10-27,2027-10-26
All Saints Estate Pty Limited,Industry – Premium Dining,2022-08-09,2027-08-08
ALUMINIUM SPECIALTIES GROUP PTY LTD,Company Specific,2022-10-06,2027-10-05
Always Care Services Pty Ltd,South Australia Regional DAMA,2022-11-10,2027-11-09
AMANA LIVING INCORPORATED,Goldfields DAMA,2022-10-13,2027-10-12
ARAKIWA FISHING PTY LTD,Industry - Fishing,2022-09-16,2027-09-15
Arnhemland Pest Control Pty Ltd,Northern Territory DAMA,2022-12-05,2027-12-04
ASPLUM PTY LTD,Northern Territory DAMA,2022-11-24,2027-11-23
AURORA DAIRIES PTY LTD,South Australia Regional DAMA,2023-03-01,2028-02-29
Aussie pride produce pty ltd,Industry - Horticulture,2022-10-04,2027-10-03
AUSTRALIAN BRANDS ALLIANCE PTY LTD,Company Specific,2022-12-19,2027-12-18
AUSTRALIAN FOOD GROUP PTY LTD,Industry - Pork,2021-09-28,2026-09-27
AUSTRALIAN REGIONAL AND REMOTE COMMUNITY SERVICES LIMITED,Northern Territory DAMA,2022-11-29,2027-11-28
AUSTWAY INVESTMENTS PTY LTD,Company Specific,2022-10-27,2027-10-26
Ausvision Meat Processors Pty Ltd,Industry - Meat,2022-09-30,2027-09-29
AUTO & GENERAL HOLDINGS PTY LTD,Skilled Refugee Pilot,2023-01-03,2028-01-02
AUZZIEEYE PTY LTD,East Kimberley DAMA,2022-12-14,2027-12-13
B.P. Kelleher Fishing Services Pty. Ltd.,Industry - Fishing,2022-11-07,2027-11-06
BABATJIE HOLDINGS PTY LTD,Northern Territory DAMA,2022-12-22,2027-12-21
BAIADA FARMS PTY LIMITED,South Australia Regional DAMA,2022-12-15,2027-12-14
Bamboo Creek Farming Pty Ltd,Far North Queensland DAMA,2022-09-15,2027-09-14
Banksia Gardens Association Incorporated,Skilled Refugee Pilot,2022-08-26,2027-08-25
Barlin Pty Ltd T/A Coastal Hydroponics,Industry - Horticulture,2022-10-13,2027-10-12
BARRY K DOBRA; KEVAN M DOBRA AND MAUREEN C DOBRA ATF KBM GARDEN TRUST,Industry - Horticulture,2022-11-18,2027-11-17
BE Campbell Services Pty Ltd,Industry - Meat,2022-07-08,2027-07-07
BE CLEANED GROUP PTY LTD,Skilled Refugee Pilot,2022-11-24,2027-11-23
Benchmark Landscape Group Pty Ltd,Far North Queensland DAMA,2022-12-06,2027-12-05
BERRYSON PTY LTD,Industry - Dairy,2022-11-17,2027-11-16
BET Group Global Pty. Ltd.,South Australia Regional DAMA,2022-11-01,2027-10-31
Beverly Group Pty Ltd,Company Specific,2022-10-12,2027-10-11
BLUFF KNOLL AUTO PTY LTD,Pilbara DAMA,2022-12-14,2027-12-13
Blushing Acres Packing Pty Ltd,Far North Queensland DAMA,2022-10-25,2027-10-24
BMF Advertising Pty Ltd,Industry - Advertising,2022-12-05,2027-12-04
BONACCORD QUALITY PRODUCE CO PTY LTD,Industry - Horticulture,2022-11-21,2027-11-20
BRAITLING NEIGHBOURHOOD CENTRE INC,Northern Territory DAMA,2021-09-08,2026-09-07
Bruce Hartwig Flying School Pty Ltd,South Australia Regional DAMA,2023-01-03,2028-01-02
BULLA MUSHROOMS (AUST) PTY LTD,Industry - Horticulture,2022-09-20,2027-09-19
Burger Urge Pty Ltd,Northern Territory DAMA,2022-10-06,2027-10-05
Busy Bees Australia Employer Pty Ltd,Far North Queensland DAMA,2022-12-08,2027-12-07
Busy Bees Australia Employer Pty Ltd,Goldfields DAMA,2022-11-24,2027-11-23
Bute Times! Pty Ltd,South West DAMA,2022-12-21,2027-12-20
C & R DENTAL PTY LTD,South Australia Regional DAMA,2022-12-06,2027-12-05
C.D MINSON & C.N MINSON,Industry - Dairy,2022-09-05,2027-09-04
Cairns Boatshed Pty Ltd,Far North Queensland DAMA,2022-11-22,2027-11-21
Cairns Property Shop Pty Ltd,Far North Queensland DAMA,2022-11-21,2027-11-20
CAMPASPE SHIRE COUNCIL,Goulburn Valley DAMA,2022-09-29,2027-09-28
CARRIER ELECTRICAL SERVICES (AUST) PTY LTD,Company Specific,2022-12-13,2027-12-12
Carroll Bros Fishing Pty Ltd,Industry - Fishing,2022-11-07,2027-11-06
CHATEAU WOOD PTY LTD,Northern Territory DAMA,2022-08-05,2027-08-04
Childrens Integrated Management Services Ltd,Northern Territory DAMA,2022-10-28,2027-10-27
Chiorino Australia Pty Ltd,Company Specific,2022-12-02,2027-12-01
Ciyu Confucian Culture Association Inc,Industry - Minister of Religion,2022-12-12,2027-12-11
CM Chapman & FA Chapman & Chapman Family Farms Trust,South Australia Regional DAMA,2022-08-11,2027-08-10
Collie Pizza Pty Ltd,South West DAMA,2023-01-03,2028-01-02
Comfresh Pty Ltd,South Australia Regional DAMA,2022-12-13,2027-12-12
Connect Personnel Medical Pty Ltd,Industry - On-Hire,2022-12-05,2027-12-04
Cooinda Terang Inc,Great South Coast DAMA,2022-10-04,2027-10-03
Crystal Gardon Pty Ltd,Far North Queensland DAMA,2022-12-06,2027-12-05
D&M SEAFOODS PTY LTD,Industry - Fishing,2022-10-18,2027-10-17
D.R & J FABBRIS PTY LTD,Industry - Meat,2022-09-21,2027-09-20
Darley Group Pty Ltd,Industry - On-Hire,2022-11-09,2027-11-08
DARREN TROY BISHOP AND MELISSA ANN BISHOP,South Australia Regional DAMA,2022-04-20,2027-04-19
DERBY INDUSTRIES PTY LTD,Industry - Meat,2021-10-28,2026-10-27
DETMOLD AUSTRALIA SALES PTY LTD,South Australia Regional DAMA,2022-10-10,2027-10-09
DICUGIN PTY LTD,Industry – Premium Dining,2022-08-15,2027-08-14
Dorglen Pty Ltd,Industry - Horticulture,2022-08-22,2027-08-21
Duxton Bees Pty Ltd,South Australia Regional DAMA,2022-12-20,2027-12-19
Duxton Viticulture Pty Ltd,Industry - Horticulture,2023-01-03,2028-01-02
EARLY AUTISM SERVICES (AUSTRALIA) PTY LTD,Company Specific,2022-12-01,2027-11-30
Elliminyt Investments Pty Ltd,Great South Coast DAMA,2022-12-22,2027-12-22
Employ me Pty Ltd,Industry - On-Hire,2022-11-09,2027-11-08
Etheridge Shire Council,Far North Queensland DAMA,2022-11-14,2027-11-13
Eurostyle Group Pty Ltd,South Australia Regional DAMA,2022-08-11,2027-08-10
Evolve Talent Pty Ltd,Industry - On-Hire,2022-11-01,2027-10-31
Ewin Early Learning Centre Inc,East Kimberley DAMA,2022-10-10,2027-10-09
Exaudy Care Pty Ltd,Company Specific,2022-10-20,2027-10-19
FADA PTY LTD,Far North Queensland DAMA,2022-12-14,2027-12-13
FAST LABOUR HIRE MELBOURNE PTY LTD,Industry - On-Hire,2022-12-02,2027-12-01
FIRST CHOICE CARE PTY LTD,Industry - On-Hire,2022-10-14,2027-10-13
Five Seasons VI (A) Pty Ltd,Far North Queensland DAMA,2022-09-28,2027-09-27
Forte Marketing Pty Ltd,Far North Queensland DAMA,2022-11-22,2027-11-21
Foxtel Management Pty Limited,Skilled Refugee Pilot,2022-10-24,2027-10-23
FRYDAYS FISH & CHIPPERY PTY LTD,Far North Queensland DAMA,2022-11-03,2027-11-02
GAG RILEY (CAIRNS) BUSINESS COMPANY PTY LTD,Far North Queensland DAMA,2022-12-05,2027-12-04
Galati Nominees Pty Ltd,South West DAMA,2022-10-04,2027-10-03
Garman Nominees Pty Ltd,Pilbara DAMA,2022-12-13,2027-12-12
GENEROCITY CHURCH LIMITED,Industry - Minister of Religion,2023-01-11,2028-01-10
GEOVERT GROUND ENGINEERING PTY LTD,Company Specific,2022-12-15,2027-12-14
GILLEN CLUB INCORPORATED,Northern Territory DAMA,2023-01-03,2028-01-02
GLENARTY ROAD FARMS PTY LTD,South West DAMA,2023-01-05,2028-01-04
Globalscope Brisbane: The Garden Ltd,Industry - Minister of Religion,2022-08-18,2027-08-17
GOLD FIELDS AUSTRALIA PTY LTD,Goldfields DAMA,2022-10-25,2027-10-24
GOOD FORTUNE CAIRNS PTY LTD,Far North Queensland DAMA,2022-09-28,2027-09-27
GOOD THINGS IN LIFE PTY LTD,South West DAMA,2023-01-09,2028-01-08
GOOD TURN SERVICES PTY LTD,Pilbara DAMA,2022-10-04,2027-10-03
GOODSTART EARLY LEARNING LTD,Far North Queensland DAMA,2022-09-08,2027-09-07
GOODSTART EARLY LEARNING LTD,Northern Territory DAMA,2021-09-29,2026-09-28
GOTECH SOLUTIONS PTY LTD,Industry - On-Hire,2022-08-17,2027-08-16
Granite Engineering and Manufacturing Co Pty Ltd,Far North Queensland DAMA,2023-01-04,2028-01-03
GREENHAM TASMANIA PTY LTD,Industry - Meat,2022-09-21,2027-09-20
GUARDIAN COMMUNITY EARLY LEARNING CENTRES PTY LTD,Company Specific,2022-11-17,2027-11-16
GULF ENTERPRISES PTY LTD,Far North Queensland DAMA,2022-12-12,2027-12-11
H A Gill Pty Ltd,Far North Queensland DAMA,2022-11-21,2027-11-20
HALIKOS HOSPITALITY PTY LTD,Northern Territory DAMA,2022-09-16,2027-09-15
Harvest Community Church Perth Inc,Industry - Minister of Religion,2022-12-01,2027-11-30
HATCH PTY LTD,Skilled Refugee Pilot,2022-09-05,2027-09-04
HEH Civil Pty Ltd,Far North Queensland DAMA,2022-11-15,2027-11-14
Hindu Ahlaya Sangam Qld Inc.,Industry - Minister of Religion,2022-10-31,2027-10-30
Hispec Heavy Haulage Pty Ltd,South Australia Regional DAMA,2022-10-24,2027-10-23
HOLIDAY MASSAGE BROOME CO. PTY LTD,Northern Territory DAMA,2022-12-21,2027-12-20
HOSECO (WA) PTY LTD,Northern Territory DAMA,2023-01-04,2028-01-03
Integrity Pty Ltd,Northern Territory DAMA,2022-12-14,2027-12-13
INTERNATIONAL BUDDHIST ASSOC OF WESTERN AUSTRALIA INC,Industry - Minister of Religion,2023-01-03,2028-01-02
J AN R JENKINS PTY LTD,Northern Territory DAMA,2023-01-06,2028-01-05
Jade Dental Laboratory Pty Ltd,Company Specific,2022-11-14,2027-11-13
JMD Operations Pty Ltd,Pilbara DAMA,2022-12-05,2027-12-04
Journey Recruitment Pty Ltd,Industry - On-Hire,2022-09-21,2027-09-20
Kaefer Integrated Services Pty Ltd,Company Specific,2022-08-10,2027-08-09
Kaleden Farms Pty Ltd,Industry - Dairy,2022-09-21,2027-09-20
Kalgoorlie Creche Inc,Goldfields DAMA,2022-10-04,2027-10-03
KEMPE SERVICES PTY LTD,Pilbara DAMA,2022-11-30,2027-11-29
Khmer Buddhist Association of SA Inc,Industry - Minister of Religion,2022-11-28,2027-11-27
KI PROFESSIONALS PTY LTD,Northern Territory DAMA,2022-10-19,2027-10-18
Kilcoy Pastoral Company Limited,Industry - Meat,2022-03-18,2027-03-17
Kimberley Manufacturing Pty Ltd,Skilled Refugee Pilot,2022-12-20,2027-12-19
KOOYONG PTY LTD,Northern Territory DAMA,2022-12-14,2027-12-13
KOREAN CANAAN PRESBYTERIAN CHURCH,Industry - Minister of Religion,2022-11-21,2027-11-20
KR & V McBride & Co Pty Ltd,South Australia Regional DAMA,2022-11-08,2027-11-07
Kylie's International Pty Ltd,Northern Territory DAMA,2022-10-05,2027-10-04
LAKELAND ROADHOUSE,Far North Queensland DAMA,2022-11-04,2027-11-03
LE MARMITON PTY LTD,Industry – Premium Dining,2022-10-27,2027-10-26
LEADWOOD PTY LTD,Far North Queensland DAMA,2022-10-19,2027-10-18
LINDALE PASTORAL COMPANY PTY LTD,Industry - Dairy,2022-11-04,2027-11-03
LUTHERAN CHURCH OF AUSTRALIA INC.,Industry - Minister of Religion,2021-10-08,2026-10-07
MACA Mining Pty Ltd,Company Specific,2022-08-24,2027-08-23
Macleay River Meats,Industry - Meat,2022-10-05,2027-10-04
Magnus Recruitment Solutions Pty Ltd,Industry - On-Hire,2022-11-10,2027-11-09
MAHAMEVNAWA BUDDHIST MONASTERY OF MELBOURNE,Industry - Minister of Religion,2022-11-25,2027-11-24
MANTRA HOSPITALITY ADMIN PTY LTD,Townsville DAMA,2023-07-05,2028-07-04
MARAIS ENTERPRISES PTY LTD,Company Specific,2022-03-21,2027-03-20
MC Peters Pty Ltd,Northern Territory DAMA,2022-12-16,2027-12-15
MCMAHON FAMILY ENTERPRISES PTY LTD,Industry - Pork,2023-01-03,2028-01-02
Mexican Express PTY LTD,South Australia Regional DAMA,2022-09-09,2027-09-08
MHS (NT) Pty Ltd,Northern Territory DAMA,2022-11-11,2027-11-10
Mika.Two Pty Ltd,Far North Queensland DAMA,2022-10-05,2027-10-04
Mike Ball Dive Expeditions Pty. Limited,Far North Queensland DAMA,2022-11-30,2027-11-29
MILC NOMINEES PTY LTD ATF JESSOP FAMILY TRUST,Pilbara DAMA,2022-12-21,2027-12-20
MILLVILLE CHILDCARE CENTRE PTY LTD,Great South Coast DAMA,2022-10-27,2027-10-26
Millwood Holdings Pty Ltd,South West DAMA,2022-08-05,2027-08-04
Minghui Education Pty Ltd,Company Specific,2022-10-18,2027-10-17
Mofo Fishing Pty Ltd,Industry - Fishing,2022-09-09,2027-09-08
MONK AG SERVICES PTY LTD,Great South Coast DAMA,2022-11-27,2027-11-26
MT BOOTHBY PASTORAL CO PTY LIMITED,South Australia Regional DAMA,2022-01-31,2027-01-30
MU DE CULTURAL AND EDUCATIONAL FOUNDATION INC,Industry - Minister of Religion,2022-08-03,2027-08-02
MY GUARDIAN GROUP PTY. LTD.,Company Specific,2022-12-13,2027-12-12
N& N De Palma Pty Ltd,Industry - Horticulture,2022-10-25,2027-10-24
NICKANDDAN PTY LTD,Orana DAMA,2022-10-19,2027-10-18
NORDENT PTY LTD & T TRAN,Northern Territory DAMA,2022-09-29,2027-09-28
North West Constructions Pty Ltd,Northern Territory DAMA,2022-11-27,2027-11-26
Northbridge IT Recruitment Pty Ltd,Industry - On-Hire,2022-11-08,2027-11-07
Northern Projects Pty Ltd,Skilled Refugee Pilot,2022-11-17,2027-11-16
Northside Healthcare Pty Ltd,Company Specific,2022-11-18,2027-11-17
Nottus FNQ PTY LTD,Far North Queensland DAMA,2022-11-17,2027-11-16
Novus Logistics Pty Ltd,Far North Queensland DAMA,2022-09-01,2027-08-31
Ochre Catering Pty Ltd,Far North Queensland DAMA,2022-09-15,2027-09-14
ONE TREE COMMUNITY SERVICES INC,Pilbara DAMA,2022-11-22,2027-11-21
ONE TREE COMMUNITY SERVICES INC,Company Specific,2022-12-02,2027-12-01
ONICAP PTY LTD AND PURPLE GROVE PTY LTD,Company Specific,2022-08-03,2027-08-02
OS ACPM Pty Ltd,Company Specific,2022-11-23,2027-11-22
P. & N. Blumann,Goldfields DAMA,2022-10-05,2027-10-04
P. COSTI & SONS (SA) PTY LTD,South Australia Regional DAMA,2022-09-05,2027-09-04
PADDY'S (CAIRNS) PTY LTD,Far North Queensland DAMA,2022-11-24,2027-11-23
PALM FRONT ENTERPRISE PTY LTD,Far North Queensland DAMA,2022-12-06,2027-12-05
"PATANE, CARLO LEONARD",South West DAMA,2022-11-01,2027-10-31
Phoenix Nights International Pty Ltd,South West DAMA,2022-12-08,2027-12-07
Pinata Farms,Industry - Horticulture,2022-11-24,2027-11-23
PINZONE BROTHERS PTY LTD,Industry - Fishing,2022-11-15,2027-11-14
PITCHFORD PRODUCE PTY LTD,South Australia Regional DAMA,2022-08-05,2027-08-04
Plaza Wellbeing Centre Pty Ltd,Northern Territory DAMA,2022-12-21,2027-12-20
PROMPT CONTRACTING & FENCING PTY LTD,Pilbara DAMA,2022-12-21,2027-12-20
PSYCHE EUDAIMONIA PTY LTD,Townsville DAMA,2022-11-23,2027-11-22
PTM Pilbara Traffic Management Pty Ltd,Pilbara DAMA,2022-12-21,2027-12-20
PTRG Accounting Pty Ltd,Townsville DAMA,2022-12-20,2027-12-19
QRA PTY LIMITED ATF THE QUAY UNIT TRUST,Industry – Premium Dining,2022-11-04,2027-11-03
QUANG NHAT DO PTY LTD & DASHOCK PTY LTD,South West DAMA,2022-12-21,2027-12-20
QUEENSLAND VENUE CO. PTY LTD,Far North Queensland DAMA,2022-08-12,2027-08-11
R. E & P. R MCCLYMONT,Far North Queensland DAMA,2022-11-22,2027-11-21
"REGAN, LILIBETH",Northern Territory DAMA,2023-01-04,2028-01-03
RENDE-DU-VIETNAM PTY LTD,Far North Queensland DAMA,2022-10-05,2027-10-04
RIO TINTO ALUMINIUM LIMITED,Far North Queensland DAMA,2022-10-28,2027-10-27
RIVER BLEU PTY LTD,Northern Territory DAMA,2022-11-17,2027-11-16
RIVERVIEW CHURCH INCORPORATED,Industry - Minister of Religion,2022-11-30,2027-11-29
Rock Ridge Farming Pty Ltd,Far North Queensland DAMA,2022-09-27,2027-09-26
Rose Nowers Early Learning Centre Inc,Pilbara DAMA,2022-10-31,2027-10-30
RUC CEMENTATION MINING CONTRACTORS PTY LTD,Goldfields DAMA,2022-11-28,2027-11-27
SALT HOUSE PTY LTD,Far North Queensland DAMA,2022-11-09,2027-11-08
SAMOAN INDEPENDENT SEVENTH DAY ADVENTIST CHURCH WESTERN SYDNEY DIVISION INCORPORATED,Industry - Minister of Religion,2022-11-30,2027-11-29
SAVING RAINS PTY LTD,Industry - Horticulture,2022-11-09,2027-11-08
SC and CA Timms Pastoral PTY LTD - ATF - SC and CA Timms Pastoral Trust,Great South Coast DAMA,2022-08-05,2027-08-04
Seafresh Holdings Pty Ltd,Industry - Fishing,2022-10-25,2027-10-24
SERCO AUSTRALIA PTY LIMITED,Industry - On-Hire,2022-09-21,2027-09-20
SEVENTH-DAY ADVENTIST CHURCH (VICTORIAN CONFERENCE) LIMITED,Industry - Minister of Religion,2022-12-20,2027-12-19
Sheree Star Seafood Pty Ltd,Industry - Fishing,2022-09-29,2027-09-28
SHIRE OF DARDANUP,South West DAMA,2022-11-29,2027-11-28
Shire of Ravensthorpe,Goldfields DAMA,2022-12-22,2027-12-21
SILKY OAKS LODGE PTY LTD,Far North Queensland DAMA,2022-08-04,2027-08-03
SILVINIA PTY LTD,Far North Queensland DAMA,2022-08-24,2027-08-23
SKVV Pty Ltd,South West DAMA,2023-01-04,2028-01-03
Slainte Mhath (QLD) PTY LTD,Far North Queensland DAMA,2022-10-25,2027-10-24
Southern Presbyterian Church Launceston,Industry - Minister of Religion,2022-11-29,2027-11-28
SRG GLOBAL MINING (AUSTRALIA) PTY LTD,Goldfields DAMA,2022-02-10,2027-02-09
Star Consolidated Holdings Pty Ltd,Townsville DAMA,2023-01-09,2028-01-08
Sterling NT Pty Ltd,Northern Territory DAMA,2022-11-29,2027-11-28
STEWART GROUP (WA) PTY LTD,Goldfields DAMA,2023-01-10,2028-01-09
Strawberry Colour Pty Ltd,Skilled Refugee Pilot,2022-08-29,2027-08-28
Styx River Farm Pty ltd,Industry - Dairy,2022-09-13,2027-09-12
Sunnyside House Inc,Great South Coast DAMA,2022-10-10,2027-10-09
SUPREME ISLAMIC COUNCIL OF HALAL MEAT IN AUSTRALIA INC (SICHMA),Company Specific,2022-11-21,2027-11-20
T BENNING & N BENNING,Industry - Horticulture,2022-11-14,2027-11-13
T.T. Nguyen & A.Vu,South West DAMA,2022-11-21,2027-11-20
TABLEW PTY LTD as Trustee for the Lewthwaite Family Trust,Townsville DAMA,2022-10-14,2027-10-13
TAGSFOE PTY LTD,Pilbara DAMA,2022-11-24,2027-11-23
TAK OPERATIONS PTY LTD,Far North Queensland DAMA,2022-11-17,2027-11-16
TANKAL PTY LTD,Far North Queensland DAMA,2022-10-06,2027-10-05
Techforce Personnel Pty Limited,Industry - On-Hire,2022-08-22,2027-08-21
TERRACE COURT PTY LTD,Pilbara DAMA,2022-12-07,2027-12-06
Terroir Investments Pty Ltd,South West DAMA,2022-11-02,2027-11-01
TEYS AUSTRALIA NARACOORTE PTY LTD,Industry - Meat,2023-05-08,2028-05-07
The Boston Consulting Group Pty Ltd,Skilled Refugee Pilot,2022-10-14,2027-10-13
"The Department of Families, Fairness and Housing",Company Specific,2023-01-11,2028-01-10
THE FRANK WHIDDON MASONIC HOMES OF NEW SOUTH WALES,Company Specific,2022-11-14,2027-11-13
The Migration Agency Pty Ltd,Industry - On-Hire,2022-11-02,2027-11-01
THE TRUSTEE FOR PALACE HOTEL UNIT TRUST,Goldfields DAMA,2022-01-11,2027-01-10
THE TRUSTEE FOR TAN'S FAMILY TRUST,South Australia Regional DAMA,2022-12-05,2027-12-04
THE TRUSTEE FOR THE NOBLE FAMILY TRUST,Industry - Dairy,2022-11-30,2027-11-29
THE TRUSTEE FOR THE TAYASH TRUST,Great South Coast DAMA,2022-08-11,2027-08-10
The Union Pastoral Co Pty Ltd,Great South Coast DAMA,2023-03-14,2028-03-13
THE UNITING CHURCH IN AUSTRALIA PROPERTY TRUST (Q.),Industry - Minister of Religion,2021-10-08,2026-10-07
THE YOUNG MEN'S CHRISTIAN ASSOCIATION OF WESTERN AUSTRALIA INCORPORATED,Pilbara DAMA,2023-03-21,2028-03-20
THI THUY GIANG NGUYEN AND CHI TRUNG NGUYEN,South West DAMA,2022-11-30,2027-11-29
TINY TOWN EARLY LEARNING CENTRE PTY LTD,Northern Territory DAMA,2022-10-14,2027-10-13
TL PANEL WORKS PTY LTD,Northern Territory DAMA,2022-11-30,2027-11-29
Total Air Pollution Control Pty. Ltd.,Company Specific,2022-09-28,2027-09-27
TRINITY GENERAL PRACTITIONERS PTY LTD,Far North Queensland DAMA,2022-08-29,2027-08-28
TRIPOD SERVICES PTY LTD,Industry - Horticulture,2022-07-04,2027-07-03
TYRE AND AUTO PTY LTD,Far North Queensland DAMA,2022-11-17,2027-11-16
Uniting Church Homes,East Kimberley DAMA,2022-12-21,2027-12-20
VASSE BAKERY PTY LTD,South West DAMA,2022-11-21,2027-11-20
VIETNAMESE CHRISTIAN CHURCH (BRISBANE),Industry - Minister of Religion,2022-11-30,2027-11-29
VINODKUMAR PANGULURI,Far North Queensland DAMA,2022-11-22,2027-11-21
VR AND KM RODWELL ATFT RODWELL FAMILY TRUS,Industry - Dairy,2022-11-03,2027-11-02
VT AP Pty Ltd,South Australia Regional DAMA,2022-12-05,2027-12-04
WAITARERE PTY LTD,Far North Queensland DAMA,2022-10-14,2027-10-13
WESFARMERS CHEMICALS ENERGY & FERTILISERS LIMITED,Skilled Refugee Pilot,2022-11-01,2027-10-31
West Australian Octopus Pty Ltd,Industry - Fishing,2022-10-31,2027-10-30
Western Australia Police Force,Company Specific,2022-09-13,2027-09-12
WICKED WENDY PTY LTD,Far North Queensland DAMA,2022-09-20,2027-09-19
Withnell Dairying Company Pty Ltd,Great South Coast DAMA,2021-10-19,2026-10-18
WOKS UP TENNANT CREEK PTY LTD,Northern Territory DAMA,2022-11-10,2027-11-09
WPCPR PTY LTD,Industry - Pork,2022-10-04,2027-10-03
Wyoming Dairy Inc,Industry - Dairy,2022-09-28,2027-09-27
YAP ASSOCIATED HOLDINGS PTY LTD,Northern Territory DAMA,2022-11-11,2027-11-10
YARDARM PTY. LIMITED,Far North Queensland DAMA,2022-11-24,2027-11-23
Yorkeys Knob Boating Club INC,Far North Queensland DAMA,2022-11-28,2027-11-27
YOUTH WITH A MISSION SUNSHINE COAST INC,Industry - Minister of Religion,2022-11-23,2027-11-22
"ZANDA, VITALIA",Far North Queensland DAMA,2022-10-24,2027-10-23
Bekaert Deslee (Aust) Pty Ltd,Company Specific,2024-09-16,2029-09-15
Andersons Alfresco Pty Ltd,Far North Queensland DAMA,2024-10-09,2029-10-08
The trustee for The Jo Sommer Family Trust,Far North Queensland DAMA,2024-07-06,2029-07-05
Reliable Nursing Agency Pty Ltd,Industry - Aged Care,2024-10-08,2029-10-07
Tall Timbers Manjimup Pty Ltd,South West DAMA,2024-09-27,2029-09-26
GO SOLAR GROUP PTY. LTD.,Adelaide City Tech and Innovation DAMA,2021-08-11,2026-08-10
THE HOLY SPIRIT ASSOCIATION FOR THE UNIFICATION OF WORLD CHRISTIANITY LTD.,Industry - Minister of Religion,2021-09-02,2026-09-01
ISLAMIC PRACTICE  AND DAWAH CIRCLE INCORPORATED,Industry - Minister of Religion,2021-09-13,2026-09-12
Thomas Foods International Tamworth Pty Limited,Industry - Meat,2021-09-22,2026-09-21
Clough Projects Pty Ltd,Company Specific,2021-11-25,2026-11-24
PERENTI LIMITED,Goldfields DAMA,2021-11-26,2026-11-25
DAPPER & BOSS SHOPS PTY LTD,Northern Territory DAMA,2021-11-29,2026-11-28
THE TRUSTEE FOR AGOSTINO FAMILY TRUST,Company Specific,2021-12-21,2026-12-20
SRG GLOBAL ASSET CARE PTY LTD,Company Specific,2022-01-11,2027-01-10
PROTEN PTY LIMITED,South Australia Regional DAMA,2022-01-12,2027-01-11
SARANAE FOOD PTY LTD,Northern Territory DAMA,2022-01-25,2027-01-24
Romeo's Best Vineyards PTY LTD,Industry - Horticulture,2022-02-08,2027-02-07
REGIONAL EARLY EDUCATION AND DEVELOPMENT INC,Company Specific,2022-02-11,2027-02-10
Foundations for Life Early Learning,Northern Territory DAMA,2022-03-09,2027-03-08
BUILD2GROW PTY LTD ATF THE MICHAEL NIKOLOVSKI INVESTMENT TRUST,Company Specific,2022-04-11,2027-04-10
Dongamere Farming PTY LTD,Industry - Horticulture,2022-04-12,2027-04-11
OAKHAMPTON AG PTY LTD,Great South Coast DAMA,2022-04-13,2027-04-12
JASSAR AND MANESH PTY LTD ATF JASSAR AND MANESH UNIT TRUST,Far North Queensland DAMA,2022-05-16,2027-05-15
TRINITY POINT8 F&B PTY LTD,Industry – Premium Dining,2022-06-09,2027-06-08
PACIFIC CENTER PLANET OF ADVENTURES PTY. LTD.,Skilled Refugee Pilot,2022-06-20,2027-06-19
ARC INFRASTRUCTURE EMPLOYMENT PTY LTD,Company Specific,2022-06-29,2027-06-28
WOODFROG PTY. LTD.,Company Specific,2022-07-11,2027-07-10
OzAurum Resources,Goldfields DAMA,2022-07-14,2027-07-13
RED EARTH FARMS (RIVERLAND) PTY LTD,South Australia Regional DAMA,2022-07-18,2027-07-17
RHG (Aust) Pty Ltd,Industry - Fishing,2022-07-29,2027-07-28
STELLAR CARE PTY LTD,Company Specific,2022-10-13,2027-10-12
3 Metals PTY LTD,Company Specific,2022-11-03,2027-11-02
ESTIA INVESTMENTS PTY. LTD.,South Australia Regional DAMA,2022-11-04,2027-11-03
SPORTSCENE SUPER WAREHOUSE (CAIRNS) PTY LTD AS TRUSTEE ATF SPORTSCENE SUPER WAREHOUSE,Far North Queensland DAMA,2022-11-21,2027-11-20
La Pala,Northern Territory DAMA,2022-11-28,2027-11-27
THE TRUSTEE FOR BARTON FAMILY TRUST,South West DAMA,2022-11-28,2027-11-27
KAMAL DEEP SINGH,Far North Queensland DAMA,2022-11-30,2027-11-29
The Trustee for TU Trust,Far North Queensland DAMA,2022-12-06,2027-12-05
"BROWN, COMFORT ADOOFO",Goldfields DAMA,2022-12-21,2027-12-20
RACEBOLT PTY. LIMITED,Far North Queensland DAMA,2023-01-03,2028-01-02
MOLLKING HOLDINGS PTY LTD,Far North Queensland DAMA,2023-01-12,2028-01-11
RAVENSTHORPE NOMINEES PTY LTD,South West DAMA,2023-01-12,2028-01-11
Gin Ricky Hospitality Pty Ltd,Far North Queensland DAMA,2023-01-13,2028-01-12
"SOUTHERN CROSS CARE (SA, NT & VIC) INCORPORATED",Northern Territory DAMA,2023-01-13,2028-01-12
Macbar Nominees Pty Ltd,South Australia Regional DAMA,2023-01-13,2028-01-12
Richemont Australia Pty Limited,Company Specific,2023-01-16,2028-01-15
Helicopter Film Services Pty Ltd,East Kimberley DAMA,2023-01-16,2028-01-15
KONECRANES AND DEMAG PTY LTD,Goldfields DAMA,2023-01-17,2028-01-16
NATIONAL NURSES PLUS PTY LTD,Industry - On-Hire,2023-01-17,2028-01-16
Far North Community Services Ltd.,East Kimberley DAMA,2023-01-18,2028-01-17
Promotor Trailers Pty Ltd,Northern Territory DAMA,2023-01-18,2028-01-17
Alvinleigh Pty Ltd,Far North Queensland DAMA,2023-01-19,2028-01-18
LLAN INVESTMENTS PTY LTD,Industry - Dairy,2023-01-20,2028-01-19
ZamHedland Pty Ltd,Pilbara DAMA,2023-01-20,2028-01-19
ORD RIVER DISTRICT CO-OPERATIVE LTD,East Kimberley DAMA,2023-01-21,2028-01-20
JTR Trading Pty Ltd,Northern Territory DAMA,2023-01-23,2028-01-22
BOSHIER FARMS (SOUTHWEST VIC) PTY LTD,Great South Coast DAMA,2023-01-24,2028-01-23
PDA HOLDINGS PTY LTD,Industry – Premium Dining,2023-01-25,2028-01-24
Wohlfahrt Chooks PTY LTD,Far North Queensland DAMA,2023-01-27,2028-01-26
WESTRAC PTY LTD,Goldfields DAMA,2023-01-27,2028-01-26
Buddhist Society of the NT INC,Industry - Minister of Religion,2023-01-27,2028-01-26
ANTS PANTS BUILDING CO PTY LTD,Industry - On-Hire,2023-01-27,2028-01-26
Convaline Pty Ltd,Goldfields DAMA,2023-01-30,2028-01-29
J WARREN & R.W WARREN,Industry - Dairy,2023-01-30,2028-01-29
HOPPICORP PTY LTD,Company Specific,2023-01-31,2028-01-30
DALLY LESLIE TEECE,Far North Queensland DAMA,2023-01-31,2028-01-30
Lecker Farming pty Ltd,Far North Queensland DAMA,2023-02-01,2028-01-31
Creese Management Services Pty Ltd,Industry - Horticulture,2023-02-01,2028-01-31
PARADISIS HOLDINGS PTY LTD,Northern Territory DAMA,2023-02-01,2028-01-31
M.P MCKENNA & J.M SHANKS & E.A THOMPSON,Orana DAMA,2023-02-01,2028-01-31
KARRATHA BAKERY PTY LTD,Pilbara DAMA,2023-02-01,2028-01-31
PLATEITFORWARD LTD,Skilled Refugee Pilot,2023-02-01,2028-01-31
Beak and Johnston Pty Ltd,Company Specific,2023-02-02,2028-02-01
HUEKEN PTY LTD,Far North Queensland DAMA,2023-02-02,2028-02-01
Oakumgold Pty Ltd,Far North Queensland DAMA,2023-02-02,2028-02-01
D BORSATO PTY LTD,Far North Queensland DAMA,2023-02-02,2028-02-01
Viridian Ag Pty Ltd,Goldfields DAMA,2023-02-02,2028-02-01
DEGREY CIVIL PTY LTD,Pilbara DAMA,2023-02-02,2028-02-01
Ostojic Group Pty Ltd,Northern Territory DAMA,2023-02-03,2028-02-02
The Adelaide Grace Evangelical Holiness Church Incorporated,Industry - Minister of Religion,2023-02-06,2028-02-05
Community Construction Pty Ltd,Skilled Refugee Pilot,2023-02-06,2028-02-05
CWC AUTO SERVICES PTY LTD,Skilled Refugee Pilot,2023-02-06,2028-02-05
Australian First Construction Group Pty Ltd,Skilled Refugee Pilot,2023-02-06,2028-02-05
DIANA HOLDINGS PTY LTD,South West DAMA,2023-02-06,2028-02-05
ANKA ENTERPRISES PTY LTD,South West DAMA,2023-02-06,2028-02-05
The Trustee for The Roshana Family Trust,Company Specific,2023-02-07,2028-02-06
RFM OS PTY LTD,Industry - On-Hire,2023-02-07,2028-02-06
GPP INNISFAIL PTY LTD,Far North Queensland DAMA,2023-02-08,2028-02-07
TOWNSVILLE PHARMACY NO.3 PTY LTD,Far North Queensland DAMA,2023-02-08,2028-02-07
A.G CHESSELLS & S.G CHESSELLS,Industry - Dairy,2023-02-08,2028-02-07
INTERNATIONAL BUDDHIST ASSOCIATION OF AUSTRALIA CO-OPERATIVE LIMITED,Industry - Minister of Religion,2023-02-08,2028-02-07
MEDIAHUB WORLDWIDE ASIA PACIFIC PTY LIMITED,Industry - Advertising,2023-02-09,2028-02-08
Johville Park Farms Pty Ltd,Industry - Dairy,2023-02-09,2028-02-08
SECURITECH CONSULTANCY SOLUTIONS PTY LTD,Industry - On-Hire,2023-02-09,2028-02-08
Cafe Squared Pty Ltd,Skilled Refugee Pilot,2023-02-09,2028-02-08
APTL Beam Builders Pty Ltd,Skilled Refugee Pilot,2023-02-09,2028-02-08
SpeechEase Pty Ltd,Townsville DAMA,2023-02-09,2028-02-08
Calypso Productions Pty Ltd,Far North Queensland DAMA,2023-02-10,2028-02-09
Te Mania Angus Pty Ltd,Great South Coast DAMA,2023-02-10,2028-02-09
DDD LAVALLE FISHERIES PTY LTD,Industry - Fishing,2023-02-10,2028-02-09
MAAS GROUP HOLDINGS LIMITED,Orana DAMA,2023-02-10,2028-02-09
CONTITECH AUSTRALIA PTY LTD,Company Specific,2023-02-13,2028-02-12
JASSAR & MANESH PTY LTD ATF JASSAR MANESH CONSULTANTS UNIT TRUST,Far North Queensland DAMA,2023-02-13,2028-02-12
NICKEL TO DIME PTY LTD,Far North Queensland DAMA,2023-02-14,2028-02-13
Britespark Energy Solutions Pty Ltd,Far North Queensland DAMA,2023-02-14,2028-02-13
Bella Alice Pty Ltd,Northern Territory DAMA,2023-02-14,2028-02-13
Jo Emanuele Pty Ltd,South Australia Regional DAMA,2023-02-14,2028-02-13
Three Wolves Pty Ltd,Far North Queensland DAMA,2023-02-16,2028-02-15
Pilbara Juice & Smoothy Pty Ltd,Pilbara DAMA,2023-02-16,2028-02-15
The Trustee for V L Garic Discretionary Trust,South West DAMA,2023-02-16,2028-02-15
JASON STERLING AND ELIZA STERLING,Far North Queensland DAMA,2023-02-17,2028-02-16
FREO GROUP PTY LTD,Pilbara DAMA,2023-02-17,2028-02-16
M.R.V.L. Investments Pty Ltd,Company Specific,2023-02-20,2028-02-19
Lingalonga Early Years Learning Centre Inc,Goldfields DAMA,2023-02-20,2028-02-19
M.R.V.L. Investments Pty Ltd,Industry – Premium Dining,2023-02-20,2028-02-19
Murray River North Pty Ltd,Northern Territory DAMA,2023-02-20,2028-02-19
Hedland Bakery Pty Ltd,Pilbara DAMA,2023-02-20,2028-02-19
D.T NOY & M.J NOY,Great South Coast DAMA,2023-02-21,2028-02-20
S.C FINGER & L.A Finger,Industry - Dairy,2023-02-21,2028-02-20
Joga Fisheries Pty Ltd,Industry - Fishing,2023-02-21,2028-02-20
B&W INTERNATIONAL TRADING PTY LTD,Northern Territory DAMA,2023-02-21,2028-02-20
Swings & Roundabouts Pty Ltd,South West DAMA,2023-02-21,2028-02-20
Invermay Farms Pty Ltd,Industry - Dairy,2023-02-22,2028-02-21
Bulmer Farms Pty Ltd,Industry - Horticulture,2023-02-22,2028-02-21
A.P SCHMIDT & P.A. SCHMIDT & P.J SCHMIDT,Industry - Pork,2023-02-22,2028-02-21
AUSDRILL PTY LTD,Goldfields DAMA,2023-02-23,2028-02-22
VOYAGER ESTATE (W.A.) PTY LTD,South West DAMA,2023-02-23,2028-02-22
Treloar Child Care Centre Inc.,Pilbara DAMA,2023-02-24,2028-02-23
Kununurra Hair & Beauty Retreat Pty Ltd,East Kimberley DAMA,2023-02-27,2028-02-26
Mattben Pty Ltd,Northern Territory DAMA,2023-02-28,2028-02-27
BEAU TRADING PTY LTD,Townsville DAMA,2023-03-01,2028-02-28
BARAMA INVESTMENTS PTY LTD,Far North Queensland DAMA,2023-03-02,2028-03-01
N&J WA JUICE AND SMOOTHIES PTY LTD,Pilbara DAMA,2023-03-02,2028-03-01
Champion Impex Pty Ltd,Northern Territory DAMA,2023-03-06,2028-03-05
LVANT MECCA PTY LTD,Orana DAMA,2023-03-06,2028-03-05
WALTERS PHARMACY PTY LTD & MALTAM PHARMACY PTY LTD,Far North Queensland DAMA,2023-03-07,2028-03-06
APE Cars MGMT Pty Ltd,Northern Territory DAMA,2023-03-07,2028-03-06
OPERA SERVICES PTY LIMITED,Skilled Refugee Pilot,2023-03-07,2028-03-06
VIMOKKHARAM FOREST HERMITAGE INC,Industry - Minister of Religion,2023-03-08,2028-03-07
VEHICLE REPAIRHUB PTY LIMITED,Company Specific,2023-03-09,2028-03-08
VAWDREY AUSTRALIA PTY LTD,Company Specific,2023-03-09,2028-03-08
C DWYER & T.M DWYER,Industry - Dairy,2023-03-09,2028-03-08
THE LUCAS GROUP SERVICES PTY LTD,Industry – Premium Dining,2023-03-09,2028-03-08
MIND BODY AND SOUL THERAPIES AUSTRALIA PTY LTD,Northern Territory DAMA,2023-03-09,2028-03-08
Kimberley Air Maintenance Pty Ltd,East Kimberley DAMA,2023-03-10,2028-03-09
Local Glass Company Pty Ltd,Far North Queensland DAMA,2023-03-10,2028-03-09
B & J CITY KITCHEN PTY LTD,Company Specific,2023-03-13,2028-03-12
Velocity Global Australia Pty Ltd,Skilled Refugee Pilot,2023-03-13,2028-03-12
Novita Services,South Australia Regional DAMA,2023-03-13,2028-03-12
B.J SANFORD & I.P SANFORD & SANFORD PASTORAL PTY LTD,Goldfields DAMA,2023-03-14,2028-03-13
VLI Pty Limited,Goldfields DAMA,2023-03-14,2028-03-13
CLAUDARAH PTY LTD,Industry - Fishing,2023-03-15,2028-03-14
AMPERSAND ESTATES PTY LTD,Industry - Horticulture,2023-03-15,2028-03-14
DUSTINS INVESTMENTS PTY LTD,Northern Territory DAMA,2023-03-15,2028-03-14
RURAL DEVELOPMENTS PTY LTD,South West DAMA,2023-03-15,2028-03-14
THE TRUSTEE FOR ARTEMIS AGRICULTURE TRUST & THE TRUSTEE FOR THE BARRADALE FARM UNIT TRUST,East Kimberley DAMA,2023-03-16,2028-03-15
EM Dental Pty Ltd,Northern Territory DAMA,2023-03-16,2028-03-15
Global Fruit Protection Pty Ltd,Far North Queensland DAMA,2023-03-17,2028-03-16
PASWOOD PTY LTD,Far North Queensland DAMA,2023-03-20,2028-03-19
Temp Accounting and Admin Pty Ltd,Far North Queensland DAMA,2023-03-21,2028-03-20
HOMEPLACE LIVING SUPPORTS INCORPORATED,South Australia Regional DAMA,2023-03-21,2028-03-20
Gourmand China on Abbott Pty Ltd,Far North Queensland DAMA,2023-03-22,2028-03-21
CUCKOO VALLEY PTY LTD,Industry - Meat,2023-03-22,2028-03-21
MIKHLEE PTY LTD,Northern Territory DAMA,2023-03-22,2028-03-21
HILCI AUSTRALIA PTY LTD,Northern Territory DAMA,2023-03-22,2028-03-21
QUBE HOLDINGS LIMITED,South Australia Regional DAMA,2023-03-22,2028-03-21
Three Friends Fishing Company Pty Ltd,Industry - Fishing,2023-03-23,2028-03-22
Trinsand Fisheries Pty Ltd,Industry - Fishing,2023-03-23,2028-03-22
Chislett Farms Pty Ltd,Industry - Horticulture,2023-03-23,2028-03-22
GARDEN CITY INDEPENDENT BAPTISTS PTY LTD,Industry - Minister of Religion,2023-03-23,2028-03-22
Kennedy Valley Bananas Pty Ltd,Far North Queensland DAMA,2023-03-24,2028-03-23
LOCKHART RIVER ABORIGINAL COUNCIL,Far North Queensland DAMA,2023-03-24,2028-03-23
PICWN PTY LTD,Great South Coast DAMA,2023-03-24,2028-03-23
O'Connor Wooltech Pty Ltd,Skilled Refugee Pilot,2023-03-24,2028-03-23
DIXIE PARK PTY LTD,Industry - Dairy,2023-03-27,2028-03-26
D.M & P.C WHITE,Industry - Horticulture,2023-03-28,2028-03-27
WYNDHAM VACATION CLUBS SOUTH PACIFIC LTD,South West DAMA,2023-03-28,2028-03-27
J.P. Hampson Investments Pty Ltd,Far North Queensland DAMA,2023-03-29,2028-03-28
GWR SHEARING & AG GROUP PTY LTD,Great South Coast DAMA,2023-03-29,2028-03-28
HVSTn MANAGEMENT PTY LTD,Northern Territory DAMA,2023-03-29,2028-03-28
WH & GL MARTEL PTY LTD ATF WH & GL MARTEL TRUST FUND,Orana DAMA,2023-03-29,2028-03-28
CARTA AND CO. PTY. LTD.,Townsville DAMA,2023-03-29,2028-03-28
AUSTREECON PTY LTD ATF LJ GAMBLE FAMILY TRUST,Industry - Horticulture,2023-03-30,2028-03-29
Michael's Seafood Pty Ltd,Industry - Fishing,2023-03-31,2028-03-30
GRAPELAND PTY LTD,Industry - Horticulture,2023-03-31,2028-03-30
Thomas Foods International Bourke Pty Ltd,Industry - Meat,2023-03-31,2028-03-30
Q Labour Solutions Pty Ltd,Industry - On-Hire,2023-03-31,2028-03-30
Townbrook Motels Pty Ltd,Great South Coast DAMA,2023-04-03,2028-04-02
H.U VOGEL & S.S VOGEL,Great South Coast DAMA,2023-04-03,2028-04-02
Campsey Ash Farms Pty Ltd,Industry - Horticulture,2023-04-03,2028-04-02
U DON'T NEED A NEW ROOF PTY LTD,Far North Queensland DAMA,2023-04-04,2028-04-03
J & F Lazzara & Sons Pty Ltd,Industry - Horticulture,2023-04-04,2028-04-03
Thomas Foods International Murray Bridge Pty Ltd,Industry - Meat,2023-04-04,2028-04-03
NT 7 INSTA GROUP PTY LTD,Northern Territory DAMA,2023-04-04,2028-04-03
GOFORCE ENTERPRISE PTY LTD,Northern Territory DAMA,2023-04-04,2028-04-03
B.E.E. Centre Pty Ltd,South West DAMA,2023-04-04,2028-04-03
C N DUGUE & R B RUSSELL,Far North Queensland DAMA,2023-04-05,2028-04-04
KYKNOS PTY LTD & K TALIMANIDIS & P.M TALIMANIDIS,Industry – Premium Dining,2023-04-05,2028-04-04
ROSE LANDSCAPE SERVICES PTY LTD,Industry - Horticulture,2023-04-05,2028-04-04
Holemob Pty Ltd,East Kimberley DAMA,2023-04-06,2028-04-05
GRAY AUSTRALIA PTY LTD,East Kimberley DAMA,2023-04-06,2028-04-05
MANNA NT PTY LTD,Northern Territory DAMA,2023-04-06,2028-04-05
TECH LIFE GROUP PTY LTD,Northern Territory DAMA,2023-04-06,2028-04-05
ARC Disability Services Inc,Far North Queensland DAMA,2023-04-12,2028-04-11
MERVYN M & BONITA J KOCH,Industry - Dairy,2023-04-12,2028-04-11
REDGOLD PTY. LTD.,Industry - Horticulture,2023-04-12,2028-04-11
DHAMMADHARA BUDDHIST INCORPORATED,Industry - Minister of Religion,2023-04-12,2028-04-11
WELLS FARGO INTERNATIONAL FINANCE (Australia) Pty Ltd,GTS - Established business,2023-04-13,2028-04-12
WILHELMSEN PORT SERVICES (AUSTRALIA) PTY LTD,Northern Territory DAMA,2023-04-13,2028-04-12
The Mount Gambier Child Care Centre Inc,South Australia Regional DAMA,2023-04-13,2028-04-12
JOHN DEE WARWICK PTY. LTD.,Industry - Meat,2023-04-14,2028-04-13
BUDDHIST COMMUNITY GEELONG INCORPORATED,Industry - Minister of Religion,2023-04-14,2028-04-13
FL Pools Pty Ltd,Northern Territory DAMA,2023-04-14,2028-04-13
Jemmil Pty Ltd,Pilbara DAMA,2023-04-14,2028-04-13
ZAMSLADE PTY LTD,South Australia Regional DAMA,2023-04-14,2028-04-13
S.L. FRAZER ENTERPRISES PTY LTD,Industry – Premium Dining,2023-04-17,2028-04-16
Mark Brown Enterprises Pty Ltd,Industry - Fishing,2023-04-18,2028-04-17
SOUTHERN DISTRICTS ISLAMIC INSTITUTION BUILDING FOUNDATION LIMITED,Industry - Minister of Religion,2023-04-18,2028-04-17
GALAXY LITHIUM AUSTRALIA PTY LTD,Goldfields DAMA,2023-04-19,2028-04-18
S J Beaumont Investment Pty Ltd,Great South Coast DAMA,2023-04-19,2028-04-18
Klumin Fencing Pty Ltd,Northern Territory DAMA,2023-04-19,2028-04-18
G W & K M FORBES,Industry - Dairy,2023-04-20,2028-04-19
HINDU ASSOCIATION OF WESTERN AUSTRALIA INC,Industry - Minister of Religion,2023-04-20,2028-04-19
K.KAMITSIS & J.STUCKERT NOMINEES PTY LTD,Northern Territory DAMA,2023-04-20,2028-04-19
PATLEX PTY LTD ATF LOCKE FAMILY TRUST,Far North Queensland DAMA,2023-04-21,2028-04-20
Megalosaurus Pty Ltd,Goldfields DAMA,2023-04-24,2028-04-23
A & J NEWNHAM PTY LTD,Industry - Dairy,2023-04-24,2028-04-23
COONMOOR PASTORAL COMPANY PTY LTD,Industry - Dairy,2023-04-24,2028-04-23
HUNTER MECHANICAL PTY LTD,Pilbara DAMA,2023-04-27,2028-04-26
AUSTRALIAN PORTABLE CAMPS SERVICES PTY LTD,South Australia Regional DAMA,2023-04-27,2028-04-26
BLUE LIGHTING PTY LTD,Industry - Dairy,2023-04-28,2028-04-27
JS & KJ MacAulay,Industry - Dairy,2023-05-01,2028-04-30
AUSTRALIAN TUNA FISHERIES PTY LTD,Industry - Fishing,2023-05-01,2028-04-30
R & M UPSTON PTY LTD,Industry - Pork,2023-05-01,2028-04-30
GAG Flynn (Cairns) Business Company Pty Ltd,Far North Queensland DAMA,2023-05-02,2028-05-01
Lane Transport Pty Ltd,Great South Coast DAMA,2023-05-02,2028-05-01
PILBARA CLEANING & GARDENING SERVICES,Pilbara DAMA,2023-05-02,2028-05-01
RAY VILLAGE AGED SERVICES INC,South West DAMA,2023-05-02,2028-05-01
G8 EDUCATION LIMITED,Far North Queensland DAMA,2023-05-04,2028-05-03
M.T GIUMELLI & P.D GIUMELLI & S.D GIUMELLI,Industry - Dairy,2023-05-04,2028-05-03
Chalkwest Pty Ltd,Pilbara DAMA,2023-05-04,2028-05-03
SHEARN INVESTMENTS PTY LTD,Northern Territory DAMA,2023-05-05,2028-05-04
THE TRUSTEE FOR JUMIAM TRUST & THE TRUSTEE FOR THE DUGIES FAMILY TRUST,Northern Territory DAMA,2023-05-05,2028-05-04
JAMS MUIRHEAD PTY LTD,Northern Territory DAMA,2023-05-08,2028-05-07
SZPAK FAMILY TRUST,South Australia Regional DAMA,2023-05-08,2028-05-07
FLAVORITE HYDROPONIC TOMATOES PTY LTD,Industry - Horticulture,2023-05-09,2028-05-08
WA Chip & Pulp Co. Pty Ltd,South West DAMA,2023-05-09,2028-05-08
Northern Protective Services Pty. Ltd,East Kimberley DAMA,2023-05-11,2028-05-10
AGFO PTY LTD ATF THE KANE CROOT TRUST & THE LON CROOT TRADING TRUST,East Kimberley DAMA,2023-05-11,2028-05-10
Krisha Jeet Pty Ltd,Pilbara DAMA,2023-05-11,2028-05-10
D Tharle and J Tharle,Industry - Dairy,2023-05-12,2028-05-11
MAYBANK DAIRY PTY LTD,Industry - Dairy,2023-05-12,2028-05-11
4Kitchens Pty Ltd,Northern Territory DAMA,2023-05-12,2028-05-11
PRIME INDUSTRIAL PRODUCTS PTY LTD,South West DAMA,2023-05-12,2028-05-11
Russell River Packing Pty Ltd,Far North Queensland DAMA,2023-05-15,2028-05-14
Michael J & Moeris E Grima,Far North Queensland DAMA,2023-05-15,2028-05-14
Tou's Garden Pty Ltd,Northern Territory DAMA,2023-05-15,2028-05-14
Lunn Industries Pty Ltd,Skilled Refugee Pilot,2023-05-15,2028-05-14
Bissen Pty Ltd,South Australia Regional DAMA,2023-05-16,2028-05-15
Voyager Australia Pty Ltd,Far North Queensland DAMA,2023-05-18,2028-05-17
MARK AND KAYLENE WALPOLE PTY LTD,Industry - Dairy,2023-05-18,2028-05-17
A.C Green & J.R Green,Industry - Pork,2023-05-18,2028-05-17
Fox and Gordon Pty Ltd,Pilbara DAMA,2023-05-18,2028-05-17
BRAZIER MOTTI PTY LTD,Townsville DAMA,2023-05-18,2028-05-17
HPS Qld pty ltd,Far North Queensland DAMA,2023-05-19,2028-05-18
NIRAMAYA MANAGEMENT PTY LTD,Far North Queensland DAMA,2023-05-19,2028-05-18
Shire of Leonora,Goldfields DAMA,2023-05-19,2028-05-18
VIRIDIS AG SERVICES PTY LIMITED,Goldfields DAMA,2023-05-19,2028-05-18
Dolan Civil Pty Ltd,Northern Territory DAMA,2023-05-19,2028-05-18
Murujuga Aboriginal Corporation,Pilbara DAMA,2023-05-19,2028-05-18
ATJ AUSTRALIA PTY LTD,South Australia Regional DAMA,2023-05-19,2028-05-18
Henstock Technologies Pty Ltd,Skilled Refugee Pilot,2023-05-22,2028-05-21
R.G. & R.T.Trott Pty. Ltd.,South Australia Regional DAMA,2023-05-23,2028-05-22
H2GROW PTY LTD,Industry - Horticulture,2023-05-24,2028-05-23
"Schwarz, Carl Louis",Skilled Refugee Pilot,2023-05-24,2028-05-23
Kimberley Accommodation (East) Pty Ltd,East Kimberley DAMA,2023-05-25,2028-05-24
Ord River Distillery Pty Ltd,East Kimberley DAMA,2023-05-25,2028-05-24
Far North Hotels Pty Ltd,Far North Queensland DAMA,2023-05-25,2028-05-24
Croydon Cafe Pty Ltd,Far North Queensland DAMA,2023-05-25,2028-05-24
Flegler Group Pty Ltd,Far North Queensland DAMA,2023-05-25,2028-05-24
BILLEXI PTY LTD,Great South Coast DAMA,2023-05-25,2028-05-24
LADY BAY MOTORS PTY LTD,Great South Coast DAMA,2023-05-25,2028-05-24
RUM JUNGLE MEAT EXPORTS PTY LTD,Northern Territory DAMA,2023-05-25,2028-05-24
PETER ALLAN MCIVER,Northern Territory DAMA,2023-05-25,2028-05-24
Tren Trading Pty Ltd,Orana DAMA,2023-05-25,2028-05-24
BC Cartage Pty Ltd,Townsville DAMA,2023-05-25,2028-05-24
THE TRUSTEE FOR THE M & M FAMILY TRUST,South West DAMA,2023-05-26,2028-05-25
CROCODILE COOMBES PTY LTD,Northern Territory DAMA,2023-05-29,2028-05-28
GARV VANSH PTY LTD,Northern Territory DAMA,2023-05-30,2028-05-29
Titeline Drilling Pty Ltd,Northern Territory DAMA,2023-05-30,2028-05-29
Marlin Darwin Pty Ltd ATF The Hotel Darwin Unit Trust,Northern Territory DAMA,2023-05-30,2028-05-29
BALMAIN NB CORPORATION LIMITED,Skilled Refugee Pilot,2023-05-30,2028-05-29
Ericks and Fredericks International Consulting Pty Ltd,Far North Queensland DAMA,2023-05-31,2028-05-30
ACCIONA CONSTRUCTION AUSTRALIA PTY LTD,GTS - Established business,2023-05-31,2028-05-30
FEWSTONE PTY LTD,Northern Territory DAMA,2023-05-31,2028-05-30
CAPRICORNIA HOLDINGS NT PTY LTD,Northern Territory DAMA,2023-05-31,2028-05-30
REDFOREST HOLDINGS PTY LTD,South West DAMA,2023-05-31,2028-05-30
12TH EDGE PTY LTD,Townsville DAMA,2023-05-31,2028-05-30
LIFE CHRISTIAN CENTRE INC,Industry - Minister of Religion,2023-06-01,2028-05-31
STORYWATER PTY LTD,Far North Queensland DAMA,2023-06-02,2028-06-01
THE KALOS PRESBYTERIAN CHURCH INC,Industry - Minister of Religion,2023-06-02,2028-06-01
Chartair Pty Ltd,Northern Territory DAMA,2023-06-02,2028-06-01
MTR Goup Qld Pty Ltd,Far North Queensland DAMA,2023-06-05,2028-06-04
ELMBANKS HOLSTEINS PTY LTD,Great South Coast DAMA,2023-06-05,2028-06-04
Edelmanian Enterprises Pty Ltd,Northern Territory DAMA,2023-06-05,2028-06-04
We Fix IT (NT) Pty Ltd,Northern Territory DAMA,2023-06-05,2028-06-04
TT'S FAMILY PTY LTD,South Australia Regional DAMA,2023-06-05,2028-06-04
POTTINGER TRUFFLES AUSTRALIA PTY LTD (WA),South West DAMA,2023-06-05,2028-06-04
AUSTRALASIAN GROUNDWATER AND ENVIRONMENTAL CONSULTANTS PTY LTD,Townsville DAMA,2023-06-05,2028-06-04
Tasmanian Berries Pty Ltd,Industry - Horticulture,2023-06-06,2028-06-05
BENDULLA PTY. LTD.,South Australia Regional DAMA,2023-06-06,2028-06-05
L&R Collins Pty Ltd,Far North Queensland DAMA,2023-06-07,2028-06-06
CLEAR PATHWAY PTY LTD,Far North Queensland DAMA,2023-06-07,2028-06-06
PARKINSON SHAREFARMING PTY LTD,Great South Coast DAMA,2023-06-07,2028-06-06
AJ & VK Hibberson,Industry - Dairy,2023-06-07,2028-06-06
Ms Minnie Pty Ltd,Northern Territory DAMA,2023-06-07,2028-06-06
JNG INVESTMENTS PTY. LTD.,South West DAMA,2023-06-07,2028-06-06
MITCHELL STREET CHILD CARE CENTRE INC,Northern Territory DAMA,2023-06-08,2028-06-07
The Trustee for B W WILSON PRACTICE TRUST,South Australia Regional DAMA,2023-06-08,2028-06-07
Cleppy Pty,South West DAMA,2023-06-08,2028-06-07
TOWNSVILLE LOGISTICS PTY LTD,Townsville DAMA,2023-06-08,2028-06-07
TALIA FARMS PTY LTD,Industry - Horticulture,2023-06-09,2028-06-08
MEATS R US PTY LTD,Industry - Meat,2023-06-09,2028-06-08
TRANS TERRITORY FOODS PTY LTD,Northern Territory DAMA,2023-06-09,2028-06-08
KPMG AUSTRALIAN SERVICES PTY LTD,Skilled Refugee Pilot,2023-06-09,2028-06-08
THOMAS RICHARD PALTRIDGE,Skilled Refugee Pilot,2023-06-09,2028-06-08
Seed Producers Aust Pty Ltd,East Kimberley DAMA,2023-06-13,2028-06-12
THE TRUSTEE FOR THE SHANNON FAMILY TRUST,Far North Queensland DAMA,2023-06-13,2028-06-12
MYBUILD SOLUTIONS PTY LTD,Far North Queensland DAMA,2023-06-13,2028-06-12
MA & RE Gale,Great South Coast DAMA,2023-06-13,2028-06-12
Ranchway Pty Ltd,Industry - Dairy,2023-06-13,2028-06-12
Australia Bumkin International Pty Ltd,Industry - Meat,2023-06-13,2028-06-12
Ochre Support Services Pty Ltd,Northern Territory DAMA,2023-06-13,2028-06-12
PILBARA BAKEHOUSE PTY LTD,Pilbara DAMA,2023-06-13,2028-06-12
Everest Contracting Pty Ltd,Skilled Refugee Pilot,2023-06-13,2028-06-12
CHATKAZZ (SA) PTY LTD,South Australia Regional DAMA,2023-06-13,2028-06-12
Mitolo group Pty Ltd,South Australia Regional DAMA,2023-06-13,2028-06-12
Cazalys Cairns Ltd,Far North Queensland DAMA,2023-06-14,2028-06-13
Laundy Hotels Pty Ltd,Orana DAMA,2023-06-14,2028-06-13
QUINDANNING PTY. LIMITED,South Australia Regional DAMA,2023-06-14,2028-06-13
M & R Reitano & Sons,Far North Queensland DAMA,2023-06-15,2028-06-14
M.J HOLM & J WHEELER,Industry - Dairy,2023-06-15,2028-06-14
Monarchical Pty Ltd,Northern Territory DAMA,2023-06-15,2028-06-14
RIDDOCH TRADING PTY LTD,South Australia Regional DAMA,2023-06-15,2028-06-14
VIVA MUTUAL FOUNDATION LIMITED,South Australia Regional DAMA,2023-06-15,2028-06-14
Cutts Transport Pty Ltd,South West DAMA,2023-06-15,2028-06-14
Aviair Pty Ltd,East Kimberley DAMA,2023-06-16,2028-06-15
HEATHCORP PTY LTD,Far North Queensland DAMA,2023-06-16,2028-06-15
"TRAN, MINH AS TRUSTEE FOR PHO VIET DISCRETIONARY TRUST",Far North Queensland DAMA,2023-06-16,2028-06-15
Cutting Cart Pty Ltd,Industry - Meat,2023-06-16,2028-06-15
Rath Trading PTY LTD,Far North Queensland DAMA,2023-06-19,2028-06-18
RED BERET QLD PTY LTD,Far North Queensland DAMA,2023-06-19,2028-06-18
ROSEMOUNT DAIRY PTY LTD,Industry - Dairy,2023-06-19,2028-06-18
KEEP MOVING PTY LTD,Northern Territory DAMA,2023-06-19,2028-06-18
DD Tyre & Auto Pty Ltd,Orana DAMA,2023-06-19,2028-06-18
M&J HEALTH PTY. LTD.,South Australia Regional DAMA,2023-06-19,2028-06-18
LEEANNE NORMA TOZER AS TRUSTEE FOR MISSION FNQ TRUST,Far North Queensland DAMA,2023-06-20,2028-06-19
KOYUGA DOWNS PASTORAL CO. PTY. LTD.,Industry - Dairy,2023-06-20,2028-06-19
MINERVA FOODS AUSTRALIA PTY LTD,Industry - Meat,2023-06-20,2028-06-19
Thamarrurr Development Corporation Limited,Northern Territory DAMA,2023-06-20,2028-06-19
THEATRE SAFE AUSTRALIA PTY LTD,Company Specific,2023-06-21,2028-06-20
THE MEXICAN - PORT DOUGLAS,Far North Queensland DAMA,2023-06-21,2028-06-20
TODD RIVER PASTORAL COMPANY,Northern Territory DAMA,2023-06-21,2028-06-20
CMS NO 2 PTY LTD,Pilbara DAMA,2023-06-21,2028-06-20
H10 Engineering Pty Ltd,Skilled Refugee Pilot,2023-06-21,2028-06-20
ESP Project Group Pty Ltd,Skilled Refugee Pilot,2023-06-21,2028-06-20
YOSHIAN PTY LTD,Far North Queensland DAMA,2023-06-22,2028-06-21
JJ & BL Evans,Industry - Dairy,2023-06-22,2028-06-21
K & C CHAPMAN PTY LTD,Industry - Dairy,2023-06-22,2028-06-21
MAFL PTY LTD,Industry - Meat,2023-06-22,2028-06-21
FEI LI AND CHUN YANG,Far North Queensland DAMA,2023-06-23,2028-06-22
OK GIFT SHOP (AUST) PTY LTD,Far North Queensland DAMA,2023-06-23,2028-06-22
Wafex Pty Ltd,Industry - Horticulture,2023-06-23,2028-06-22
C D & B A NATALE PTY LTD,Industry - Horticulture,2023-06-23,2028-06-22
Unique Foot Clinic Pty Ltd,Skilled Refugee Pilot,2023-06-23,2028-06-22
GAZZOLA FARMS PTY LTD,Industry - Horticulture,2023-06-26,2028-06-25
PERROTTA'S AT THE GALLERY PTY. LTD.,Far North Queensland DAMA,2023-06-27,2028-06-26
ASAKURA PTY LTD,Far North Queensland DAMA,2023-06-27,2028-06-26
Orana Gardens Ltd,Orana DAMA,2023-06-27,2028-06-26
THE TRUSTEE FOR NATURES ACADEMY DUBBO UNIT TRUST,Orana DAMA,2023-06-27,2028-06-26
Tropic Spirit Catering Pty Ltd,Far North Queensland DAMA,2023-06-28,2028-06-27
ALLARO HOMES CAIRNS PTY LTD,Far North Queensland DAMA,2023-06-28,2028-06-27
R.G.M. MAINTENANCE PTY LTD,Northern Territory DAMA,2023-06-28,2028-06-27
AIRCREW LOGISTICS PTY LTD,Northern Territory DAMA,2023-06-28,2028-06-27
Neuro-Rehab At Home Pty Ltd,Skilled Refugee Pilot,2023-06-28,2028-06-27
Experience Co Admin QLD Pty Ltd,Far North Queensland DAMA,2023-06-29,2028-06-28
Central Australian Aboriginal Congress Aboriginal Corporation,Northern Territory DAMA,2023-06-29,2028-06-28
Adjana Enterprise Pty Ltd,Northern Territory DAMA,2023-06-29,2028-06-28
CLINICAL LABORATORIES PTY LTD,Skilled Refugee Pilot,2023-06-29,2028-06-28
Quicksilver Connections Limited,Far North Queensland DAMA,2023-06-30,2028-06-29
CROSSMAGLEN PASTORAL COMPANY PTY LTD,Industry - Dairy,2023-06-30,2028-06-29
Fleming's Nurseries Qld Pty Ltd,Industry - Horticulture,2023-06-30,2028-06-29
CORPORATION OF THE DIOCESAN SYNOD OF NORTH QUEENSLAND,Industry - Minister of Religion,2023-06-30,2028-06-29
Hourani Enterprises Pty Ltd,Skilled Refugee Pilot,2023-06-30,2028-06-29
Trevi Australia Pty Ltd,Company Specific,2023-07-03,2028-07-02
Vexelpop Pty Ltd,Far North Queensland DAMA,2023-07-03,2028-07-02
THE TRUSTEE FOR THE CAIRNS BED & BAR UNIT TRUST ATF CAIRNS BED AND BAR PTY LTD,Far North Queensland DAMA,2023-07-03,2028-07-02
SHEPWOK DOWNS,Goldfields DAMA,2023-07-03,2028-07-02
UNITED AIR CONDITIONING AND MECHANICAL SERVICES PTY LTD,Northern Territory DAMA,2023-07-03,2028-07-02
The Blue Rabbit Pty Ltd,Northern Territory DAMA,2023-07-03,2028-07-02
VCT MULTIMEDIA PTY. LTD.,Skilled Refugee Pilot,2023-07-03,2028-07-02
MULTI PASSS PTY LTD,Skilled Refugee Pilot,2023-07-03,2028-07-02
ANGLICAN CARE,Skilled Refugee Pilot,2023-07-03,2028-07-02
Sanctuary Contract Recruitment Pty Ltd,Industry - On-Hire,2023-07-04,2028-07-03
Complete Pty Ltd,Pilbara DAMA,2023-07-04,2028-07-03
Garrett Hospitality Regional Hotels Pty Ltd,Pilbara DAMA,2023-07-04,2028-07-03
AEROTRANS AUSTRALIA PTY. LTD.,Skilled Refugee Pilot,2023-07-04,2028-07-03
MIDWEST BEEF PROCESSORS PTY LTD,Industry - Meat,2023-07-05,2028-07-04
HOLY TRINITY SERBIAN ORTHODOX CHURCH EAST BRUNSWICK,Industry - Minister of Religion,2023-07-05,2028-07-04
S & C GIARDINA PTY LTD,Northern Territory DAMA,2023-07-05,2028-07-04
ASPEN LIVING VILLAGES PTY LTD,Pilbara DAMA,2023-07-05,2028-07-04
"Lockheed Martin Global, Inc",Company Specific,2023-07-06,2028-07-05
Versa-Tile Specialists Pty Ltd,Skilled Refugee Pilot,2023-07-06,2028-07-05
Cisarua Learning Limited,Skilled Refugee Pilot,2023-07-06,2028-07-05
Kieser Therapy Pty Ltd,Skilled Refugee Pilot,2023-07-06,2028-07-05
BJ & RM COUCH PTY. LTD.,Great South Coast DAMA,2023-07-07,2028-07-06
KOPI EMPIRE PTY LTD,Northern Territory DAMA,2023-07-07,2028-07-06
Ramana Group Pty Ltd,Far North Queensland DAMA,2023-07-10,2028-07-09
Ovbiagele PTY Ltd,Goldfields DAMA,2023-07-10,2028-07-09
WESTERN AUSTRALIAN MEAT MARKETING CO-OPERATIVE LIMITED,Industry - Meat,2023-07-10,2028-07-09
SHIRDI SAI SANSTHAN MELBOURNE INC,Industry - Minister of Religion,2023-07-10,2028-07-09
MIKE EXCAVATIONS PTY. LTD.,Northern Territory DAMA,2023-07-10,2028-07-09
Bridgestone Australia Ltd.,Northern Territory DAMA,2023-07-10,2028-07-09
INSIGHT EARLY LEARNING SOUTHLAKES PTY LTD,Orana DAMA,2023-07-10,2028-07-09
Man Cave Workwear Australia Pty Ltd,Far North Queensland DAMA,2023-07-10,2028-07-09
JARVOR TRADING PTY LTD,Northern Territory DAMA,2023-07-11,2028-07-10
HB BLOCKS PTY. LTD.,Northern Territory DAMA,2023-07-11,2028-07-10
H B CONCRETE PTY LTD,Northern Territory DAMA,2023-07-11,2028-07-10
Gameking Australia Pty Ltd,Skilled Refugee Pilot,2023-07-11,2028-07-10
TWISTED PTY LTD,South West DAMA,2023-07-11,2028-07-10
WEST POINT FARMING PTY LTD,Goldfields DAMA,2023-07-12,2028-07-11
Alpha Joinery Pty Ltd,Northern Territory DAMA,2023-07-12,2028-07-11
Sloaney PTY LTD,Northern Territory DAMA,2023-07-12,2028-07-11
SHIVGEETA PTY. LTD,Orana DAMA,2023-07-12,2028-07-11
TIMBER CREEK PRODUCE PTY LTD,South Australia Regional DAMA,2023-07-12,2028-07-11
FLORENCE PARK PTY. LTD.,Industry - Dairy,2023-07-13,2028-07-12
A.R LAVALLE & C LAVALLE,Industry - Fishing,2023-07-13,2028-07-12
Struan Trading Pty Ltd,Great South Coast DAMA,2023-07-14,2028-07-13
Close Solutions Pty Ltd,Skilled Refugee Pilot,2023-07-14,2028-07-13
Health-i-Physio Pty Ltd,Skilled Refugee Pilot,2023-07-14,2028-07-13
B & R ENTERPRISES FNQ PTY LTD,Far North Queensland DAMA,2023-07-17,2028-07-16
Halikos Services Pty Ltd,Northern Territory DAMA,2023-07-17,2028-07-16
Eqbali Construction Pty Ltd,Skilled Refugee Pilot,2023-07-17,2028-07-16
EnPointe Fencing Pty Ltd,Skilled Refugee Pilot,2023-07-17,2028-07-16
BLUE LIGHTING PTY LTD,Great South Coast DAMA,2023-07-18,2028-07-17
TI HORTICULTURAL SUPPLIES PTY LTD,Industry - Horticulture,2023-07-19,2028-07-18
Greenwood Family Trust and The Trustee for The Newman Family Trust,Far North Queensland DAMA,2023-07-20,2028-07-19
Alanvale Dairy Pty Ltd,Great South Coast DAMA,2023-07-21,2028-07-20
DARRA MEAT PTY LTD,Industry - Meat,2023-07-21,2028-07-20
"BGM Associates Pty., Ltd.",South Australia Regional DAMA,2023-07-21,2028-07-20
Green Light Contractors Pty Ltd,Company Specific,2023-07-24,2028-07-23
THE HAD GROUP PTY LTD,Great South Coast DAMA,2023-07-24,2028-07-23
FRONTIER MIGRATION SOLUTIONS PTY LTD,Northern Territory DAMA,2023-07-24,2028-07-23
E-P-G SOLUTIONS PTY LTD,Northern Territory DAMA,2023-07-24,2028-07-23
Raw Hire Pty Ltd,Pilbara DAMA,2023-07-24,2028-07-23
Global Tradesearch Recruitment Pty Ltd,South Australia Regional DAMA,2023-07-24,2028-07-23
ISANDHU WA PTY LTD,South West DAMA,2023-07-24,2028-07-23
EDEN CORPORATION PTY LTD,South West DAMA,2023-07-24,2028-07-23
HMJ ZHENG PTY LTD,Great South Coast DAMA,2023-07-25,2028-07-24
EMU RUN TOURS PTY LTD,Northern Territory DAMA,2023-07-25,2028-07-24
Hicks Transport Group,Goulburn Valley DAMA,2023-02-28,2028-02-27
MCF Australia Pty Ltd,Goulburn Valley DAMA,2023-03-29,2028-03-28
CURTIN HERITAGE LIVING INC.,Industry - Aged Care,2023-05-03,2028-05-02
TLC AGED CARE PTY LTD,Industry - Aged Care,2023-06-09,2028-06-08
UNITING (NSW.ACT),Industry - Aged Care,2023-06-13,2028-06-12
SE NATIONAL PTY LTD,Goulburn Valley DAMA,2023-06-26,2028-06-25
GATTUSO TRANSPORT PTY. LTD.,Goulburn Valley DAMA,2023-06-29,2028-06-28
FREMANTLE ITALIAN AGED PERSONS SERVICES ASSOCIATION INC,Industry - Aged Care,2023-06-29,2028-06-28
Panaghia Myrtidiotissa Limited,Industry - Aged Care,2023-07-19,2028-07-18
P. & A. VIGLIATURO ORCHARDS PTY LTD,Goulburn Valley DAMA,2023-07-25,2028-07-24
Mantra Hospitality Admin Pty Ltd,Far North Queensland DAMA,2022-09-28,2027-09-27
Islamic Society of Gold Coast Incoporated,Industry - Minister of Religion,2022-08-01,2027-07-31
BET Group Global Pty. Ltd.,Adelaide City Tech and Innovation DAMA,2022-10-26,2027-10-25
Quick Steps School of Dance Pty Ltd,Adelaide City Tech and Innovation DAMA,2022-03-15,2027-03-14
The Union Pastoral Co Pty Ltd,Industry - Dairy,2022-11-23,2027-11-22
The Young Men's Christian Association of Western Australia Incorporated,Goldfields DAMA,2022-12-21,2027-12-20
Toren Fishing and Trading Pty Ltd,Industry - Fishing,2022-05-18,2027-05-17
World Changers Church-Gold Coast,Industry - Minister of Religion,2023-01-13,2028-01-12
Lavalle Fisheries Pty Ltd,Industry - Fishing,2023-06-29,2028-06-28
Just Group Limited,Company Specific,2023-07-24,2028-07-23
Canva Pty Ltd,Company Specific,2023-02-16,2028-02-15
Culture Amp Pty Ltd,Skilled Refugee Pilot,2023-03-23,2028-03-22
FABAL Vineyards Pty Ltd,South West DAMA,2024-09-10,2029-09-09
Department of Health Qld,GTS - Established business,2023-03-29,2028-03-28
J & J Daly Pty Ltd,Far North Queensland DAMA,2023-07-28,2028-07-27
L Apap Farming Pty Ltd,Far North Queensland DAMA,2023-07-28,2028-07-27
A SQUARE EVENTS PTY LTD,Goulburn Valley DAMA,2023-07-28,2028-07-27
SEVEN POINT PORK PTY LTD,Industry - Meat,2023-07-28,2028-07-27
"LUCEY, SHANE",South Australia Regional DAMA,2023-07-28,2028-07-27
VICTORIAN INSTITUTE OF FORENSIC MENTAL HEALTH,Company Specific,2023-07-31,2028-07-30
Improvision Design Pty Ltd,Skilled Refugee Pilot,2023-07-31,2028-07-30
Paul Papagelou,Far North Queensland DAMA,2023-08-01,2028-07-31
GJ AUSTRALIAN BANANAS PTY LTD,Far North Queensland DAMA,2023-08-01,2028-07-31
SHANDY NQ PTY LTD,Far North Queensland DAMA,2023-08-01,2028-07-31
Blue Aurora Pty Ltd,Far North Queensland DAMA,2023-08-01,2028-07-31
Alice Choice Caterers Pty Ltd,Northern Territory DAMA,2023-08-01,2028-07-31
BG Hotels (Darwin) Pty Ltd,Northern Territory DAMA,2023-08-01,2028-07-31
TIWI ENTERPRISES LTD,Northern Territory DAMA,2023-08-01,2028-07-31
Bora Group Pty Ltd,South Australia Regional DAMA,2023-08-01,2028-07-31
WHITE ROSE COLLISION PTY LTD,South West DAMA,2023-08-01,2028-07-31
Wongaburra Society,Industry - Aged Care,2023-08-02,2028-08-01
Warrigal Care,Industry - Aged Care,2023-08-02,2028-08-01
DELOITTE SERVICES PTY LTD,Skilled Refugee Pilot,2023-08-02,2028-08-01
SOWILO EIGHT PTY LTD,Skilled Refugee Pilot,2023-08-02,2028-08-01
Goulburn Valley Health,Goulburn Valley DAMA,2023-08-03,2028-08-02
SUN METALS CORPORATION PTY LTD,Townsville DAMA,2023-08-03,2028-08-02
Goterra Pty Ltd,Company Specific,2023-08-07,2028-08-06
Job Capital Pty Ltd,Industry - On-Hire,2023-08-07,2028-08-06
Bohan Holdings (WA) Pty Ltd,Company Specific,2023-08-09,2028-08-08
POLARON LANGUAGE SERVICES PTY LTD,Skilled Refugee Pilot,2023-08-09,2028-08-08
Regis Aged Care Pty Ltd,Far North Queensland DAMA,2023-08-10,2028-08-09
HUNGRY JACK'S PTY LTD,Far North Queensland DAMA,2023-08-10,2028-08-09
M.R.V.L. Investments Pty Ltd,GTS - Established business,2023-08-10,2028-08-09
DARWIN INTERNATIONAL HOTELS PTY LTD,Northern Territory DAMA,2023-08-10,2028-08-09
M & P HANLON INVESTMENTS PTY LTD,Company Specific,2023-08-11,2028-08-10
QUBE HOLDINGS LIMITED,Goldfields DAMA,2023-08-11,2028-08-10
FT Farming Management Pty Ltd,Industry - Horticulture,2023-09-13,2028-09-12
3D Thai Pty Ltd,South Australia Regional DAMA,2023-08-11,2028-08-10
QUBE HOLDINGS LIMITED,South West DAMA,2023-08-11,2028-08-10
Repscott Pty Ltd,South West DAMA,2023-08-11,2028-08-10
KATUNGA FRESH TRADING PTY LTD,Goulburn Valley DAMA,2023-08-14,2028-08-13
RIPPLES AT CHOWDER BAY PTY LTD,Industry – Premium Dining,2023-08-14,2028-08-13
THE MEAT AND WINE CO (MELBOURNE) PTY LIMITED,Industry – Premium Dining,2023-08-14,2028-08-13
Elmwood Holdings Pty Ltd ATF McGowan Brothers Family Trust,Industry - Fishing,2023-08-14,2028-08-13
Boundary Bend Olives Pty Ltd,Industry - Horticulture,2023-08-14,2028-08-13
Australian Meat Group Pty Ltd,Industry - Meat,2023-08-14,2028-08-13
YALLINGUP BREWING COMPANY PTY LTD,South West DAMA,2023-08-14,2028-08-13
REEF HOUSE RESORT PTY LTD,Far North Queensland DAMA,2023-08-15,2028-08-14
Cozie Homes Pty Ltd,Far North Queensland DAMA,2023-08-15,2028-08-14
AB Autos and Service Centre PTY LTD,Great South Coast DAMA,2023-08-15,2028-08-14
Prime Meat Processors Pty Ltd,Industry - Meat,2023-08-15,2028-08-14
MALLARD NOMINEES PTY. LTD.,Northern Territory DAMA,2023-08-15,2028-08-14
BENTLEY WOOD PTY LTD,Industry - Aged Care,2023-08-16,2028-08-15
THE GIDLEY SYDNEY PTY LTD,Industry – Premium Dining,2023-08-16,2028-08-15
FIRE AND EMBERS PTY LIMITED,Industry – Premium Dining,2023-08-16,2028-08-15
Bistecca Pty Ltd,Industry – Premium Dining,2023-08-16,2028-08-15
VICFISH PTY LTD,Industry - Fishing,2023-08-16,2028-08-15
Belair Ag Pty Ltd,Industry - Horticulture,2023-08-16,2028-08-15
FLAGSTONE FRESH PTY LTD,Industry - Horticulture,2023-08-16,2028-08-15
EDILAN PTY. LTD.,Industry - Pork,2023-08-16,2028-08-15
Cochlear Limited,GTS - Established business,2023-08-17,2028-08-16
EXOTIC NURSERIES & LANDSCAPING PTY LTD,Industry - Horticulture,2023-08-22,2028-08-21
Burlington Berries Pty Ltd,Industry - Horticulture,2023-08-22,2028-08-21
DANKONG PTY LTD,Far North Queensland DAMA,2023-08-23,2028-08-22
DARWIN DYNO TUNING PTY LTD,Northern Territory DAMA,2023-08-23,2028-08-22
Think Commercial Pty Ltd,Far North Queensland DAMA,2023-08-24,2028-08-23
The Fenwick Balmain Pty Ltd,Industry – Premium Dining,2023-08-24,2028-08-23
B Tunnage Fishing Pty Ltd,Industry - Fishing,2023-08-24,2028-08-23
Sydney Tiling Services Pty Ltd,Skilled Refugee Pilot,2023-08-24,2028-08-23
GOODSTART EARLY LEARNING LTD,Townsville DAMA,2023-08-24,2028-08-23
ANDREW CRAIG JENKINS AND CLAIRE ANNE JENKINS,Industry - Dairy,2023-08-25,2028-08-24
BNS Ag Pty Ltd ATF BNS Ag Trust,Industry - Dairy,2023-08-25,2028-08-24
Ogden Pastoral Company Pty Ltd,Orana DAMA,2023-08-25,2028-09-24
J.P. BOURKE & CO PTY LTD,Industry - Dairy,2023-09-01,2028-08-31
WHITEHEAD FARMS,Industry - Dairy,2023-09-01,2028-08-31
C AND E MITCHELL PTY LTD,Industry - Dairy,2023-09-01,2028-08-31
CASUARINA CHILDCARE CENTRE INC,Northern Territory DAMA,2023-09-01,2028-08-31
Q.H. & M. Birt Pty. Ltd.,Pilbara DAMA,2023-09-04,2028-09-03
BG HOTELS (CAIRNS) PTY LTD,Far North Queensland DAMA,2023-09-05,2028-09-04
"BOULTON, ANTHONY JAMES",Industry - Dairy,2023-09-05,2028-09-04
Michael Wohlstadt,Industry - Dairy,2023-09-05,2028-09-04
WAITARERE PTY LTD,Industry - Horticulture,2023-09-05,2028-09-04
Na Roach & Jb Wallace & Walrel Pty Ltd,Industry - Horticulture,2023-09-05,2028-09-04
Adelaide Community Healthcare Alliance Incorporated,South Australia Regional DAMA,2023-09-05,2028-09-04
Qantas Airways Limited,Company Specific,2023-09-07,2028-09-06
ROYAL FREEMASONS' BENEVOLENT INSTITUTION,Industry - Aged Care,2023-09-07,2028-09-06
LYNDOCH LIVING LIMITED,Industry - Aged Care,2023-09-07,2028-09-06
BERNROSA PASTORAL PTY LTD,Industry - Dairy,2023-09-07,2028-09-06
Westland Acres,Industry - Dairy,2023-09-08,2028-09-07
Macalister Milk Pty Ltd,Industry - Dairy,2023-09-08,2028-09-07
BORATTO FARMS PTY LTD,Industry - Horticulture,2023-09-08,2028-09-07
AYERS FARMS PTY LTD,Industry - Horticulture,2023-09-08,2028-09-07
Fresh Produce Group Western Australia Pty Limited,Industry - Horticulture,2023-09-08,2028-09-07
Bedeker Rural Transport Pty Ltd,Great South Coast DAMA,2023-09-11,2028-09-10
Ochre Support Services Pty Ltd,Industry - Aged Care,2023-09-12,2028-09-11
Remote Industries Australia Pty Ltd,Northern Territory DAMA,2023-09-12,2028-09-11
DALY WATERS WAYSIDE INN PTY LTD,Northern Territory DAMA,2023-09-12,2028-09-11
Y & F (DUMPLING) PTY LTD,Northern Territory DAMA,2023-09-12,2028-09-11
Stepping Stones Childcare Centre Dubbo PTY LTD,Orana DAMA,2023-09-12,2028-09-11
NL & SK PTY LTD,South Australia Regional DAMA,2023-09-12,2028-09-11
TenHills Winery Pty Ltd,South West DAMA,2023-09-12,2028-09-11
JJ & TL PEARSE,Industry - Dairy,2023-09-13,2028-09-12
CUSTOMS HOUSE CAFE PTY. LTD.,Industry – Premium Dining,2023-09-13,2028-09-12
Peter and Una Fishing Co. Pty Ltd,Industry - Fishing,2023-09-13,2028-09-12
Brooks Farms Pty Ltd,Industry - Horticulture,2023-09-13,2028-09-12
WULURA FARMS PTY LTD,Industry - Horticulture,2023-09-13,2028-09-12
Bindaree Beef Pty Limited,Industry - Meat,2023-09-13,2028-09-12
DEBEDD INVESTMENTS PTY LTD,South West DAMA,2023-09-13,2028-09-12
Nepean Baptist Church,Industry - Minister of Religion,2023-09-14,2028-09-13
WUPM AUSTRALIA INC,Industry - Minister of Religion,2023-09-14,2028-09-13
G.L WICKHAM & V.M WICKHAM,Industry - Dairy,2023-09-18,2028-09-17
AJ & RP TYLER,Industry - Dairy,2023-09-18,2028-09-17
LOTUS BARANGAROO PTY. LTD.,Industry – Premium Dining,2023-09-18,2028-09-17
Rich River Meat Exports Pty Ltd,Industry - Meat,2023-09-18,2028-09-17
BEMCORP PTY. LTD.,Industry - Meat,2023-09-18,2028-09-17
GURU NANAK CULTURAL SOCIETY OF TOWNSVILLE INCORPORATED,Industry - Minister of Religion,2023-09-18,2028-09-17
Mehmed Halilovic ATF Halilovic Plastering Trust,Skilled Refugee Pilot,2023-09-18,2028-09-17
RLR RESTAURANT PTY LTD,South Australia Regional DAMA,2023-09-18,2028-09-17
ZANARDO NOMINEES PTY LTD & THE ZANARDO GROUP PTY LTD,South Australia Regional DAMA,2023-09-18,2028-09-17
GJ ROWLANDS & KL ROWLANDS,Industry - Dairy,2023-09-19,2028-09-18
Anglican Diocese of Newcastle,Industry - Minister of Religion,2023-09-19,2028-09-18
JAJ Farming Pty Ltd,Far North Queensland DAMA,2023-09-21,2028-09-20
Shila Service Station and Super Market Pty. Ltd.,Orana DAMA,2023-09-21,2028-09-20
Brunning Frisina Family company pty ltd,South West DAMA,2023-09-21,2028-09-20
Annie's Angels Play And Development Centre Pty Ltd,South West DAMA,2023-09-21,2028-09-20
Darren J & Michelle J Berryman,Industry - Dairy,2023-09-22,2028-09-21
Whan & Boxsell Pty Ltd,Industry - Fishing,2023-09-22,2028-09-21
Lachlan Valley Mennonite Church Incorporated,Industry - Minister of Religion,2023-09-22,2028-09-21
Ellie Grace Pty Ltd,Far North Queensland DAMA,2023-09-25,2028-09-24
TFNQ PTY LTD,Far North Queensland DAMA,2023-09-25,2028-09-24
THE TRUSTEE FOR THE BLENNERHASSETT FAMILY TRUST,Far North Queensland DAMA,2023-09-25,2028-09-24
Territory Rent- A-Car Pty. Limited,Northern Territory DAMA,2023-09-25,2028-09-24
Harpil Pty Ltd,Orana DAMA,2023-09-25,2028-09-24
ABBEY BEACH RESORT MANAGEMENT LIMITED,South West DAMA,2023-09-25,2028-09-24
A KAEWWANGSAN & V TIA,Far North Queensland DAMA,2023-09-26,2028-09-25
Entrada Travel Group Pty Ltd,Far North Queensland DAMA,2023-09-26,2028-09-25
Rocky Creek Orchards N.Q. PTY LTD,Far North Queensland DAMA,2023-09-26,2028-09-25
THE ALBANIAN AUSTRALIAN ISLAMIC SOCIETY,Industry - Minister of Religion,2023-09-26,2028-09-25
H2O PTY. LIMITED,Northern Territory DAMA,2023-09-26,2028-09-25
GEN2 GROUP PTY LTD,South Australia Regional DAMA,2023-09-26,2028-09-25
L J & R A BRENNEN,South West DAMA,2023-09-26,2028-09-25
Jhutty & Sahota Pty Ltd,Townsville DAMA,2023-09-26,2028-09-25
R.V MCAVOY & ESTATE OF FJ MCAVOY (PAUL) WILL TRUST & ESTATE OF FJ MCAVOY (MARK) WILL TRUST,Far North Queensland DAMA,2023-09-27,2028-09-26
BROOKS BROTHERS AG PTY LTD,Industry - Dairy,2023-09-27,2028-09-26
Daisho Development Sydney Pty Ltd,Industry – Premium Dining,2023-09-27,2028-09-26
Perth Korean Baptist Church Incorporated,Industry - Minister of Religion,2023-09-27,2028-09-26
Halkitis Bros Pty Ltd,Northern Territory DAMA,2023-09-27,2028-09-26
MASUM NOMINEES PTY LTD,Northern Territory DAMA,2023-09-28,2028-09-27
Patrick Rose Dairies Pty Ltd,Industry - Dairy,2023-09-29,2028-09-28
Erin Jay Fishing Pty Ltd,Industry - Fishing,2023-09-29,2028-09-28
Experience Holdings Group Pty Ltd,Industry - Horticulture,2023-09-29,2028-09-28
Immanuel Farms Pty Ltd atf TJ Newton Family Trust,Industry - Dairy,2023-10-04,2028-10-03
CULL FISHERIES (AUST) PTY LTD,Industry - Fishing,2023-10-04,2028-10-03
Henchman Fishing Company Pty Ltd,Industry - Fishing,2023-10-04,2028-10-03
Wesley Douglas Hurrell and Rita Hurrell,Industry - Dairy,2023-10-05,2028-10-04
Fresh Island Seafood,Industry - Fishing,2023-10-05,2028-10-04
PACK CENTRE NQ PTY LTD,Far North Queensland DAMA,2023-10-06,2028-10-05
"MADANI, KIRAN KUMAR",Northern Territory DAMA,2023-10-19,2028-10-18
ECHUCA BENEVOLENT SOCIETY INCORPORATED,Industry - Aged Care,2023-10-12,2028-10-11
THE TRUSTEES FOR BENNING FAMILY TRUST,Industry - Horticulture,2023-10-13,2028-10-12
Kaloma Home for The Aged Ltd,Industry - Aged Care,2023-10-17,2028-10-16
Rivera Farm Management Pty Ltd,Industry - Horticulture,2023-10-17,2028-10-16
EAGLE BAY BREWING CO PTY LTD,South West DAMA,2023-10-17,2028-10-16
Exogren Pty Ltd,Adelaide City Tech and Innovation DAMA,2023-10-19,2028-10-18
Mann Farming (QLD) Pty Ltd,Far North Queensland DAMA,2023-10-19,2028-10-18
Star Hotel (Cairns) Pty Ltd,Far North Queensland DAMA,2023-10-19,2028-10-18
L'ARTTE PTY LTD,Far North Queensland DAMA,2023-10-19,2028-10-18
PRETTEJOHN ADMINISTRATION PTY LTD,Far North Queensland DAMA,2023-10-19,2028-10-18
D FERRARO & L FERRARO & M.A. FERRARO & P.D. FERRARO,Far North Queensland DAMA,2023-10-19,2028-10-18
J & K SWINDLES PTY LIMITED,Far North Queensland DAMA,2023-10-19,2028-10-18
Bluewater Financial Pty Ltd,Far North Queensland DAMA,2023-10-19,2028-10-18
LL MALTAM and TJ WALTERS,Far North Queensland DAMA,2023-10-19,2028-10-18
SUNLOVER OPERATIONS PTY LIMITED,Far North Queensland DAMA,2023-10-19,2028-10-18
HOWE FARMING ENTERPRISES PTY LTD,Far North Queensland DAMA,2023-10-19,2028-10-18
The Jungle Village Pty Ltd,Far North Queensland DAMA,2023-10-19,2028-10-19
SLAMBAM ENTERPRISES PTY LTD,Goldfields DAMA,2023-10-19,2028-10-18
H & L KIALLA PTY LTD,Goulburn Valley DAMA,2023-10-19,2028-10-18
CENTRAL PARK FRESH PTY LTD,Goulburn Valley DAMA,2023-10-19,2028-10-18
Benjamin Mark Holloway and Melissa Anne Holloway,Great South Coast DAMA,2023-10-19,2028-10-18
GEOFFREY FREDERICK O'BRIEN ATF THE LESLIE MANOR TRUST,Great South Coast DAMA,2023-10-19,2028-10-18
J A Conheady Pty Ltd,Great South Coast DAMA,2023-10-19,2028-10-18
HOME CARE HELPERS PTY LTD,Industry - Aged Care,2023-10-19,2028-10-18
TWILIGHT HOUSE,Industry - Aged Care,2023-10-19,2028-10-18
Perth Chinese Baptist Church Inc,Industry - Minister of Religion,2023-10-19,2028-10-18
Y & F (NT) PTY LTD,Northern Territory DAMA,2023-10-19,2028-10-18
Dual Support Pty Ltd,Northern Territory DAMA,2023-10-19,2028-10-18
Niceforo Farms Pty Ltd,Northern Territory DAMA,2023-10-19,2028-10-18
JABROK INVESTMENTS PTY LTD,Northern Territory DAMA,2023-10-19,2028-10-18
"TRAN, THI THAM",Northern Territory DAMA,2023-10-19,2028-10-18
ADNANTA PASTORAL COMPANY PTY LTD,Northern Territory DAMA,2023-10-19,2028-10-18
THE ELCHO GROUP PTY LTD,Northern Territory DAMA,2023-10-19,2028-10-18
Matthew Rowell Phillips,Northern Territory DAMA,2023-10-19,2028-10-18
Heath Motor Group Pty Ltd,Northern Territory DAMA,2023-10-19,2028-10-18
SOHN PTY LTD,Orana DAMA,2023-10-19,2028-10-18
LEVEN SMASH REPAIRS PTY LIMITED,Orana DAMA,2023-10-19,2028-10-18
QUALITY PEOPLE AND TRAINING SOLUTIONS PTY LTD,Pilbara DAMA,2023-10-19,2028-10-18
Connect Paediatric Therapy services Pty ltd,Pilbara DAMA,2023-10-19,2028-10-18
RAULAND AUSTRALIA PTY LTD,South Australia Regional DAMA,2023-10-19,2028-10-18
278MS Pty Ltd,South Australia Regional DAMA,2023-10-19,2028-10-18
Lab 105 Pty Ltd,South Australia Regional DAMA,2023-10-19,2028-10-18
FUTURE FIELDS PTY LTD,South West DAMA,2023-10-19,2028-10-18
TFH NOMINEES PTY LTD,South West DAMA,2023-10-19,2028-10-18
GEOGRAPHE EARLY MOVEMENT SERVICES PTY LTD,South West DAMA,2023-10-19,2028-10-18
Burt Cooper Pty Ltd,South West DAMA,2023-10-19,2028-10-18
Castro Farms Pty Ltd.,South West DAMA,2023-10-19,2028-10-18
Kiet Tien Nguyen & Thi Ai Nhu Nguyen,South West DAMA,2023-10-19,2028-10-18
WA Country Health Service,South West DAMA,2023-10-19,2028-10-18
XIMA HOSPITALITY MANAGEMENT PTY LTD,Townsville DAMA,2023-10-19,2028-10-18
JEAN-PIERRE PATISSERIE PTY LTD,Townsville DAMA,2023-10-19,2028-10-18
TRAPP WHYTE INVESTMENTS PTY LTD,Far North Queensland DAMA,2023-10-20,2028-10-19
Mad Monkey Trading Pty Ltd,Far North Queensland DAMA,2023-10-20,2028-10-19
S & K Corporation Pty Ltd,Far North Queensland DAMA,2023-10-20,2028-10-19
"Parry, Deneise Joy",Far North Queensland DAMA,2023-10-20,2028-10-19
Jointwell Cairns Pty Ltd,Far North Queensland DAMA,2023-10-20,2028-10-19
Musson Dairying Pty Ltd,Great South Coast DAMA,2023-10-20,2028-10-19
JMJ Disability Serv Pty Ltd,Northern Territory DAMA,2023-10-20,2028-10-19
WS TREGEA PTY LTD,Northern Territory DAMA,2023-10-20,2028-10-19
Go Sushi X Pty Ltd,Northern Territory DAMA,2023-10-20,2028-10-19
Corps Earthmoving Pty Ltd,Pilbara DAMA,2023-10-20,2028-10-19
Star Consolidated Holdings Pty Ltd,South Australia Regional DAMA,2023-10-20,2028-10-19
Vegie Bandits PTY Ltd,South West DAMA,2023-10-20,2028-10-19
FOOD MIGRANT PTY LTD,South West DAMA,2023-10-20,2028-10-19
MAMMOTH CONTRACTING (WA) PTY LTD,South West DAMA,2023-10-20,2028-10-19
A S S G SCHOOL INCORPORATED,Townsville DAMA,2023-10-20,2028-10-19
KIMBERLEYLAND HOLIDAY PARK PTY LTD,East Kimberley DAMA,2023-10-23,2028-10-22
D.O.A. AUSTRALIA PTY. LTD.,Far North Queensland DAMA,2023-10-23,2028-10-22
1 STOP PROPERTY SERVICES PTY LTD,Goulburn Valley DAMA,2023-10-23,2028-10-22
Rose Garden Health Care Pty Ltd,Great South Coast DAMA,2023-10-23,2028-10-22
DARWIN ELECTRIC MOTOR REWINDS PTY LTD,Northern Territory DAMA,2023-10-23,2028-10-22
Gillian Margaret Anderson,South West DAMA,2023-10-23,2028-10-22
Choji Yakiniku Pty Ltd,Industry – Premium Dining,2023-10-25,2028-10-24
TEYS AUSTRALIA SOUTHERN PTY LTD,Industry - Meat,2023-10-25,2028-10-24
Free Serbian Orthodox Church Diocese for Australia&New Zealand,Industry - Minister of Religion,2023-10-25,2028-10-24
SINGH AGRO WA PTY LTD,Industry - Horticulture,2023-10-26,2028-10-25
Infinity Eight Pty Ltd,Industry – Premium Dining,2023-10-30,2028-10-29
AQUA DINING PTY LTD,Industry – Premium Dining,2023-10-30,2028-10-29
32 Commercial Pty Ltd,Industry – Premium Dining,2023-10-30,2028-10-29
Hilltop Meats Pty Ltd,Industry - Meat,2023-10-30,2028-10-29
KAEDEM DAIRY PTY LTD,Industry - Dairy,2023-10-30,2028-10-29
AUSTRALIA CHUNG TAI BUDDHIST FOUNDATION INC,Industry - Minister of Religion,2023-10-30,2028-10-29
"CORDOMA, MARY",Industry - Horticulture,2023-10-30,2028-10-29
BEIFANG FOODS AUSTRALIA PTY LTD,Industry - Meat,2023-10-30,2028-10-29
Withnell Dairying Company Pty Ltd,Industry - Dairy,2023-10-30,2028-10-29
SERBIAN ORTHODOX ECCLESIASTIC SCHOOL COMMUNITY ST NIKOLAS,Industry - Minister of Religion,2023-10-31,2028-10-30
Loughridge Dairy Farm,Industry - Dairy,2023-10-31,2028-10-30
LITTLE CASHY PTY LTD & DUNSTALL PTY LTD & MATOMIET PTY LTD,Northern Territory DAMA,2023-10-31,2028-10-30
EMPTITATIONBC PTY LTD,Northern Territory DAMA,2023-10-31,2028-10-30
LEO MALTAM PHARMACY PTY LTD TREVOR WALTERS PHARMACY PTY LTD AND TRENT NATHAN TWOMEY,Far North Queensland DAMA,2023-11-02,2028-11-01
Pacific Survey Pty Ltd.,Orana DAMA,2023-11-02,2028-11-01
CHINA DUAN PTY LTD,Far North Queensland DAMA,2023-11-02,2028-11-01
Three Rows Pty Ltd,Orana DAMA,2023-11-02,2028-11-01
Seahorse Maritime Pty Ltd,Far North Queensland DAMA,2023-11-02,2028-11-01
AUSTRALIAN LEISURE AND HOSPITALITY GROUP PTY LIMITED,Far North Queensland DAMA,2023-11-02,2028-11-01
LOGAN CONTRACTING PTY. LTD.,Great South Coast DAMA,2023-11-02,2028-11-01
Brilan Investments PTY LTD,Far North Queensland DAMA,2023-11-02,2028-11-01
D.K Tucker & J.T Tucker & K.N Tucker,South West DAMA,2023-11-02,2028-11-01
Scalabrini Village Ltd,Industry - Aged Care,2023-11-03,2028-11-02
SYDNEY JOOAN CHURCH INCORPORATED,Industry - Minister of Religion,2023-11-06,2028-11-05
KATUNGA FRESH TRADING PTY LTD,Industry - Horticulture,2023-11-06,2028-11-05
W Grill CQ Pty Ltd,Industry – Premium Dining,2023-11-08,2028-11-09
Australian Country Choice Production Pty Ltd,Industry - Meat,2023-11-08,2028-11-07
Master Butchers Cooperative Ltd,South Australia Regional DAMA,2023-10-19,2028-10-18
AL & LC Whittaker,Industry - Dairy,2023-11-09,2028-11-08
Tara Centre for Wisdom Culture Inc,Industry - Minister of Religion,2023-11-09,2028-11-08
Haneco Lighting Australia Pty Ltd,South Australia Regional DAMA,2023-11-09,2028-11-08
Lutheran Aged Care Albury,Industry - Aged Care,2023-11-10,2028-11-09
Yass Valley Aged Care Limited,Industry - Aged Care,2023-11-10,2028-11-09
Coolamon Shire Council,Industry - Aged Care,2023-11-10,2028-11-09
PINAROO ROMA INCORPORATED,Industry - Aged Care,2023-11-10,2028-11-09
SELECT HARVESTS LIMITED,Industry - Horticulture,2023-11-10,2028-11-09
Emmanuel Baptist Church,Industry - Minister of Religion,2023-11-10,2028-11-09
The Olive Branch Church Ararat Incorporated,Industry - Minister of Religion,2023-11-10,2028-11-09
Gereja Kristus Yesus NSW Inc (The Christ Jesus Church),Industry - Minister of Religion,2023-11-10,2028-11-09
Every Nation Melbourne North East Limited,Industry - Minister of Religion,2023-11-13,2028-11-12
D.J STEWART & M.T STEWART,Industry - Dairy,2023-11-14,2028-11-13
PETER & JANE MIDDLEBROOK PTY. LTD.,Industry - Dairy,2023-11-14,2028-11-13
ISLAMIC ASSOCIATION WESTERN SUBURBS SYDNEY INC,Industry - Minister of Religion,2023-11-14,2028-11-13
VIETNAMESE EVANGELICAL CHURCH IN AUSTRALIA - MELBOURNE INCORPORATED,Industry - Minister of Religion,2023-11-14,2028-11-13
MAG FARMING PTY LTD,Industry - Pork,2023-11-14,2028-11-13
ZENITH BUSINESS ADVISERS PTY LTD,Pilbara DAMA,2023-11-15,2028-11-14
Social Oil Margaret River Pty Ltd,South West DAMA,2023-11-15,2028-11-14
Climacomfort Pty Ltd,Far North Queensland DAMA,2023-11-16,2028-11-15
THE FOX SMALL BAR PTY LTD,Far North Queensland DAMA,2023-11-16,2028-11-15
KS DHOTHER PTY LTD,Far North Queensland DAMA,2023-11-16,2028-11-15
DBC Farming Pty Ltd,Far North Queensland DAMA,2023-11-16,2028-11-15
THE TRUSTEE FOR D & K ROLFE FAMILY TRUST,Far North Queensland DAMA,2023-11-16,2028-11-15
Y & F (GATEWAY) PTY LTD,Northern Territory DAMA,2023-11-16,2028-11-15
D LAPDEZ & H LAPDEZ,Northern Territory DAMA,2023-11-16,2028-11-15
Lynette Carol McCormick,Northern Territory DAMA,2023-11-16,2028-11-15
YALY CUISINE PTY LTD,South Australia Regional DAMA,2023-11-16,2028-11-15
Grundy Holdings Pty Ltd,South Australia Regional DAMA,2023-11-16,2028-11-15
Coastpearl Pty Ltd,Townsville DAMA,2023-11-16,2028-11-15
East Terrace Group Pty Ltd,South Australia Regional DAMA,2023-11-17,2028-11-16
KT AUTOCARE PTY LTD,Northern Territory DAMA,2023-11-17,2028-11-16
RIVERVIEW ESTATE LODGE PTY LTD,Industry - Dairy,2023-11-17,2028-11-16
THE VAN DEN BERG GROUP PTY LTD,Industry - Dairy,2023-11-17,2028-11-16
CRAVEN PASTORAL CO. PTY. LTD.,Industry - Dairy,2023-11-17,2028-11-16
F.M McDowall & K.J McDowall & P.J McDowall & P.F McDowall & The Estate Of Kevin John McDowall & The Trustee for Paul McDowall Family Trust & The Trustee for Peter McDowall Family Trust,Industry - Dairy,2023-11-17,2028-11-16
The Sydney Woori Church Incorporated,Industry - Minister of Religion,2023-11-17,2028-11-16
CALAMAH NO. 4 PTY. LTD.,Industry - Pork,2023-11-17,2028-11-16
AUSTFISH PTY LTD,Northern Territory DAMA,2023-11-17,2028-11-16
MICROM GROUP PTY LTD,Pilbara DAMA,2023-11-17,2028-11-16
Boyds Bay Nurseries Pty Ltd,Industry - Horticulture,2023-11-18,2028-11-17
CALLUBRI STATION PTY LTD,Orana DAMA,2023-11-20,2028-11-19
Ausfleet Group Pty Ltd,Pilbara DAMA,2023-11-20,2028-11-19
KALFRESH PTY LTD,Industry - Horticulture,2023-11-20,2028-11-19
WAT DHAMMARANGSEE MAHAMAKUT INC,Industry - Minister of Religion,2023-11-20,2028-11-19
Department of Defence,Company Specific,2023-11-21,2028-11-20
TRANS PREMIER PTY LTD,Northern Territory DAMA,2023-11-21,2028-11-20
Macthom Pty Ltd,South West DAMA,2023-11-21,2028-11-20
GASCOM (AU) PTY LTD,Great South Coast DAMA,2023-11-21,2028-11-20
WRITHGIL PTY. LTD.,Great South Coast DAMA,2023-11-21,2028-11-20
Gold Touch Group Pty Ltd,Pilbara DAMA,2023-11-21,2028-11-20
NT Respite Care Plus,Northern Territory DAMA,2023-11-21,2028-11-20
HOSTEL REEF TRIPS PTY LTD,Far North Queensland DAMA,2023-11-21,2028-11-20
Pacific Reef (Personnel) Pty Ltd,Townsville DAMA,2023-11-21,2028-11-20
Liebherr-Australia Pty. Ltd.,Adelaide City Tech and Innovation DAMA,2023-11-21,2028-11-20
2U&D INVESTMENT PTY LTD,South Australia Regional DAMA,2023-11-21,2028-11-20
SPORTIES87 PTY LTD,Northern Territory DAMA,2023-11-21,2028-11-20
La Anchor Pty Ltd,Pilbara DAMA,2023-11-21,2028-11-20
ROXBY DOWNS CHILD CARE CENTRE INCORPORATED,South Australia Regional DAMA,2023-11-21,2028-11-20
HAMERE NOAH KIDANE MIHRET TIGRAY ORTHODOX TEWAHEDO CHURCH IN ADELAIDE AUSTRALIA INCORPORATED,Industry - Minister of Religion,2023-11-21,2028-11-20
Erinfair Pty Ltd,South West DAMA,2023-11-22,2028-11-21
KOMINE INVESTMENT PTY LTD,Far North Queensland DAMA,2023-11-22,2028-11-21
NT Recycling Solutions Pty Ltd,Northern Territory DAMA,2023-11-22,2028-11-21
GOODEARTH HOTELS MANAGEMENT (COLONIAL CLUB) PTY LTD,Far North Queensland DAMA,2023-11-22,2028-11-21
3M GROUP PTY LTD,Great South Coast DAMA,2023-11-22,2028-11-21
SKYCITY ADELAIDE PTY LTD,Adelaide City Tech and Innovation DAMA,2023-11-22,2028-11-21
Western NSW Local Health District,Orana DAMA,2023-11-23,2028-11-22
Whitfield Minerals Pty Ltd,Goldfields DAMA,2023-11-24,2028-11-23
CHRISTIANS IN SYDNEY PROPERTY TRUST,Industry - Minister of Religion,2023-11-24,2028-11-23
SYDNEY BIBLE-PRESBYTERIAN CHURCH INCORPORATED,Industry - Minister of Religion,2023-11-24,2028-11-23
Islamic Centre of Newcastle,Industry - Minister of Religion,2023-11-24,2028-11-23
REMAR AUSTRALIA INC,Industry - Minister of Religion,2023-11-24,2028-11-23
Mt Uncle Distillery Discretionary Trust,Far North Queensland DAMA,2023-11-27,2028-11-26
KSPK PARTNERS PTY LTD,Townsville DAMA,2023-11-27,2028-11-26
Ingham Manufactures,Townsville DAMA,2023-11-27,2028-11-26
Woy Woy Community Aged Care Limited,Industry - Aged Care,2023-11-27,2028-11-26
THE TRUSTEE FOR RICHARD HORI FAMILY TRUST,Industry - Dairy,2023-11-27,2028-11-26
Blue Cross Community Care Services Group Pty Ltd,Industry - Aged Care,2023-11-28,2028-11-27
The Buckland Convalescent Hospital,Industry - Aged Care,2023-11-28,2028-11-27
MT WARREN & Y WARREN,Industry - Dairy,2023-11-30,2028-11-29
Liebherr-Australia Pty. Ltd.,South Australia Regional DAMA,2023-12-01,2028-11-30
THE MENU COMPANY PTY LTD,Company Specific,2023-12-04,2028-12-03
V & V WALSH PTY LTD,South West DAMA,2023-12-04,2028-12-03
PJF SERVICES PTY. LTD.,South Australia Regional DAMA,2023-12-04,2028-12-03
CAPEM PTY. LIMITED,South Australia Regional DAMA,2023-12-04,2028-12-03
ARCTIC ICE SERVICE PTY LTD,South Australia Regional DAMA,2023-12-04,2028-12-03
ANNETTE JAMIESON,Company Specific,2023-12-05,2028-12-04
SCAF-WEST PTY LTD,Company Specific,2023-12-05,2028-12-04
Trustee for PGN Family Trust Group,East Kimberley DAMA,2023-12-05,2028-12-04
Saeum Church Incorporated,Industry - Minister of Religion,2023-12-05,2028-12-04
NSW Hotel Management Pty Ltd,Company Specific,2023-12-06,2028-12-05
RS Bros Pty Ltd,Townsville DAMA,2023-12-06,2028-12-05
Harvey River Estate Pty Ltd,South West DAMA,2023-12-06,2028-12-05
Learnaversity Pty Ltd,Goldfields DAMA,2023-12-06,2028-12-05
A & A LAMB PTY LTD,Industry - Dairy,2023-12-06,2028-12-05
PINECREST DAIRY PTY LTD,Great South Coast DAMA,2023-12-08,2028-12-07
Lingcare Pty Ltd,Industry - Aged Care,2023-12-11,2028-12-10
F & F Mills Pty Ltd,Industry - Dairy,2023-12-11,2028-12-10
KM AGRICULTURE PTY LTD,Industry - Dairy,2023-12-11,2028-12-10
PR HENDERSON FARMS PTY LTD,Industry - Dairy,2023-12-07,2028-12-06
Double Bay Italian Restaurant Pty Ltd,Industry – Premium Dining,2023-12-11,2028-12-10
Drim Presbyterian Church Incorporated,Industry - Minister of Religion,2023-12-11,2028-12-10
INNES-IRONS MCKENNA HOSPITALITY GROUP PTY LTD,Goulburn Valley DAMA,2023-12-12,2028-12-11
RED RANGE STOCK SUPPLEMENTS PTY LTD,East Kimberley DAMA,2023-12-12,2028-12-11
Morries WA Pty Ltd,South West DAMA,2023-12-12,2028-12-11
M & M ZITO PTY LTD,South Australia Regional DAMA,2023-12-13,2028-12-12
Feng Shui Pty Ltd,Northern Territory DAMA,2023-12-13,2028-12-12
SASSEY PTY LTD,South West DAMA,2023-12-13,2028-12-12
Kooringa Organic Farms,Industry - Dairy,2023-12-13,2028-12-12
JFK NOMINEES PTY LTD,South Australia Regional DAMA,2023-12-14,2028-12-13
Riverlane Dairy Pty Ltd,Industry - Dairy,2023-12-14,2028-12-13
East Kimberley Job Pathways,East Kimberley DAMA,2023-12-15,2028-12-14
Jasagency Pty. Ltd.,Far North Queensland DAMA,2023-12-18,2028-12-17
RURADENE PTY LTD,South Australia Regional DAMA,2023-12-18,2028-12-17
MOVING JUICE PTY LTD,South Australia Regional DAMA,2023-12-18,2028-12-17
Conta Pty Ltd,Far North Queensland DAMA,2023-12-18,2028-12-17
Complete Pty Ltd,South West DAMA,2023-12-18,2028-12-17
L.M TRAN & Q.K VU,South West DAMA,2023-12-18,2028-12-17
LUTHERAN CHURCH OF AUSTRALIA QUEENSLAND DISTRICT (LUTHERAN COMMUNITY CARE),Industry - Aged Care,2023-12-18,2028-12-17
Rubies Nursing Pvt Limited,Industry - Aged Care,2023-12-18,2028-12-17
Maroba,Industry - Aged Care,2023-12-18,2028-12-17
M AND C MULLINS PTY LTD,Industry - Dairy,2023-12-18,2028-12-17
OCEAN ROAD PASTORAL PTY LTD,Industry - Dairy,2023-12-18,2028-12-17
MUSHROOMEXCHANGE PTY LTD,Industry - Horticulture,2023-12-18,2028-12-17
GRANITE HILL NOMINEES PTY LTD,Industry - Horticulture,2023-12-18,2028-12-17
DESERT FARMS PTY LTD,Industry - Horticulture,2023-12-18,2028-12-17
Buddhist Vihara Victoria Incorporated,Industry - Minister of Religion,2023-12-18,2028-12-17
MITCHELL OPERATIONS PTY LTD,Company Specific,2023-12-19,2028-12-18
KANKU PTY LTD,Company Specific,2023-12-19,2028-12-18
Simmcal Pty Ltd,Company Specific,2023-12-19,2028-12-18
FTA Accountants Pty Ltd,Company Specific,2023-12-19,2028-12-18
A & D AUSTRALASIA PTY LTD,Company Specific,2023-12-19,2028-12-18
AL SIRAAT COLLEGE INC,Company Specific,2023-12-19,2028-12-18
KEMPE SERVICES PTY LTD,Great South Coast DAMA,2023-12-19,2028-12-18
GALLIPOLI HEALTH SERVICES LIMITED,Industry - Aged Care,2023-12-19,2028-12-18
ROSENEATH AGED CARE CENTRE PTY LTD,Industry - Aged Care,2023-12-19,2028-12-18
Melbourne Anglican Diocesan Corporation Ltd,Industry - Minister of Religion,2023-12-19,2028-12-18
Byron Aged Care Limited,Industry - Aged Care,2023-12-20,2028-12-19
THE FRANK WHIDDON MASONIC HOMES OF NEW SOUTH WALES,Industry - Aged Care,2023-12-20,2028-12-19
W & L CONHEADY PTY LTD,Industry - Dairy,2023-12-20,2028-12-19
SOUTH AUSTRALIA POLICE,Company Specific,2023-12-21,2028-12-20
Specialist Disability Housing Pty Ltd,South West DAMA,2023-12-22,2028-12-21
CAMILLO ROBERTO PUGLISI,Industry - Fishing,2023-12-22,2028-12-21
CENTRAL BAPTIST CHURCH SYDNEY,Industry - Minister of Religion,2023-12-22,2028-12-21
ERICSSON AUSTRALIA PTY LTD,Skilled Refugee Pilot,2023-12-22,2028-12-21
NIGRODHARAMA FOREST MONASTERY INCORPORATED,Industry - Minister of Religion,2024-01-02,2029-01-01
PROCAFFE (AUSTRALASIA) PTY LTD,Company Specific,2024-01-03,2029-01-02
S.H.A.E. Enterprises Pty Ltd,Company Specific,2024-01-03,2029-01-02
FINLEY REGIONAL CARE LTD,Industry - Aged Care,2024-01-03,2029-01-02
HIRINO PTY LTD,Industry - Meat,2023-10-19,2028-10-18
AMBROSE FARMING PTY LTD,Industry - Dairy,2023-12-18,2028-12-17
Presbyterian Church of Australia in the State of New South Wales Parish of Rose Bay,Industry - Minister of Religion,2024-01-03,2029-01-02
HEATHER MACFARLANE PTY LTD,South West DAMA,2024-01-04,2029-01-03
DHAMARAM BUDDHIST TEMPLE INC,Industry - Minister of Religion,2024-01-04,2029-01-03
ILLAWARRA RETIREMENT TRUST,Industry - Aged Care,2024-01-05,2029-01-04
Gowrie NSW,Orana DAMA,2024-01-08,2029-01-07
AUSTRALIAN AGED CARE GROUP,Industry - Aged Care,2024-01-08,2029-01-07
TIKUN OCEANA PTY LTD,Industry - Horticulture,2024-01-08,2029-01-07
BEN FURNEY FLOUR MILLS PTY LTD,Company Specific,2024-01-09,2029-01-08
CARRINGTON CENTENNIAL CARE LIMITED,Industry - Aged Care,2024-01-09,2029-01-08
FRESHA DAIRIES PTY LTD,Great South Coast DAMA,2024-01-10,2029-01-09
Instant Alloy Scaffolding Services Pty Ltd,Far North Queensland DAMA,2024-01-10,2029-01-09
H2A Pty Ltd,Northern Territory DAMA,2024-01-10,2029-01-09
R&A ENTERPRISES (QLD) PTY LTD,Far North Queensland DAMA,2024-01-10,2029-01-09
KTLP ENTERPRISES PTY LTD,Northern Territory DAMA,2024-01-10,2029-01-09
MY GUARDIAN GROUP PTY. LTD.,Industry - Aged Care,2024-01-11,2029-01-10
DAYDAWN FISHERIES PTY LTD,Industry - Fishing,2024-01-11,2029-01-10
BAPTISTCARE NSW & ACT,Industry - Aged Care,2024-01-11,2029-01-10
Q-CTRL Pty Ltd,GTS - Established business,2024-01-16,2029-01-15
DANS PLANTS PTY LTD,Industry - Horticulture,2024-01-17,2029-01-16
Restaurant Normandy Pty Ltd,Industry – Premium Dining,2024-01-17,2029-01-16
P & A Pan Pty Ltd,Industry - Horticulture,2024-01-17,2029-01-16
GURDIAL SINGH RAI AND SATVINDER SINGH RAI,Industry - Horticulture,2022-07-25,2027-07-24
Burswood Nursing Care Pty Ltd,Company Specific,2023-02-07,2028-02-06
ATLASSIAN PTY LTD,Skilled Refugee Pilot,2023-06-02,2028-06-01
8 LAZY S D TRUST & B. A WHITING & M. W Whiting,Goldfields DAMA,2023-07-03,2028-07-02
Bupa Aged Care Australia Pty Ltd,Far North Queensland DAMA,2023-08-10,2028-08-09
THE ASSOCIATION FOR BUDDHIST TEACHING AND LEARNING IN THE COMMUNITY INC.,Industry - Minister of Religion,2023-11-09,2028-11-08
G&G Proactive Physiotherapy Pty Ltd,Far North Queensland DAMA,2024-01-31,2029-01-30
STEAD INVESTMENTS PTY. LTD.,Industry - Dairy,2024-01-17,2029-01-16
HELLENIC CHURCH-GOX EXARCHATE OF AUSTRALIA,Industry - Minister of Religion,2024-01-18,2029-01-17
COOTAMUNDRA HEALTH CARE CO-OPERATIVE LIMITED,Industry - Aged Care,2024-01-18,2029-01-17
Soft Commodity Logistics Pty Ltd,Industry - Horticulture,2024-01-18,2029-01-17
BURNFARMERS PTY LIMITED,Industry - Dairy,2024-01-18,2029-01-17
MW CONSTITUTION PLACE PTY LTD,Industry – Premium Dining,2024-01-18,2029-01-17
FRESH PRODUCE GROUP OF AUSTRALIA PTY LIMITED,Industry - Horticulture,2024-01-18,2029-01-17
KARIANA PASTORAL CO PTY LTD,Industry - Dairy,2024-01-18,2029-01-17
D.A VINNICOMBE & S VINNICOMBE,Industry - Dairy,2024-01-18,2029-01-17
MCLEAN CARE LTD,Industry - Aged Care,2024-01-19,2029-01-18
Wrasse and Roe Pty Ltd,Industry – Premium Dining,2024-01-22,2029-01-21
TNS ACCESS & SECURITY SOLUTIONS PTY LTD,Goldfields DAMA,2024-01-22,2029-01-21
Artemis Agriculture Pty Ltd,East Kimberley DAMA,2024-01-22,2029-01-21
FRIGEBOL PTY LTD,East Kimberley DAMA,2024-01-22,2029-01-21
"LIGHT, DYLAN DONALD",Industry - Dairy,2024-01-22,2029-01-21
The Trustee for Maneela Farms Trust,South Australia Regional DAMA,2024-01-22,2029-01-21
Viet 21 Pty Ltd,South Australia Regional DAMA,2024-01-22,2029-01-21
GULGONG HOSTEL ASSOCIATION INC,Orana DAMA,2024-01-23,2029-01-22
E DELA CRUZ & E.P DELA CRUZ & J DELA CRUZ,Industry - Dairy,2024-01-25,2029-01-24
Evanday Pty Ltd,Industry - Dairy,2024-01-25,2029-01-24
TYLER FARMS PTY LTD,Industry - Dairy,2024-01-25,2029-01-24
LEADPRO GROUP PTY. LTD.,South Australia Regional DAMA,2024-01-25,2029-01-24
ALEXA FARMS PTY LTD,Industry - Pork,2024-01-29,2029-01-28
Farm Prophets Farm Profits Pty Ltd,Industry - Dairy,2024-01-29,2029-01-28
FRONTLINE DRILLING AUSTRALIA PTY LTD,Company Specific,2024-01-31,2029-01-30
Arbor Pride Holdings Pty Ltd,Company Specific,2024-01-31,2029-01-30
ONTARIO MANGOES PTY LTD,Far North Queensland DAMA,2024-01-31,2029-01-30
HILLCROFT FARMS PTY LTD,Industry - Pork,2024-01-31,2029-01-30
ESTIA INVESTMENTS PTY. LTD.,Industry - Aged Care,2024-01-31,2029-01-30
Happy Cow Leasing Pty Ltd,Industry – Premium Dining,2024-02-01,2029-01-31
Thirty Four South Pty Ltd,Industry - Fishing,2024-02-01,2029-01-31
N & RM THROCKMORTON,Industry - Dairy,2024-02-01,2029-01-31
CD & CG BAXTER PTY LTD,Industry - Dairy,2024-02-01,2029-01-31
BREAKWATER ISLAND LIMITED,Townsville DAMA,2024-02-01,2029-01-31
Canva Pty Ltd,Skilled Refugee Pilot,2024-02-01,2029-01-31
CH & GW RAMSAY,Industry - Horticulture,2024-02-01,2029-01-31
PLOZZA FARM PTY LTD,Industry - Dairy,2024-02-01,2029-01-31
Pukatja Roadhouse Aboriginal Corporation,South Australia Regional DAMA,2024-02-06,2029-02-05
HELPING HAND AGED CARE INC,Adelaide City Tech and Innovation DAMA,2024-02-07,2029-02-06
PILBARA IT SERVICES PTY LTD,Pilbara DAMA,2024-02-07,2029-02-06
Suncorp Staff Pty Ltd,Adelaide City Tech and Innovation DAMA,2024-02-07,2029-02-06
Coral Coast Distributors (Cairns) Pty Ltd,Northern Territory DAMA,2024-02-07,2029-02-06
BKBM Pty Ltd,Great South Coast DAMA,2024-02-07,2029-02-06
The Trustee for PASKEVILLE TRUST & The Trustee for the Grant Evans Trust,Industry - Dairy,2024-02-08,2029-02-07
The Trustee for The D Knight Family Trust,Industry - Dairy,2024-02-08,2029-02-07
Wills Domain Pty Ltd,South West DAMA,2024-02-08,2029-02-07
Riverwood Baptist Church,Industry - Minister of Religion,2024-02-08,2029-02-07
Algebra Accounting Australia Pty Ltd,Far North Queensland DAMA,2024-02-08,2029-02-07
COLUMBA CHRISTIAN CHURCH,Industry - Minister of Religion,2024-02-08,2029-02-07
Bupa Aged Care Australia Pty Ltd,Great South Coast DAMA,2024-02-08,2029-02-07
Meramist PTY LTD,Industry - Meat,2024-02-08,2029-02-07
Andato Pty Ltd,South West DAMA,2024-02-08,2029-02-07
AG CLYNE PTY LTD,Industry - Dairy,2024-02-08,2029-02-07
Specialised Industrial Solutions Pty Ltd,Townsville DAMA,2024-02-08,2029-02-07
A.K HOFFMANN & M.R HOFFMANN & R.Y HOFFMANN,Industry - Dairy,2024-02-09,2029-02-08
LEE MING PTY LTD,Northern Territory DAMA,2024-02-09,2029-02-08
ID & AM HOLLOWAY PTY LTD,Industry - Dairy,2024-02-09,2029-02-08
EVERY NATION MINISTRIES AND CHURCHES,Industry - Minister of Religion,2024-02-12,2029-02-11
CPC GOLDFIELDS PTY LTD,Company Specific,2024-02-12,2029-02-11
KKS EMPLOYMENT SOLUTIONS PTY LTD,Industry - Horticulture,2024-02-12,2029-02-11
SJOMANNSKIRKEN-NORWEGIAN CHURCH ABROAD AUSTRALIA LTD.,Industry - Minister of Religion,2024-02-12,2029-02-11
Mudgee CC Pty Ltd,Orana DAMA,2024-02-12,2029-02-11
Pyramid Residential Care Centre,Far North Queensland DAMA,2024-02-12,2029-02-11
CSF INDUSTRIES PTY LTD,Far North Queensland DAMA,2024-02-12,2029-02-11
DPG SERVICES PTY LTD,Industry - Aged Care,2024-02-14,2029-02-13
Zanthe Pty Ltd,Industry - Horticulture,2024-02-14,2029-02-13
Cooriemungle Ag Pty Ltd,Industry - Dairy,2024-02-14,2029-02-13
PHBC LH PTY LTD,Industry - Meat,2024-02-14,2029-02-13
OLIVERS ON PRAIRIE PTY LTD,Industry - Dairy,2024-02-14,2029-02-13
HINDU SOCIETY OF NEW SOUTH WALES INCORPORATED,Industry - Minister of Religion,2024-02-14,2029-02-13
BAROM KAGYU CHODRAK DRUPJU CHULING INCOPORATED,Industry - Minister of Religion,2024-02-14,2029-02-13
H O'Brien & J.A O'Brien,Industry - Dairy,2024-02-14,2029-02-13
Mathew Daley,Industry - Dairy,2024-02-14,2029-02-13
Sydney-South Welfare Centre,Industry - Minister of Religion,2024-02-14,2029-02-13
VITAN NOMINEES PTY. LTD.,Industry - Meat,2024-02-14,2029-02-13
SILOAM KOREAN PRESBYTERIAN CHURCH,Industry - Minister of Religion,2024-02-14,2029-02-13
NOVA ENTERTAINMENT PTY LTD,Skilled Refugee Pilot,2024-02-14,2029-02-13
TS GLOBAL PTY LIMITED,Company Specific,2024-02-15,2029-02-14
KANGARINGA FARM PTY LIMITED,South Australia Regional DAMA,2024-02-16,2029-02-15
Foxalicious Fruit Pty Ltd ATF Dalglish Family Trust,Northern Territory DAMA,2024-02-16,2029-02-15
B E SWITCHCRAFT PTY LTD,South Australia Regional DAMA,2024-02-16,2029-02-15
Tasman Logistics Services Pty Ltd,Great South Coast DAMA,2024-02-16,2029-02-15
GOLDFIELDS INDIVIDUAL AND FAMILY SUPPORT ASSOCIATION INCORPORATED,Goldfields DAMA,2024-02-16,2029-02-15
DM Panel Repairs Pty Ltd,Townsville DAMA,2024-02-16,2029-02-15
M. & J. Mitchell Pty Ltd,South West DAMA,2024-02-16,2029-02-15
FAMAZOS FISHING OPERATIONS PTY LTD,Industry - Fishing,2024-02-16,2029-02-15
BLUMBERG FLOWERS DISTRIBUTIONS PTY LTD,South Australia Regional DAMA,2024-02-16,2029-02-15
THOMAS BORTHWICK & SONS (AUSTRALIA) PTY LTD,Industry - Meat,2024-02-16,2029-02-15
SQUEAKY WINDMILL PTY LTD,Goldfields DAMA,2024-02-16,2029-02-15
Jon Kers Pty Ltd,Northern Territory DAMA,2024-02-16,2029-02-15
iFind Pipes 'n' Cables Pty Ltd,Northern Territory DAMA,2024-02-16,2029-02-15
Deon Barnard,Townsville DAMA,2024-02-19,2029-02-18
Oriental Tea House Pty Ltd,Industry – Premium Dining,2024-02-20,2029-02-19
AUSTRALIA SRI LANKA BUDDHIST ASSOCIATION OF CANBERRA INCORPORATED,Industry - Minister of Religion,2024-02-20,2029-02-19
T and K Walter Enterprises Pty Ltd,Goldfields DAMA,2024-02-21,2029-02-20
OSHGROUP PTY LTD,Pilbara DAMA,2024-02-21,2029-02-20
Healthe Care Dubbo Pty Ltd,Orana DAMA,2024-02-21,2029-02-20
TYTAGINI PTY LTD,South Australia Regional DAMA,2024-02-21,2029-02-20
POP PHONES SA PTY LTD,South Australia Regional DAMA,2024-02-21,2029-02-20
K. LAMONT PTY LTD,South West DAMA,2024-02-21,2029-02-20
DJHM INVESTMENTS PTY LTD,South West DAMA,2024-02-21,2029-02-20
Indian Groceries and Spices Cairns Pty Ltd,Far North Queensland DAMA,2024-02-21,2029-02-20
C Lade Investments Pty Ltd,Pilbara DAMA,2024-02-21,2029-02-20
M & T NEVILL TRADING PTY LTD,Great South Coast DAMA,2024-02-21,2029-02-20
Julian Marco Kettelhake,East Kimberley DAMA,2024-02-21,2029-02-20
VIVID PASTRIES PTY LTD,South Australia Regional DAMA,2024-02-21,2029-02-20
One hundred and Seventy-Nine Napier St. Hostel Assoc Inc.,Industry - Aged Care,2023-11-10,2028-11-09
Freshwater Quality Management Pty Ltd,East Kimberley DAMA,2024-02-21,2029-02-20
CGL ACCOMMODATION PTY LTD,East Kimberley DAMA,2024-02-21,2029-02-20
Sparkle by Mia Pty. Ltd.,Pilbara DAMA,2024-02-21,2029-02-20
Starr Care Pty Ltd,Pilbara DAMA,2024-02-21,2029-02-20
Sushil Pty Ltd,South Australia Regional DAMA,2024-02-21,2029-02-20
EVER-LUCK INVESTMENTS PTY LTD,South West DAMA,2024-02-21,2029-02-20
Kaye Automotive Pty Ltd,South Australia Regional DAMA,2024-02-22,2029-02-21
KRAFTEDGE PTY LTD,Orana DAMA,2024-02-22,2029-02-21
ARORA ASSOCIATES PTY LTD,Far North Queensland DAMA,2024-02-22,2029-02-21
HEMINGWAY'S BREWING COMPANY PTY LTD,Far North Queensland DAMA,2024-02-22,2029-02-21
MAGRO FARMING PTY LTD,Far North Queensland DAMA,2024-02-22,2029-02-21
SILVERFROST PTY LTD,Goulburn Valley DAMA,2024-02-22,2029-02-21
Victorian Freight Specialists,Goulburn Valley DAMA,2024-02-22,2029-02-21
MERCY SERVICES,Industry - Aged Care,2024-02-22,2029-02-21
Cypress View Lodge Limited,Industry - Aged Care,2024-02-22,2029-02-21
BIANCO CONSTRUCTION SUPPLIES PTY LTD,South Australia Regional DAMA,2024-02-22,2029-02-21
Seychell Constructions Pty Ltd,South Australia Regional DAMA,2024-02-22,2029-02-21
TRIPODI KITCHEN DESIGNS PTY LTD,South Australia Regional DAMA,2024-02-22,2029-02-21
Haydar Group Pty Ltd,South West DAMA,2024-02-22,2029-02-21
Sabtella Pty Ltd,Townsville DAMA,2024-02-22,2029-02-21
Hedland Cafe Pty Ltd,Pilbara DAMA,2024-02-26,2029-02-25
AUSTRALIAN BANANA COMPANY PTY LTD.,Far North Queensland DAMA,2024-02-26,2029-02-25
Mungalli Creek Dairy Pty Ltd,Far North Queensland DAMA,2024-02-26,2029-02-25
JK & MR PTY LTD,South Australia Regional DAMA,2024-02-26,2029-02-25
SPG Drainage & Civil Pty Ltd,Pilbara DAMA,2024-02-26,2029-02-25
THE TRUSTEE FOR VITICULTURAL SERVICES UNIT TRUST,South West DAMA,2024-02-26,2029-02-25
Kids Early Learning Centre Pty Ltd,Townsville DAMA,2024-02-26,2029-02-25
The Trustee for The Cardinal Unit Trust,Far North Queensland DAMA,2024-02-26,2029-02-25
GET A GRIP TYRES PTY LTD,Pilbara DAMA,2024-02-26,2029-02-25
Optimum Design Associates Pty Ltd,South Australia Regional DAMA,2024-02-26,2029-02-25
MAX STOCKS FROZEN FOODS PTY LTD,Far North Queensland DAMA,2024-02-26,2029-02-25
QUALITY PEOPLE AND TRAINING SOLUTIONS PTY LTD,Goldfields DAMA,2024-02-26,2029-02-25
NT Excavation and Demolition Pty Ltd,Northern Territory DAMA,2024-02-26,2029-02-25
PORT HEDLAND PTY LTD,Pilbara DAMA,2024-02-26,2029-02-25
Weston (WA) Subdivision Pty Ltd,South West DAMA,2024-02-26,2029-02-25
Yura Yungi Medical Service Aboriginal Corporation,Industry - Aged Care,2024-02-27,2029-02-26
Rozynski Enterprises Pty Ltd,Industry - Dairy,2024-02-27,2029-02-26
Tanderra Dairies Pty Ltd,Industry - Dairy,2024-02-27,2029-02-26
AMALU PTY LTD,Industry - Dairy,2024-02-27,2029-02-26
W BLAND PTY LTD,Industry - Dairy,2024-02-27,2029-02-26
MUHAMMADI WELFARE ASSOCIATION INCORPORATED,Industry - Minister of Religion,2024-02-27,2029-02-26
TIFFANY & CO. (AUSTRALIA) PTY. LTD.,Company Specific,2024-02-28,2029-02-27
SHEPPARD FARM PTY LTD,Industry - Dairy,2024-02-28,2029-02-27
RINALAND MANAGEMENT CO PTY LTD,Industry - Horticulture,2024-02-28,2029-02-27
AIRSERVICES AUSTRALIA,Company Specific,2024-03-01,2029-02-28
PINGAKSH PTY LTD,South West DAMA,2024-02-29,2029-02-28
KRUSZEWSKI PTY. LTD.,South Australia Regional DAMA,2024-03-01,2029-02-28
ADFRESH FARMS PTY LTD,Far North Queensland DAMA,2024-03-01,2029-02-28
Lake Argyle Cruises Pty Ltd,East Kimberley DAMA,2024-02-29,2029-02-28
LORIMER HOLDING PTY LTD,East Kimberley DAMA,2024-03-01,2029-02-28
DB FAMILY PLUS PTY LTD,Goulburn Valley DAMA,2024-03-04,2029-03-03
Cafe Delissio,Orana DAMA,2024-03-04,2029-03-03
Walara Inc.,South Australia Regional DAMA,2024-03-04,2029-03-03
CHRISTIAN ABORIGINAL PARENT DIRECTED SCHOOL,Goldfields DAMA,2024-03-04,2029-03-03
1834 Hospitality Pty Ltd,South Australia Regional DAMA,2024-03-04,2029-03-03
REZZ PTY LTD,South Australia Regional DAMA,2024-03-04,2029-03-03
Z10 Finance Group Pty Ltd,Orana DAMA,2024-03-04,2029-03-03
ALLEN FOOD PTY. LTD.,South West DAMA,2024-03-04,2029-03-03
BARUNGA GRAINS PTY LTD,South Australia Regional DAMA,2024-03-05,2029-03-04
Australian Mineral & Waterwell Drilling,Northern Territory DAMA,2024-03-05,2029-03-04
Nellandi Pty Ltd,Townsville DAMA,2024-03-05,2029-03-04
HBF HEALTH LIMITED,South West DAMA,2024-03-05,2029-03-04
THE ROMAN CATHOLIC TRUST CORPORATION FOR THE DIOCESE OF TOWNSVILLE,Townsville DAMA,2024-03-05,2029-03-04
OFF THE WALL GROUP PTY LTD,Far North Queensland DAMA,2024-03-05,2029-03-04
CHM PASTORAL PTY LTD & COMMONWEALTH HILL PROPRIETARY LIMITED & JHM PASTORAL PTY LTD,Northern Territory DAMA,2024-03-05,2029-03-04
LJM PRODUCE PTY LTD,South West DAMA,2024-03-05,2029-03-04
VANTAGE EDUCATION PTY. LTD.,Orana DAMA,2024-03-05,2029-03-04
Sunmanor Pty Ltd,Far North Queensland DAMA,2024-03-05,2029-03-04
MRT Investments Pty Ltd,Townsville DAMA,2024-03-05,2029-03-04
Rubberline Pty Ltd,Company Specific,2024-03-06,2029-03-05
Fendi Australia Pty Ltd,Company Specific,2024-03-06,2029-03-05
LVMH FASHION GROUP AUSTRALIA PTY. LTD.,Company Specific,2024-03-06,2029-03-05
DENTAL MATTERS PTY LTD,South Australia Regional DAMA,2024-03-06,2029-03-05
Terra Mining Pty Ltd,Goldfields DAMA,2024-03-06,2029-03-05
MINERAL RESOURCES LIMITED,Company Specific,2024-03-07,2029-03-06
MELLREACH PTY LTD,Industry - Aged Care,2024-03-07,2029-03-06
APS Adelaide Profile Services Pty Ltd,South Australia Regional DAMA,2024-03-08,2029-03-07
Koonambil Aged Care Ltd,Industry - Aged Care,2024-03-08,2029-03-07
DTL ENTERTAINMENT GROUP PTY LTD,Industry – Premium Dining,2024-03-08,2029-03-07
2 Fruit's Pty. Ltd,Industry - Horticulture,2024-03-08,2029-03-07
EVERY NATION CHRISTIAN CHURCH LTD,Industry - Minister of Religion,2024-03-08,2029-03-07
"The Mission to Seafarers, Sydney NSW",Industry - Minister of Religion,2024-03-08,2029-03-07
H. W. GREENHAM & SONS PROPRIETARY LIMITED,Industry - Meat,2024-03-11,2029-03-10
RESTHAVEN INCORPORATED,South Australia Regional DAMA,2024-03-12,2029-03-11
Ability Action Australia Pty Ltd,South Australia Regional DAMA,2024-03-12,2029-03-11
Spice Odysee Pty Ltd,South West DAMA,2024-03-12,2029-03-11
Americanas Pty Ltd,South Australia Regional DAMA,2024-03-12,2029-03-11
Woody Nook Wines Pty Ltd,South West DAMA,2024-03-12,2029-03-11
Armira Pty Ltd,South Australia Regional DAMA,2024-03-12,2029-03-11
ST. LOUIS NURSING HOME PTY LTD,South Australia Regional DAMA,2024-03-12,2029-03-11
Tei Services Pty Ltd,Townsville DAMA,2024-03-12,2029-03-11
Monaghans (SA) Pty Ltd,Adelaide City Tech and Innovation DAMA,2024-03-12,2029-03-11
EDGE EARLY LEARNING SOUTH AUSTRALIA PTY LTD,South Australia Regional DAMA,2024-03-12,2029-03-11
Timbrebongie House Limited,Industry - Aged Care,2024-03-12,2029-03-11
RESIDENTIAL GARDENS FOR SPANISH SPEAKING FRAIL AGED LIMITED,Industry - Aged Care,2024-03-12,2029-03-11
ST CATHERINE'S WANGARATTA INC.,Industry - Aged Care,2024-03-12,2029-03-11
MURRAY HAVEN HOMES LIMITED,Industry - Aged Care,2024-03-12,2029-03-11
FOUR LEAS ENTITIES PTY LTD,Industry - Dairy,2024-03-12,2029-03-11
QUEENSLAND BERRIES EMPLOYMENT PTY LTD,Industry - Horticulture,2024-03-12,2029-03-11
Greenham Gippsland Pty Ltd,Industry - Meat,2024-03-12,2029-03-11
Christian Dior Australia Pty Ltd,Company Specific,2024-03-13,2029-03-12
DFS AUSTRALIA PTY LIMITED,Company Specific,2024-03-13,2029-03-12
Louis Vuitton Australia Pty Ltd,Company Specific,2024-03-14,2029-03-13
BROWZ & BEAUTY PTY LTD,Northern Territory DAMA,2024-03-14,2029-03-13
GRAFTON TRADING PTY LTD,Far North Queensland DAMA,2024-03-14,2029-03-13
MARK AND KAYLENE WALPOLE PTY LTD,Goulburn Valley DAMA,2024-03-14,2029-03-13
SOLARIS FARMS PTY LTD,Industry - Dairy,2024-03-14,2029-03-13
The Trustee for Alexander Robertson Trading & The Trustee for Robert Robertson Trading,Industry - Dairy,2024-03-14,2029-03-13
ICM Agribusiness Pty Ltd,Industry - Dairy,2024-03-14,2029-03-13
GJ MCKILLOP PASTORAL CO. PTY LTD,Industry - Dairy,2024-03-14,2029-03-13
VIETNAMESE EVANGELICAL CHURCH IN AUSTRALIA PERTH,Industry - Minister of Religion,2024-03-14,2029-03-13
DRAFTING STEELWORK PTY LTD,South Australia Regional DAMA,2024-03-15,2029-03-14
CENTRAL DESERT REGIONAL COUNCIL,Industry - Aged Care,2024-03-15,2029-03-14
The Trustee for Gupta Family Trust,Industry - Aged Care,2024-03-15,2029-03-14
Benjamin Mark Holloway and Melissa Anne Holloway,Industry - Dairy,2024-03-15,2029-03-14
SOUTHERN MEATS PTY. LTD.,Industry - Meat,2024-03-15,2029-03-14
ROVERWORTH PTY LTD,Industry - Meat,2024-03-15,2029-03-14
Seventh Day Adventist Reform Movement (Australasian Union Conference) Ltd,Industry - Minister of Religion,2024-03-15,2029-03-14
SAN SIRO AUSTRALIA PTY LTD,Industry - Pork,2024-03-15,2029-03-14
WESTPORK PTY. LTD.,Industry - Pork,2024-03-15,2029-03-14
LCA Operations Pty Ltd,Company Specific,2024-03-19,2029-03-18
SUNNYCARE RESIDENTIAL PTY LTD,Industry - Aged Care,2024-03-19,2029-03-18
M.R & N.L HOGAN,Industry - Dairy,2024-03-19,2029-03-18
CHAP PAK PTY LTD,Industry - Horticulture,2024-03-19,2029-03-18
Western Meat Exporters Pty Ltd,Industry - Meat,2024-03-19,2029-03-18
Hilal Meat Products Company Pty Ltd,Industry - Meat,2024-03-19,2029-03-18
COP INTERNATIONAL MINISTRIES AUSTRALIA LTD,Industry - Minister of Religion,2024-03-19,2029-03-18
DISCIPLE MAKING CHURCH INCORPORATED,Industry - Minister of Religion,2024-03-19,2029-03-18
MR Auto Group Pty Ltd,Company Specific,2024-03-20,2029-03-19
RSL CARE RDNS LIMITED,Townsville DAMA,2024-03-21,2029-03-20
Leaps and Bounds Preschool Pty Ltd,South West DAMA,2024-03-21,2029-03-20
Cold Logic Pty Ltd,South Australia Regional DAMA,2024-03-21,2029-03-20
JS WELDING SERVICES PTY LTD,Townsville DAMA,2024-03-21,2029-03-20
TOTAL ACCESS SOLUTIONS PTY LTD,Company Specific,2024-03-22,2029-03-21
Rimowa Australia Pty Ltd,Company Specific,2024-03-22,2029-03-21
Designed Logistical Solutions Pty Ltd,Far North Queensland DAMA,2024-03-22,2029-03-21
Ulandra Pty Ltd,Far North Queensland DAMA,2024-03-22,2029-03-21
PASPALEY PEARLING COMPANY PTY LTD,Northern Territory DAMA,2024-03-22,2029-03-21
EUROPEAN FINE FOODS PTY LTD,Far North Queensland DAMA,2024-03-22,2029-03-21
ISICOB PTY LTD,Far North Queensland DAMA,2024-03-22,2029-03-21
TKPH PTY LTD,Pilbara DAMA,2024-03-22,2029-03-21
Crema Bananas Pty Ltd,Far North Queensland DAMA,2024-03-22,2029-03-21
Esplanade CT Pty Ltd,Far North Queensland DAMA,2024-03-22,2029-03-21
Cairns Northern Beaches Car Diagnostics Pty Ltd,Far North Queensland DAMA,2024-03-22,2029-03-21
EK Services Group Pty Ltd,East Kimberley DAMA,2024-03-22,2029-03-21
Nations Church Brisbane Limited,Industry - Minister of Religion,2024-03-22,2029-03-21
Quinn Family Trust,Industry - Dairy,2024-03-25,2029-03-24
HARVEY INDUSTRIES GROUP PTY LTD,Industry - Meat,2024-03-25,2029-03-24
SERENITY GLOBAL PTY LTD,South Australia Regional DAMA,2024-03-26,2029-03-25
MY PLACE WA LTD,South West DAMA,2024-03-26,2029-03-25
1st Care Community Pty Ltd,Industry - Aged Care,2024-03-27,2029-03-26
NIKEP DAIRY PTY LTD,Industry - Dairy,2024-03-27,2029-03-26
Rustico Tapas Pty Ltd,Industry – Premium Dining,2024-03-27,2029-03-26
Z.M & S.L JOHNSTON,Industry - Fishing,2024-03-27,2029-03-26
Tomato Exchange Pty Ltd,Industry - Horticulture,2024-03-27,2029-03-26
WATCHTOWER BIBLE & TRACT SOCIETY OF AUSTRALIA,Industry - Minister of Religion,2024-03-27,2029-03-26
Australian Bosnian Islamic Centre,Industry - Minister of Religion,2024-03-27,2029-03-26
BUDDHIST SOCIETY OF VICTORIA INC,Industry - Minister of Religion,2024-03-27,2029-03-26
Berluti Australia Pty Ltd,Company Specific,2024-03-28,2029-03-27
SAMPHIE PTY LTD,Industry - Horticulture,2024-03-28,2029-03-27
Peter Berry Consultancy Pty Ltd,Skilled Refugee Pilot,2024-03-28,2029-03-27
Matters Enterprises Pty Ltd,Company Specific,2024-04-02,2029-04-01
DH & EL Crawford Pty Ltd,Industry - Dairy,2024-04-03,2029-04-02
Jonah's Restaurant Pty Ltd,Industry – Premium Dining,2024-04-03,2029-04-02
RENOVATION CONNECTION PTY LTD,Skilled Refugee Pilot,2024-04-03,2029-04-02
Kanandah Retirement Ltd,Industry - Aged Care,2024-03-04,2029-03-03
Qld Cash for Cars Pty Ltd,Skilled Refugee Pilot,2024-04-04,2029-04-03
MILC HOMEWARES PTY. LTD.,South West DAMA,2024-04-04,2029-04-03
JP DRAFTING PTY LTD,South Australia Regional DAMA,2024-04-05,2029-04-04
Bache Bros Pty Ltd,South Australia Regional DAMA,2024-04-05,2029-04-04
BERENDSEN FLUID POWER PTY LTD,Company Specific,2024-04-05,2029-04-04
TBG Senior Living Services Pty Ltd,Industry - Aged Care,2024-04-08,2029-04-07
BOSHIER FARMS (SOUTHWEST VIC) PTY LTD,Industry - Dairy,2024-04-08,2029-04-07
GILGANDRA COUNCIL,Industry - Aged Care,2024-04-08,2029-04-07
BROWN HILL ESTATE AUSTRALIA PTY LTD,South West DAMA,2024-04-08,2029-04-07
All Home Caring Services Pty Ltd,Industry - Aged Care,2024-04-09,2029-04-08
Ruby Red Pizza Pty Ltd,South Australia Regional DAMA,2024-04-09,2029-04-08
S.S SURJIT PTY LTD,South Australia Regional DAMA,2024-04-09,2029-04-08
MORAN AUSTRALIA (RESIDENTIAL AGED CARE) PTY LIMITED,Industry - Aged Care,2024-04-09,2029-04-08
Samwell and Sons Nominees Pty Ltd,Skilled Refugee Pilot,2024-04-09,2029-04-08
THE TRUSTEE FOR DS & RK KHUNKHUN FAMILY TRUST,Industry - Horticulture,2024-04-10,2029-04-09
OZCONNECTIONS (NSW) PTY LTD,Industry - Aged Care,2024-04-10,2029-04-09
HAMMONDCARE,Industry - Aged Care,2024-04-10,2029-04-09
SYDNEY SAE SOON PRESBYTERIAN CHURCH INC,Industry - Minister of Religion,2024-04-10,2029-04-09
Drouin West Timber & Truss Pty Ltd,Company Specific,2024-04-11,2029-04-10
PRISTINE LAKES PTY LTD & ALL DAWN PTY LTD,Company Specific,2024-04-12,2029-04-11
Northern Trade Solutions (NT) Pty Ltd,Northern Territory DAMA,2024-04-12,2029-04-11
Murray Cod Australia Limited,Company Specific,2024-04-15,2029-04-14
KLINGER LIMITED,Company Specific,2024-04-15,2029-04-14
TACCA INDUSTRIES PTY LTD,Company Specific,2024-04-17,2029-04-16
Brunel Energy Pty Ltd,Industry - On-Hire,2024-04-18,2029-04-17
GCI PTY LTD,Industry - Fishing,2024-04-19,2029-04-18
QUIRINDI CARE SERVICES LIMITED,Industry - Aged Care,2024-04-19,2029-04-18
PS and AJ Drew,Industry - Dairy,2024-04-19,2029-04-18
NORTHSIDE COMMUNITY SERVICE LIMITED,Industry - Aged Care,2024-04-19,2029-04-18
MT VIEW HOMES INC,Industry - Aged Care,2024-04-19,2029-04-18
Leyland Brothers Waterproofing Pty Ltd,Skilled Refugee Pilot,2024-04-19,2029-04-18
Vadpak Transport Division Pty Ltd,Goulburn Valley DAMA,2024-04-19,2029-04-18
Killarney Memorial Aged Care Ltd,Industry - Aged Care,2024-04-19,2029-04-18
PARKER PASTORAL PTY LTD,Industry - Dairy,2024-04-22,2029-04-21
Cultural Icon Pty Ltd,South West DAMA,2024-04-22,2029-04-21
RESOLUTE CARE GROUP PTY LTD.,Townsville DAMA,2024-04-22,2029-04-21
WINGHAM BEEF EXPORTS PTY LTD,Industry - Meat,2024-04-22,2029-04-21
BENALE PTY LIMITED,Industry - Meat,2024-04-22,2029-04-21
VITONGA PTY LIMITED,Skilled Refugee Pilot,2024-04-22,2029-04-21
BRIAN GREGORY SCIMONE,Industry - Fishing,2024-04-23,2029-04-22
DM & HA Piggott,Industry - Horticulture,2024-04-23,2029-04-22
BOBETTES PTY LTD,Townsville DAMA,2024-04-23,2029-04-22
Zichrone Pty Ltd,Skilled Refugee Pilot,2024-04-23,2029-04-22
Semini Custom Feeds Pty Ltd,South West DAMA,2024-04-23,2029-04-22
LAMMP PTY LTD,Goldfields DAMA,2024-04-23,2029-04-22
GBP Products Pty Ltd,Industry - Meat,2024-04-23,2029-04-22
OM Engineering Pty Ltd,Company Specific,2024-04-29,2029-04-28
Tabulam and Templer Homes for the Aged Inc,Industry - Aged Care,2024-04-29,2029-04-28
D HOFFRICHTER & S.P HOFFRICHTER,Industry - Pork,2024-04-29,2029-04-28
Darwin City Hotel,Northern Territory DAMA,2024-04-29,2029-04-28
AQI Group Pty Ltd,Skilled Refugee Pilot,2024-04-29,2029-04-28
Earth Moving Discover Pty Ltd,Company Specific,2024-04-29,2029-04-28
A.P DOWNIE & C.L DOWNIE & P.J DOWNIE & R.A DOWNIE,Industry - Dairy,2024-04-29,2029-04-28
Huon Aquaculture Company Pty Ltd,Industry - Fishing,2024-04-29,2029-04-28
Taylor Survey and Developments PTY Ltd,Industry - Horticulture,2024-04-30,2029-04-29
V & L BUTCHERY PTY LTD,Industry - Meat,2024-04-30,2029-04-29
PURRAH PTY. LTD.,Industry - Dairy,2024-04-30,2029-04-29
Clews Farming Pty Ltd,Industry - Dairy,2024-04-30,2029-04-29
PG FARM PTY LTD,Industry - Dairy,2024-04-30,2029-04-29
Fulton Hogan Australia (Management) Pty Ltd,Skilled Refugee Pilot,2024-04-30,2029-04-29
THE TRUSTEE FOR S HUNTER FAMILY TRUST,Industry - Pork,2024-04-30,2029-04-29
NES GLOBAL PTY LIMITED,Industry - On-Hire,2024-04-30,2029-04-29
REGINA'S CLEANING GROUP PTY LTD,Northern Territory DAMA,2024-04-30,2029-04-29
ANGEL OYSTERS AUSTRALIA PTY LTD,Industry - Fishing,2024-04-30,2029-04-29
Health Plus People Pty Ltd,Industry - On-Hire,2024-05-01,2029-04-30
HORIZEN CAFE OPERATIONS PTY LTD,Northern Territory DAMA,2024-05-01,2029-04-30
Joyful Souls Support Pty Ltd,Northern Territory DAMA,2024-05-01,2029-04-30
Gold Impression Pty Ltd,Northern Territory DAMA,2024-05-01,2029-04-30
Prasanna Enterprises Pty Ltd,Northern Territory DAMA,2024-05-01,2029-04-30
Olam Orchards Australia Pty Ltd,Industry - Horticulture,2024-05-01,2029-04-30
INTERNATIONAL SOCIETY FOR KRISHNA CONSCIOUSNESS MELBOURNE LIMITED,Industry - Minister of Religion,2024-05-01,2029-05-30
TRAFFIC WERX NT PTY LTD,Northern Territory DAMA,2024-05-01,2029-04-30
SRI VENKATESWARA TEMPLE HELENSBURGH,Industry - Minister of Religion,2024-05-01,2029-04-30
Arena Tiles Pty Ltd,Company Specific,2024-05-02,2029-05-01
Genetics Australia Holdings Pty Ltd,Industry - Dairy,2024-05-02,2029-05-01
D.D BRUMBY & L BRUMBY,Industry - Dairy,2024-05-02,2029-05-01
EMF ACCESS PTY LTD,Company Specific,2024-05-02,2029-05-01
DYNAMIC MANAGEMENT GROUP PTY. LTD.,Company Specific,2024-05-03,2029-05-02
EASTERN VALLEY FRESH PTY LTD,Industry - Horticulture,2024-05-03,2029-05-02
MVD Dairy Company Pty Ltd,Industry - Dairy,2024-05-03,2029-05-02
R.T HAMILTON & S HAMILTON,Industry - Dairy,2024-05-03,2029-05-02
Westside Bus Co Pty Ltd,Company Specific,2024-05-03,2029-05-02
ABODE PROPERTY MANAGEMENT PTY LTD,Northern Territory DAMA,2024-05-03,2029-05-02
BCP FARMING PTY LTD AND BAILEY CREEK PTY LTD,Industry - Pork,2024-05-03,2029-05-02
WORKHORSE COLLISION REPAIRS PTY LTD,Company Specific,2024-05-03,2029-05-02
PAUL & SONS AUSTRALIA PTY LTD,South Australia Regional DAMA,2024-05-03,2029-05-02
Australia PEO Pty Limited,Industry - On-Hire,2024-05-03,2029-05-02
German Inn Pty Ltd,South Australia Regional DAMA,2024-05-03,2029-05-02
DAVIES BAKERY PTY LTD,Company Specific,2024-05-03,2029-05-02
International Buddhist College of Victoria Inc,Industry - Minister of Religion,2024-05-03,2029-05-02
PIACENTINI & SON PTY LTD,Company Specific,2024-05-03,2029-05-02
O'Brien's Drapery (W.A.) Pty Ltd ATF M F O'Brien Family Trust,South West DAMA,2024-05-03,2029-05-02
AMPERSAND ESTATES PTY LTD,South West DAMA,2024-05-03,2029-05-02
MAXAL PTY. LTD.,Company Specific,2024-06-04,2029-05-03
DEVTIL PTY LTD,Northern Territory DAMA,2024-05-06,2029-05-05
Territory Sanitisation,Northern Territory DAMA,2024-05-06,2029-05-05
TALICE SECURITY SERVICE PTY LTD,Northern Territory DAMA,2024-05-06,2029-05-05
Fox and Gordon Pty Ltd,South West DAMA,2024-05-06,2029-05-05
TNP Holdings Pty Ltd,Northern Territory DAMA,2024-05-06,2029-05-05
ADELAIDE QUALITY CARE PTY LTD,Industry - Aged Care,2024-05-06,2029-05-05
Oaks Hotels & Resorts Limited,Northern Territory DAMA,2024-05-08,2029-05-07
Eminent Air Conditioning Pty Ltd,Skilled Refugee Pilot,2024-05-08,2029-05-07
LINDA FLORENCE MCFADDEN,Skilled Refugee Pilot,2024-05-08,2029-05-07
B.F JAMES & J.M JAMES,Industry - Dairy,2024-05-08,2029-05-07
LYENNA PROPRIETARY LIMITED,Industry - Fishing,2024-05-08,2029-05-07
P J & E L OSBORN,Industry - Dairy,2024-05-09,2029-05-08
Yi Ru Confucius & Mencius Cultural Association,Industry - Minister of Religion,2024-05-09,2029-05-08
OTTREY HOMES COBRAM & DISTRICT RETIREMENT VILLAGE INC TRADING AS COBRAM REGIONAL CARE,Industry - Aged Care,2024-05-10,2029-05-09
Lange Holdings Qld Pty Ltd,Industry – Premium Dining,2024-05-10,2029-05-09
ARMADA ELC PTY LTD,Northern Territory DAMA,2024-05-10,2029-05-09
Northpharm Pty Ltd,Northern Territory DAMA,2024-05-10,2029-05-09
D.E Chesworth & D.D Chesworth,Industry - Dairy,2024-05-13,2029-05-12
Broadacre Bacon Farming Company Pty Ltd,Industry - Pork,2024-05-13,2029-05-12
SOUTHGATE HOTEL MANAGEMENT PTY. LTD.,Company Specific,2024-05-13,2029-05-12
THE VINH NGHIEM PAGODA CHARITABLE SOCIETY (HOI TU THIEN CHUA VINH NGHIEM) INC,Industry - Minister of Religion,2024-05-13,2029-05-12
CHRISTADELPHIAN WELFARE ASSOCIATION (VIC) INC,Skilled Refugee Pilot,2024-05-13,2029-05-12
Veggie Mayhem Pty Ltd,Industry - Horticulture,2024-05-13,2029-05-12
The Love Family Trust,South West DAMA,2024-05-14,2029-05-13
TINTE PTY LTD,South West DAMA,2024-05-14,2029-05-13
THE GOOD SHEPHERD LIMITED,Townsville DAMA,2024-05-14,2029-05-13
A.C.N. MARKETING & SALES PTY LTD,Goulburn Valley DAMA,2024-05-14,2029-05-13
Coffee Man NT Pty Ltd,Northern Territory DAMA,2024-05-14,2029-05-13
Conphone Pty Ltd,Townsville DAMA,2024-05-14,2029-05-13
TULLY NURSING HOME INC,Far North Queensland DAMA,2024-05-14,2029-05-13
CAMCAST PTY LTD,Company Specific,2024-05-15,2029-05-14
Kyst Food Pty Ltd,South West DAMA,2024-05-16,2029-05-15
BMD Urban,Northern Territory DAMA,2024-05-16,2029-05-15
DYNAMIC DIESEL MECHANICAL SERVICES PTY LTD,Industry - On-Hire,2024-05-16,2029-05-15
Acecom NT Pty Ltd,Northern Territory DAMA,2024-05-16,2029-05-15
THE LOCAL CATCH PTY LTD,Industry - Fishing,2024-05-16,2029-05-15
GEOGRAPHE BAY BREWING CO PTY LTD,South West DAMA,2024-05-16,2029-05-15
MONELLO INDUSTRIES PTY LTD,Northern Territory DAMA,2024-06-20,2029-06-19
DJ & KR Conheady Pty Ltd,Industry - Dairy,2024-05-16,2029-05-15
PAUL INGLE & ASSOCIATES PTY LTD,Industry - On-Hire,2024-05-17,2029-05-16
SOVEREIGN GRACE CHURCH (SYDNEY - UPPER NORTH),Industry - Minister of Religion,2024-05-17,2029-05-16
BA TITAN PRAWNS PTY LTD,Industry - Fishing,2024-05-20,2029-05-19
SIGMA AERO RESOURCES (AUSTRALIA) PTY LTD,Industry - On-Hire,2024-05-20,2029-05-19
SYDNEY BETHEL CHURCH INC,Industry - Minister of Religion,2024-05-20,2029-05-19
ASPHALTECH PTY. LTD.,South West DAMA,2024-05-20,2029-05-19
GOLD COAST DHARMA REALM INC,Industry - Minister of Religion,2024-05-20,2029-05-19
Consultive Pty Ltd,Industry - On-Hire,2024-05-20,2029-05-19
SGRD CAFE'S PTY LTD,Northern Territory DAMA,2024-05-20,2029-05-19
Yes Staffing Solutions Private Limited.,Industry - On-Hire,2024-05-20,2029-05-19
Goldmag Pty Ltd,Industry - Horticulture,2024-05-20,2029-05-19
COBAR SHIRE COUNCIL,Industry - Aged Care,2024-05-20,2029-05-19
TAH WHOLESALE PTY LTD,Northern Territory DAMA,2024-05-20,2029-05-19
NORTH QUEENSLAND FRESH PTY LTD,Industry - Horticulture,2024-05-20,2029-05-19
SEVA Pty Ltd,Orana DAMA,2024-05-20,2029-05-19
SSS GROWERS PTY LTD,Industry - Horticulture,2024-05-20,2029-05-19
Access Human Talent Pty Ltd,Industry - On-Hire,2024-05-20,2029-05-19
PRESBYTERIAN CHURCH OF AUSTRALIA IN THE STATE OF NEW SOUTH WALES INDONESIA CONGREGATION HURSTVILLE,Industry - Minister of Religion,2024-05-20,2029-05-19
PORT STEPHENS VETERANS CITIZENS AGED CARE,Industry - Aged Care,2024-05-20,2029-05-19
DENTAL OUTREACH PTY LTD,South Australia Regional DAMA,2024-05-21,2029-05-20
Susanian Pty Ltd ATF The Dawson Family Trust,South West DAMA,2024-05-21,2029-05-20
O'Connor Contracting Pty Ltd,Company Specific,2024-05-21,2029-05-20
Anglican Aged Care Services Group,Industry - Aged Care,2024-05-21,2029-05-20
KONECRANES AND DEMAG PTY LTD,Company Specific,2024-05-21,2029-05-20
AMAZING GRACE COMMUNITY SERVICES PTY. LTD,Northern Territory DAMA,2024-05-21,2029-05-20
BRASH (NT) PTY LTD,Northern Territory DAMA,2024-05-22,2029-05-21
INFINIO R&D PTY LTD,Adelaide City Tech and Innovation DAMA,2024-05-22,2029-05-21
Bullo River Station,Northern Territory DAMA,2024-05-22,2029-05-21
Accor Australia & New Zealand Hospitality Pty Ltd,South West DAMA,2024-05-22,2029-05-21
RUBY PATRICIA PATMAN,Northern Territory DAMA,2024-05-22,2029-05-21
HAPPYTEL RETAIL GROUP PTY LTD,Northern Territory DAMA,2024-05-22,2029-05-21
ANT AC HR PTY LTD,Northern Territory DAMA,2024-05-22,2029-05-21
Q&Z Group Pty Ltd,Company Specific,2024-05-24,2029-05-23
ENABLE SOUTHWEST INC,South West DAMA,2024-05-27,2029-05-26
TRANSMETRO CORPORATION LIMITED,Northern Territory DAMA,2024-05-27,2029-05-26
CHLOE LAC PTY LTD,Northern Territory DAMA,2024-05-27,2029-05-26
SENWILL CIVIL PTY LTD,South Australia Regional DAMA,2024-05-28,2029-05-27
GLOBAL PIES PTY LTD,Northern Territory DAMA,2024-05-29,2029-05-28
The Trustee for the Udawatta Family Trust,Pilbara DAMA,2024-05-29,2029-05-28
SPOTLESS CAR DETAILING SERVICES PTY LTD,Pilbara DAMA,2024-05-30,2029-05-29
NARULA HOLDINGS PTY LTD,South West DAMA,2024-05-31,2029-05-30
Atta Farms Pty Ltd,Industry - Horticulture,2024-05-31,2029-05-30
ROSEDALE TERRACE PTY LTD,Industry - Dairy,2024-05-31,2029-05-30
LAKE HOUSE RETREAT PTY LTD,Industry – Premium Dining,2024-05-31,2029-05-30
ACRWORLD PTY LIMITED,Industry - On-Hire,2024-05-31,2029-05-30
City of Karratha,Pilbara DAMA,2024-05-31,2029-05-30
The Royce Aged Care Pty Ltd,Industry - Aged Care,2024-05-31,2029-05-30
SATTS PLANT HIRE & HAULAGE PTY LTD,Orana DAMA,2024-05-31,2029-05-30
NES FIRCROFT AUSTRALIA PTY LTD,Industry - On-Hire,2024-05-31,2029-05-30
ESTIA INVESTMENTS PTY. LTD.,Company Specific,2024-05-31,2029-05-30
ILLAWARRA DIGGERS AGED & COMMUNITY CARE LIMITED,Industry - Aged Care,2024-05-31,2029-05-30
THE LESTER PARTNERSHIP PTY LIMITED,Industry - On-Hire,2024-05-31,2029-05-30
ALLIANCE HEALTH SERVICES GROUP PTY LTD,Industry - On-Hire,2024-05-31,2029-05-30
AYERS MANAGEMENT PTY LTD,Industry - On-Hire,2024-05-31,2029-05-30
Apex Design Build Pty Ltd,Skilled Refugee Pilot,2024-05-31,2029-05-30
ON Q RECRUITMENT PTY LTD,Industry - On-Hire,2024-05-31,2029-05-30
CUTRI FRUIT TRUSCO PTY LTD,Industry - Horticulture,2024-05-31,2029-05-30
Julyardi Aboriginal Corporation,Pilbara DAMA,2024-05-31,2029-05-30
Sundale Holdings Pty Ltd,Industry - Dairy,2024-05-31,2029-05-30
D.E & S Culton,Industry - Dairy,2024-05-31,2029-05-30
Jallarah Homes Inc.,Industry - Aged Care,2024-05-31,2029-05-30
T.A.C. Haulage & Earthmoving (QLD) Pty Ltd,Skilled Refugee Pilot,2024-05-31,2029-05-30
GRILLAZ AUSTRALIA PTY LTD,South West DAMA,2024-06-03,2029-06-02
Hyde Park Management Limited,East Kimberley DAMA,2024-06-03,2029-06-02
YARRUM GROUP PTY LTD,Northern Territory DAMA,2024-06-03,2029-06-02
GECKKO BEACH PTY LTD,South West DAMA,2024-06-03,2029-06-02
S & R FEWSTER PTY LTD,East Kimberley DAMA,2024-06-03,2029-06-02
SEA DRAGON (NT) PTY LTD,Northern Territory DAMA,2024-06-03,2029-06-02
Kimberley Accommodation (West) Pty Ltd,East Kimberley DAMA,2024-06-03,2029-06-02
Jungurra Contracting Pty Ltd,Pilbara DAMA,2024-06-03,2029-06-02
Reid Stockfeeds Pty Ltd,Goulburn Valley DAMA,2024-06-03,2029-06-02
Lower Freshwater Investments Pty Ltd,Far North Queensland DAMA,2024-06-03,2029-06-02
SRI OM PTY LTD,Goulburn Valley DAMA,2024-06-04,2029-06-03
Mahad Pty Ltd,East Kimberley DAMA,2024-06-04,2029-06-03
CVPC PTY LTD,Company Specific,2024-06-04,2029-06-03
Bob's Shoe Store Retailing Pty Ltd,East Kimberley DAMA,2024-06-04,2029-06-03
DARWIN TRAILER BOAT CLUB INC,Northern Territory DAMA,2024-06-04,2029-06-03
MSM MILLING PTY LTD,Company Specific,2024-06-04,2029-06-03
NT HAPPY MANGOES PTY LTD,Northern Territory DAMA,2024-06-04,2029-06-03
Elliott Water Haulage Pty Ltd,Goldfields DAMA,2024-06-04,2029-06-03
MSJ FOOD PTY LTD,Pilbara DAMA,2024-06-04,2029-06-03
CREWE SHARP PTY LTD,Industry - On-Hire,2024-06-04,2029-06-03
BILLET ENGINEERING SERVICES PTY LTD,Goldfields DAMA,2024-06-05,2029-06-04
BODHI BUS PTY LTD,Northern Territory DAMA,2024-06-05,2029-06-04
Ryan McLean Constructions Pty Ltd,Townsville DAMA,2024-06-05,2029-06-04
Scots Kirk Hamilton,Industry - Minister of Religion,2024-06-05,2029-06-04
HEDLAND POSTAL DELIVERIES PTY LTD,Pilbara DAMA,2024-06-05,2029-06-04
K D I HOLDINGS PTY LTD,Northern Territory DAMA,2024-06-05,2029-06-04
Boab Refrigeration & Air Conditioning,East Kimberley DAMA,2024-06-06,2029-06-05
Pilbara Pressure Force Pty Ltd,Pilbara DAMA,2024-06-06,2029-06-05
MIRVONA DAIRIES PTY LIMITED,Industry - Dairy,2024-06-06,2029-06-05
"PHEENEY, MATTHEW",Northern Territory DAMA,2024-06-06,2029-06-05
Northern Hire Group Pty Ltd,Goulburn Valley DAMA,2024-06-06,2029-06-05
Little Nuggets Early Learning Centre Inc,East Kimberley DAMA,2024-06-07,2029-06-06
PERKS INDUSTRIES PTY LTD,East Kimberley DAMA,2024-06-07,2029-06-06
Altora Ag Services Pty Ltd,Goldfields DAMA,2024-06-07,2029-06-06
Northern Star Resources Ltd,Goldfields DAMA,2024-06-11,2029-06-10
PRIYADARSHINEE BABOOLALL,Northern Territory DAMA,2024-06-11,2029-06-10
BESTBAR PTY LTD,Northern Territory DAMA,2024-06-11,2029-06-10
T & H Russell Investments Pty Ltd,Pilbara DAMA,2024-06-11,2029-06-10
TMP TRANSPORT & FARMS PTY LTD,Northern Territory DAMA,2024-06-11,2029-06-10
Regency Jewellers (Qld) Pty Ltd as the Trustee for Regency Jewellers Trust,Far North Queensland DAMA,2024-06-11,2029-06-10
Pilbara Physiotherapy Pty Ltd,Pilbara DAMA,2024-06-11,2029-06-10
Kalgoorlie Consolidated Gold Mines Pty Ltd,Goldfields DAMA,2024-06-11,2029-06-10
FAST EATS PTY LTD,East Kimberley DAMA,2024-06-11,2029-06-10
SS & GA Pty Ltd,Northern Territory DAMA,2024-06-11,2029-06-10
EFUS FOOD & CATERING SERVICES PTY LTD,Northern Territory DAMA,2024-06-11,2029-06-10
Revive Beauty and Wellness Spa,Pilbara DAMA,2024-06-12,2029-06-11
Ord Irrigation Co-operative Ltd,East Kimberley DAMA,2024-06-12,2029-06-11
ARPAD ELDERLY WELFARE SOCIETY INC,Company Specific,2024-06-12,2029-06-11
The Trustee for Anutara-Angul Carabio Trust,Northern Territory DAMA,2024-06-12,2029-06-11
CCY (NT) PTY LTD,Northern Territory DAMA,2024-06-12,2029-06-11
Zanzoo Tiling Pty Ltd,Far North Queensland DAMA,2024-06-12,2029-06-11
Wunan Foundation Inc.,East Kimberley DAMA,2024-06-12,2029-06-11
The Trustee for NT Medical Specialist Trust,Northern Territory DAMA,2024-06-12,2029-06-11
KURUNDI STATION PTY LTD,Northern Territory DAMA,2024-06-12,2029-06-11
KHEMARA UTTARARANGSI BUDDHIST TEMPLE OF NT INCORPORATED,Industry - Minister of Religion,2024-06-13,2029-06-12
DART LASER EMPLOYEE PTY LTD,Company Specific,2024-06-14,2029-06-13
Down South Therapy Services Pty Ltd,Company Specific,2024-06-14,2029-06-13
TAMARUA PASTORAL CO PTY LTD,Industry - Horticulture,2024-06-14,2029-06-13
Marina Point Pty Ltd,Far North Queensland DAMA,2024-06-14,2029-06-13
DAC Enterprises Pty Ltd,Northern Territory DAMA,2024-06-14,2029-06-13
Terminus Street Pty Ltd,Far North Queensland DAMA,2024-06-14,2029-06-13
Warrina Lease Co Pty Ltd,Townsville DAMA,2024-06-14,2029-06-13
NAUTILUS ORTHOPAEDICS PTY LTD,Northern Territory DAMA,2024-06-14,2029-06-13
Nizomat Pty Ltd,East Kimberley DAMA,2024-06-14,2029-06-13
CENTRAL FOUNDRY PTY LTD,Company Specific,2024-06-14,2029-06-13
Surfmet Pty Ltd,East Kimberley DAMA,2024-06-17,2029-06-16
Mr Bean Catering Pty Ltd,Northern Territory DAMA,2024-06-17,2029-06-16
Garrett Hospitality Pty Ltd,East Kimberley DAMA,2024-06-17,2029-06-16
Major Personnel Services Pty Ltd,Far North Queensland DAMA,2024-06-17,2029-06-16
SEASHELLS RESORT BROOME PTY LTD,East Kimberley DAMA,2024-06-17,2029-06-16
AQUATIC CULTURE PTY LTD,Far North Queensland DAMA,2024-06-18,2029-06-17
Harlin Nominees Pty Ltd & Moonlite NT Pty Ltd,Northern Territory DAMA,2024-06-18,2029-06-17
BLIMEY CHARLIE PTY LTD,Northern Territory DAMA,2024-06-18,2029-06-17
Magnetic Island Micro Brewery,Townsville DAMA,2024-06-18,2029-06-17
Hemingway's Brewery FNQ Pty Ltd,Far North Queensland DAMA,2024-06-18,2029-06-17
Harvest Workers Pty Ltd,Industry - Horticulture,2024-06-18,2029-06-17
H Randhawa & P Randhawa,Far North Queensland DAMA,2024-06-18,2029-06-17
CARERS N.T. LIMITED,Northern Territory DAMA,2024-06-18,2029-06-17
Vegie Bandits PTY Ltd,Skilled Refugee Pilot,2024-06-18,2029-06-17
CHEZ ICHIBAN PTY LTD,Far North Queensland DAMA,2024-06-18,2029-06-17
THE KALCULATORS IP PTY LTD,South Australia Regional DAMA,2024-06-19,2029-06-18
Superior Food Group Pty Ltd,Pilbara DAMA,2024-06-19,2029-06-18
Ozcare,Far North Queensland DAMA,2024-06-19,2029-06-19
DJ & JE Bowler,Industry - Dairy,2024-06-19,2029-06-18
CAPEWELL PTY LTD,Goldfields DAMA,2024-10-16,2029-10-15
DECC PTY LTD,Orana DAMA,2024-10-16,2029-10-15
Mitech Engineering Services Pty Ltd,Industry - Dairy,2024-10-15,2029-10-14
Global Growth Solutions Pty Ltd,Pilbara DAMA,2024-07-15,2029-07-14
GENERAL EXCAVATORS PTY. LIMITED,Northern Territory DAMA,2024-10-15,2029-10-14
CAPTA GROUP PTY LTD,Far North Queensland DAMA,2024-10-15,2029-10-14
JAG CENTRAL WEST TRANSPORT PTY LTD,Orana DAMA,2024-10-15,2029-10-14
PACIFIC MEAT SALES PTY LTD,Industry - Meat,2024-10-14,2029-10-13
Peel Resource Recovery Pty Ltd,South West DAMA,2024-06-25,2029-06-24
SERBIAN COMMUNITY WELFARE ASSOCIATION OF SA INC,Industry - Aged Care,2024-09-12,2029-09-11
SEEN CARE PROVIDER PTY LTD,Company Specific,2024-07-19,2029-07-18
La Anchor Pty Ltd,South West DAMA,2024-10-09,2029-10-08
AUTO-CARE PANEL WORKS PTY LIMITED,Northern Territory DAMA,2024-10-14,2029-10-13
Three Tree Lodge Lithgow Limited,Industry - Aged Care,2024-09-17,2029-09-16
ADERMINA PTY LTD,Far North Queensland DAMA,2024-07-18,2029-07-17
VALLEY PACK PTY LTD,Goulburn Valley DAMA,2024-10-08,2029-10-07
BHUPINDER S & JASWINDER S TAKHAR,South Australia Regional DAMA,2024-10-14,2029-10-13
ICARE YOUTH AND COMMUNITY SERVICES PTY LTD,Northern Territory DAMA,2024-08-21,2029-08-20
ABU CARE SERVICES PTY LTD,South Australia Regional DAMA,2024-09-11,2029-09-10
Brisbane Cantonese Christian Church Incorporated,Industry - Minister of Religion,2024-10-10,2029-10-09
Cranbrook Care (Bella Vista Gardens) Pty Ltd,Industry - Aged Care,2024-09-03,2029-09-02
LOHGARH ENTERPRISE PTY LTD,Industry - Horticulture,2024-06-26,2029-06-25
TEAM GLOBAL EXPRESS PTY LTD,Townsville DAMA,2024-07-15,2029-07-14
ACCOR AUSTRALIA & NEW ZEALAND HOSPITALITY PTY LIMITED,Far North Queensland DAMA,2024-07-08,2029-07-07
WC VENTURES PTY LIMITED,Orana DAMA,2024-09-25,2029-09-24
CUSTOM WINE MAKING PTY LTD,South West DAMA,2024-08-23,2029-08-22
Brett Cattle Company Pty Ltd,Northern Territory DAMA,2024-10-09,2029-10-08
Metro Care SA Pvt Ltd,South Australia Regional DAMA,2024-08-09,2029-08-08
CAUDURO MANAGEMENT PTY LTD,Orana DAMA,2024-09-09,2029-09-08
DALWOOD NURSERY PTY LTD,Industry - Horticulture,2024-07-26,2029-07-25
NORTHERN TERRITORY OF AUSTRALIA,Northern Territory DAMA,2024-09-23,2029-09-22
T & M Canale Farms Pty Ltd,Industry - Horticulture,2024-09-17,2029-09-16
G D & L J O'Brien,Industry - Horticulture,2024-08-05,2029-08-04
MELBOURNE CITY INSTITUTE PTY LTD,Adelaide City Tech and Innovation DAMA,2024-10-09,2029-10-08
ML CROWSTON PTY LTD,South Australia Regional DAMA,2024-09-23,2029-09-22
PACIFIC OCEAN RANCH PTY LTD,Industry - Fishing,2024-09-06,2029-09-05
Keller Pty Ltd,GTS - Established business,2024-09-27,2029-09-26
Hedland Harbour Industries Pty Ltd,Pilbara DAMA,2024-09-24,2029-09-23
Samadhi Sathkara Incorporated,Industry - Minister of Religion,2024-09-27,2029-09-26
ANM BUSINESS SERVICES PTY LTD,Goulburn Valley DAMA,2024-06-28,2029-06-27
AL JANNAH DA'WAH CENTRE,Industry - Minister of Religion,2024-10-04,2029-10-03
R S & G SINGH PTY LTD,Far North Queensland DAMA,2024-07-22,2029-07-21
Kimberley Care Group Pty Ltd,East Kimberley DAMA,2024-09-27,2029-09-26
J.M MCFADDEN & B.J NEILSON,East Kimberley DAMA,2024-07-15,2029-07-14
Xanadu Wines Pty Ltd,South West DAMA,2024-08-16,2029-08-15
Quinn Trading Pty Ltd,Northern Territory DAMA,2024-09-13,2029-09-12
TOWNSVILLE MARINE PTY LTD,Townsville DAMA,2024-08-30,2029-08-29
TERRITORY CARE PTY LTD,Northern Territory DAMA,2024-06-26,2029-06-25
Sailing Whitsundays Pty Ltd,Far North Queensland DAMA,2024-07-10,2029-07-09
Presbyterian Church of Australia in the State of NSW Parish of Murray,Industry - Minister of Religion,2024-10-14,2029-10-13
QUARTERMAINE PTY LTD,Far North Queensland DAMA,2024-06-21,2029-06-20
Reidy's Bananas Pty Ltd,Far North Queensland DAMA,2024-06-28,2029-06-27
G.G SPENA & S.E SPENA,Far North Queensland DAMA,2024-08-09,2029-08-08
YAMBUNA DOWNS PTY LTD,Industry - Dairy,2024-06-25,2029-06-24
AGRI WORKFORCE SOLUTIONS PTY LTD,Industry - On-Hire,2024-08-16,2029-08-15
Brahma Kumaris Centres for Spiritual Learning,Industry - Minister of Religion,2024-10-04,2029-10-03
Territory Traffic Management PTY LTD,Northern Territory DAMA,2024-07-23,2029-07-22
Cropline Group Pty Ltd,Pilbara DAMA,2024-10-08,2029-10-07
THE HINDU SOCIETY OF VICTORIA (AUSTRALIA) INC,Industry - Minister of Religion,2024-09-27,2029-09-26
AUSTRALIA AGRICULTURAL INVESTMENT GROUP PTY LTD,South Australia Regional DAMA,2024-08-19,2029-08-18
DALMORE DAIRY PTY LTD,Industry - Dairy,2024-08-02,2029-08-01
Pist4cchi,Far North Queensland DAMA,2024-06-24,2029-06-23
AUSTRALIAN QUALITY EXPORTERS PTY LTD,Northern Territory DAMA,2024-06-28,2029-06-27
PULSONI ORCHARDS PTY LTD,Goulburn Valley DAMA,2024-06-25,2029-06-24
All States Towing & Salvage Pty Ltd,Orana DAMA,2024-10-01,2029-09-30
ROBERT WALTERS PTY LTD,Industry - On-Hire,2024-06-24,2029-06-23
Hillarie Pty Ltd,Northern Territory DAMA,2024-08-20,2029-08-19
Luna and Co Cafe,Northern Territory DAMA,2024-07-18,2029-07-17
Il Chiosco Pty Ltd,Far North Queensland DAMA,2024-08-05,2029-08-04
Insight Early Learning Darwin Pty Ltd,Northern Territory DAMA,2024-09-24,2029-09-23
Essential Labour Solutions Pty Ltd,Industry - On-Hire,2024-07-29,2029-07-28
ESBJORN CO PTY LTD,Industry - Fishing,2024-09-12,2029-09-11
PEDN MORRIS PTY LTD,Industry - On-Hire,2024-08-27,2029-08-26
H Randhawa & P Randhawa,Industry - Horticulture,2024-06-28,2029-06-27
DAMDAY PTY LTD,Northern Territory DAMA,2024-09-25,2029-09-24
TEKTON SOLUTIONS PTY LTD,South Australia Regional DAMA,2024-08-14,2029-08-13
T. R. SAMUELS TRANSPORT PTY LIMITED,Skilled Refugee Pilot,2024-07-25,2029-07-24
Hola Support Services,South Australia Regional DAMA,2024-07-10,2029-07-09
Southern Barn Pty Ltd,South Australia Regional DAMA,2024-09-05,2029-09-04
RNK ZEALOT PTY LTD,Great South Coast DAMA,2024-08-30,2029-08-29
JUSREN HOLDINGS PTY LTD,East Kimberley DAMA,2024-07-11,2029-07-10
JYOTHI PTY LTD,South West DAMA,2024-08-06,2029-08-05
Summit Bakehouse Pty Ltd,Northern Territory DAMA,2024-08-16,2029-08-15
PRIMA FRESHPAK PTY LTD,Goulburn Valley DAMA,2024-07-11,2029-07-10
BOTTLES & CANS (WA) PTY LTD,Goldfields DAMA,2024-09-27,2029-09-26
MAHAMEVNAWA BUDDHIST MEDITATION CENTRE ADELAIDE LTD,Industry - Minister of Religion,2024-09-12,2029-09-11
PearlRestaurants Pty Ltd,East Kimberley DAMA,2024-08-06,2029-08-05
CHAMBERS TRADE SERVICES PTY LTD,Northern Territory DAMA,2024-09-09,2029-09-08
VISNA T MANAGEMENT PTY LTD,Industry - On-Hire,2024-08-22,2029-08-21
Daisy Child Care Pty Ltd,South West DAMA,2024-08-06,2029-08-05
Kimoh Ent Pty Ltd,Far North Queensland DAMA,2024-06-26,2029-06-25
HROMEK PTY LTD,Townsville DAMA,2024-07-23,2029-07-22
Trayhern Family Investments Pty Ltd,Northern Territory DAMA,2024-08-09,2029-08-08
RJ & JM Riddell Pty Ltd,Industry - Horticulture,2024-08-26,2029-08-25
Earlville Trading Pty Ltd,Far North Queensland DAMA,2024-07-19,2029-07-18
INDEPENDENT CHOICE CONTROL (ICC) PTY LTD,Northern Territory DAMA,2024-08-21,2029-08-20
Jay Ambe Aus Pty Ltd,Far North Queensland DAMA,2024-07-19,2029-07-18
Knight Fuel Pty Ltd,Townsville DAMA,2024-07-30,2029-07-29
Hair Obsession Nightcliff Pty Ltd,Northern Territory DAMA,2024-09-05,2029-09-04
QUBE ENERGY PTY LTD,Northern Territory DAMA,2024-07-22,2029-07-21
HOURIGAN DAIRY COMPANY PTY LTD,Industry - Dairy,2024-06-28,2029-06-27
MDM (WA) Pty Ltd,Pilbara DAMA,2024-07-30,2029-07-29
Murray Mallee Aged Care Group Inc.,South Australia Regional DAMA,2024-07-18,2029-07-17
Infinite Ability Pty Ltd,Company Specific,2024-09-05,2029-09-04
Australian Wildflowers Pty Ltd,Company Specific,2024-08-02,2029-08-01
VYNBAN PTY LTD,Industry - Fishing,2024-06-21,2029-06-20
THE TRUSTEE FOR JANEFIELD TRUST,Industry - Dairy,2024-10-04,2029-10-03
THE SALVATION ARMY (NEW SOUTH WALES) PROPERTY TRUST,Far North Queensland DAMA,2024-06-20,2029-06-19
MGW Engineering Pty Ltd,Orana DAMA,2024-07-19,2029-07-18
RETAINING SPECIALISTS PTY LIMITED,Company Specific,2024-07-03,2029-07-02
TEHGO PTY LTD,Northern Territory DAMA,2024-07-18,2029-07-17
FLUTES AND FLUTISTS PTY LTD,Company Specific,2024-09-20,2029-09-19
Way Of Humanity Pty Ltd,Company Specific,2024-07-08,2029-07-07
Mehar Admella Pty Ltd,Great South Coast DAMA,2024-06-24,2029-06-23
EMU MOOS PTY LTD,Industry - Dairy,2024-07-23,2029-07-22
Darwin Railway Sports & Social Club Inc,Northern Territory DAMA,2024-09-30,2029-09-29
SOUTHERN CROSS CARE (NSW & ACT) LIMITED,Industry - Aged Care,2024-09-10,2029-09-09
PROCLOZ PTY LTD,Industry - On-Hire,2024-08-27,2029-08-26
STELLARIS CONSULTING AUSTRALIA PTY LTD,Industry - On-Hire,2024-09-17,2029-09-16
THE TRUSTEE FOR SINGH & SHETRA FAMILY TRUST,Industry - Horticulture,2024-10-04,2029-10-03
2REALIT PTY LTD,Industry - Aged Care,2024-09-17,2029-09-16
STEPHEN G & KERRYANNE ALLMAN,Industry - Dairy,2024-08-16,2029-08-15
The Trustee For Talangi Trust,South Australia Regional DAMA,2024-09-23,2029-09-22
Harvest Pub Operations Pty Ltd,Orana DAMA,2024-08-30,2029-08-29
WOOMBYE CARE INC,Industry - Aged Care,2024-07-18,2029-07-17
TERRITORY HEALTH AND SUPPORT PTY LTD,Northern Territory DAMA,2024-10-09,2029-10-08
PRIMA FRESH ORCHARDS & COOLSTORES PTY LTD,Goulburn Valley DAMA,2024-07-02,2029-07-01
Old Bill's Food and Beverage Pty Ltd,Great South Coast DAMA,2024-08-30,2029-08-29
Modern Bricklaying Development Pty Ltd,Skilled Refugee Pilot,2024-07-12,2029-07-11
Mano Wraps Pty Ltd,South West DAMA,2024-08-08,2029-08-07
SERENE COUNTRY LIVING PTY LTD,South Australia Regional DAMA,2024-09-03,2029-09-02
Noosacare Inc.,Industry - Aged Care,2024-08-27,2029-08-26
Kairos Care Pty Ltd,Industry - Aged Care,2024-09-12,2029-09-11
Joy Methodist Church Inc.,Industry - Minister of Religion,2024-09-24,2029-09-23
MINYA BUNHII INCORPORATED,South Australia Regional DAMA,2024-09-23,2029-09-22
ERIZON PTY LTD,Industry - Horticulture,2024-07-08,2029-07-07
Lucaston Park Orchards Pty Ltd,Industry - Horticulture,2024-08-01,2029-07-31
HUNTER BIBLE CHURCH ASSOCIATION INC,Industry - Minister of Religion,2024-09-27,2029-09-26
AVS PRODUCTIONS (AUSTRALASIA),Industry - Minister of Religion,2024-09-12,2029-09-11
Saltbush Pastoral Services Pty Ltd,South Australia Regional DAMA,2024-08-30,2029-08-29
Equans Axima Australia Pty Ltd,South Australia Regional DAMA,2024-09-17,2029-09-16
INDONESIAN FAMILY CHURCH,Industry - Minister of Religion,2024-10-11,2029-10-10
HJK Farms Pty Ltd,South Australia Regional DAMA,2024-08-12,2029-08-11
Northern Adelaide Waste Management Authority,South Australia Regional DAMA,2024-09-11,2029-09-10
GLOBAL CONTRACTOR MANAGEMENT SOLUTIONS,Industry - On-Hire,2024-10-04,2029-10-03
MQE GROUP Pty Ltd,Orana DAMA,2024-09-12,2029-09-11
Port Gawler Produce Pty Ltd,South Australia Regional DAMA,2024-09-30,2029-09-29
HAPPY HIPPO CHILDCARE LB PTY LTD,Company Specific,2024-07-19,2029-07-18
Adam Peter Gilbert,Far North Queensland DAMA,2024-07-05,2029-07-04
SKY FUELS PTY LTD,South Australia Regional DAMA,2024-09-06,2029-09-05
ABORIGINAL ELDERS & COMMUNITY CARE SERVICES INC,South Australia Regional DAMA,2024-08-30,2029-08-29
NSK Pizza Group Pty Ltd,Goulburn Valley DAMA,2024-06-20,2029-06-19
ESTIA INVESTMENTS PTY. LTD.,Skilled Refugee Pilot,2024-09-30,2029-09-29
SINGH ARIK PTY LTD,South Australia Regional DAMA,2024-09-06,2029-09-05
SRSG PTY LTD,South Australia Regional DAMA,2024-08-01,2029-07-31
The Trustee for JRL Pace Trust,Northern Territory DAMA,2024-07-19,2029-07-18
The Trustee for THE T J S CRIMP TRUST,Industry - Dairy,2024-08-20,2029-08-19
CENTURY AUTO GROUP PTY LTD,Goulburn Valley DAMA,2024-10-09,2029-10-08
BAROSSA VILLAGE INC,South Australia Regional DAMA,2024-09-09,2029-09-08
Category 5 Labour Management (VSA) Pty Ltd,Pilbara DAMA,2024-07-11,2029-07-10
ALICE FASHION PTY. LTD.,Northern Territory DAMA,2024-09-09,2029-09-08
ROCK & K AUTOMOTIVE PTY LTD,Goulburn Valley DAMA,2024-10-07,2029-10-06
VLI Conveyors Pty Limited,Goldfields DAMA,2024-09-03,2029-09-02
Serco Australia Pty Limited,GTS - Established business,2024-10-09,2029-10-08
AURRUM PTY. LIMITED,Company Specific,2024-07-02,2029-07-01
G & I Enterprises Pty Ltd,Goulburn Valley DAMA,2024-06-28,2029-06-27
SD HARVESTING PTY LTD,Townsville DAMA,2024-07-19,2029-07-18
OJI FIBRE SOLUTIONS (AUS) PTY LTD,Far North Queensland DAMA,2024-07-15,2029-07-14
GURU BROTHERS FOOD AND LIQUOR MERCHANT PTY LTD,Pilbara DAMA,2024-06-25,2029-06-24
iExcel Support Pty Ltd,Far North Queensland DAMA,2024-09-25,2029-09-24
SHARK BAY SEAFOODS PTY LTD,Industry - Fishing,2024-08-19,2029-08-18
Wong Brothers Investments Pty Ltd,Townsville DAMA,2024-10-10,2029-10-09
MILLS CORPORATION PTY LTD,Industry - On-Hire,2024-09-17,2029-09-16
MCMAHON FAMILY ENTERPRISES PTY LTD,South Australia Regional DAMA,2024-09-13,2029-09-12
Cowabunga Drinks Pty Ltd,South West DAMA,2024-06-24,2029-06-23
Bayswater Gardens Pty Ltd,Industry - Aged Care,2024-09-03,2029-09-02
SAMEAL PTY LTD,South Australia Regional DAMA,2024-10-01,2029-09-30
COUNTRY VIEW DAIRY PTY LTD,Industry - Dairy,2024-07-12,2029-07-11
Bay of Isles Community Outreach Inc.,Goldfields DAMA,2024-09-03,2029-09-02
AP Skye Pty Ltd,South Australia Regional DAMA,2024-08-16,2029-08-15
CPR Group Australia Pty Ltd,Skilled Refugee Pilot,2024-06-22,2029-06-21
Bluewater Hotel Pty Ltd,Far North Queensland DAMA,2024-09-03,2029-09-02
CENTURY PRODUCTS (S.A.) PROPRIETARY LIMITED,Adelaide City Tech and Innovation DAMA,2024-09-03,2029-09-02
Junction 8 Pty Ltd,Northern Territory DAMA,2024-06-28,2029-06-27
NURSING SOLUTIONS GROUP PTY LTD,Industry - On-Hire,2024-09-12,2029-09-11
"JASPAL SINGH GHUMAN, NARINDER KAUR GHUMAN",Industry - Horticulture,2024-08-28,2029-08-27
DARWIN TUBULAR PRODUCTS PTY. LTD.,Northern Territory DAMA,2024-06-25,2029-06-24
NORTHLINE PARTNERSHIP,Northern Territory DAMA,2024-08-20,2029-08-19
A.M MURNANE & G.J RYAN,Industry - Dairy,2024-08-07,2029-08-06
CASUARINA FRESH FOOD PTY LTD,Northern Territory DAMA,2024-08-23,2029-08-22
MIDFIELD FOOD SERVICES PTY LTD,South Australia Regional DAMA,2024-09-23,2029-09-22
RJW Friend Fishing Pty Ltd,Industry - Fishing,2024-08-22,2029-08-21
NT INVESTA GROUP PTY LTD,Northern Territory DAMA,2024-08-30,2029-08-29
THICH TAM CORPORATION PTY LTD,South Australia Regional DAMA,2024-09-10,2029-09-09
Redondo Pty Ltd,Northern Territory DAMA,2024-09-24,2029-09-23
Nerada Services PTY LTD,Far North Queensland DAMA,2024-07-18,2029-07-17
888 Abalone Pty Ltd,Industry - Fishing,2024-07-18,2029-07-17
AVT RESOURCES PTY LTD,Industry - On-Hire,2024-08-27,2029-08-26
SKILLED LINEMARKING & TRAFFIC CONTROL PTY LTD,Northern Territory DAMA,2024-10-14,2029-10-13
P.M. & C.E. GRINTER PTY LTD,Industry - Dairy,2024-06-28,2029-06-27
PJ & NA STRAHAN PTY LTD,South West DAMA,2024-09-26,2029-09-25
The Cowandilla Christian and Missionary Alliance Church of South Australia Incorporated,Industry - Minister of Religion,2024-10-10,2029-10-09
Mount Isa Day Nursery and Kindergarten Inc,Townsville DAMA,2024-09-04,2029-09-03
RAROYA PTY LTD,Northern Territory DAMA,2024-10-01,2029-09-30
Bhatti Trucking Pty Ltd,Goulburn Valley DAMA,2024-08-23,2029-08-22
BSCL GROUP PTY LTD,Orana DAMA,2024-08-23,2029-08-22
Sovereign Resort Hotel Pty Ltd,Far North Queensland DAMA,2024-08-27,2029-08-26
Specialized Electrical Pty Ltd,Orana DAMA,2024-07-31,2029-07-30
CRUISER AUTO SERVICES PTY LTD,Northern Territory DAMA,2024-10-10,2029-10-09
CARE AND HOUSING PTY LTD,South Australia Regional DAMA,2024-09-10,2029-09-09
TRIPLE J RISING PTY LIMITED,Orana DAMA,2024-06-28,2029-06-27
KHEMARARANGSI BUDDHIST TEMPLE OF THE ACT INCORPORATED,Industry - Minister of Religion,2024-10-15,2029-10-14
HUNTER VALLEY CARE PTY. LIMITED,Industry - Aged Care,2024-09-23,2029-09-22
Jacob Family Group Pty Ltd,South West DAMA,2024-07-10,2029-07-09
Madoli Corporate Pty Limited,Townsville DAMA,2024-10-10,2029-10-09
Howard Park Wines Pty Ltd,South West DAMA,2024-10-01,2029-09-30
HAGFISH AUSTRALIA PTY LTD,Industry - Fishing,2024-06-22,2029-06-21
The Trustee for Gupta Family Trust,South Australia Regional DAMA,2024-09-13,2029-09-12
NAN HAI PU TUO TEMPLE OF AUSTRALIA INCORPORATED,Industry - Minister of Religion,2024-10-09,2029-10-08
HealthX Group Pty Ltd,Industry - On-Hire,2024-08-21,2029-08-20
CVN Pty Ltd,Pilbara DAMA,2024-08-16,2029-08-15
Allied Health Group (Aus) Pty Ltd,Industry - On-Hire,2024-08-20,2029-08-19
Gin Ricky Hospitality Pty Ltd,Industry – Premium Dining,2024-07-02,2029-07-01
AUSTRALIAN LEISURE AND HOSPITALITY GROUP PTY LIMITED,Northern Territory DAMA,2024-10-01,2029-09-30
SCOTCH & KODA PTY LTD,South West DAMA,2024-07-10,2029-07-09
CSIDE Cairns Pty Ltd,Far North Queensland DAMA,2024-10-04,2029-10-03
WEST WIMMERA HEALTH SERVICE,Industry - Aged Care,2024-06-26,2029-06-25
BRIMIN GROVE PTY. LTD. AND ROLMAC HEIGHTS PTY. LTD.,Industry - Dairy,2024-08-19,2029-08-18
MANGJA PTY LTD,Industry – Premium Dining,2024-07-18,2029-07-17
Apollo Bay Fishermen's Co-Operative Society LTD,Industry - Fishing,2024-07-06,2029-07-05
AEGIS AGED CARE STAFF PTY LTD,Industry - Aged Care,2024-07-31,2029-07-30
Western Health,Skilled Refugee Pilot,2024-07-06,2029-07-05
SJP AUTOMOTIVE PTY LTD,Northern Territory DAMA,2024-07-22,2029-07-21
Bettercare Direct Pty Ltd,South Australia Regional DAMA,2024-08-16,2029-08-15
CSH PTY LTD,Goldfields DAMA,2024-08-06,2029-08-05
BLUE HAT GROUP PTY LTD,Pilbara DAMA,2024-08-16,2029-08-15
Brown Dog Fishing Company Pty Ltd,Industry - Fishing,2024-08-16,2029-08-15
SOUTHERN FOREST LEISURE PTY LTD,South West DAMA,2024-08-01,2029-07-31
Voice Painting Pty Ltd,Skilled Refugee Pilot,2024-07-23,2029-07-22
Lizzio's Bananas Pty Ltd,Far North Queensland DAMA,2024-09-24,2029-09-23
Specialist Air Management Pty Ltd,South Australia Regional DAMA,2024-09-11,2029-09-10
Berry Sweet Strawberry Farm Pty Ltd,Industry - Horticulture,2024-08-14,2029-08-13
SWANCARE GROUP INC,Industry - Aged Care,2024-09-10,2029-09-09
JAPE FURNITURE PTY. LIMITED,Northern Territory DAMA,2024-08-21,2029-08-20
Gove Pizza Diner & Catering Pty Ltd,Northern Territory DAMA,2024-09-11,2029-09-10
ALBANIAN MOSLEM SOCIETY SHEPPARTON,Industry - Minister of Religion,2024-10-08,2029-10-07
Magni Pty Ltd,Far North Queensland DAMA,2024-07-10,2029-07-09
J ASHBY & S.E ASHBY,Industry - Dairy,2024-06-21,2029-06-20
FAMILY FRESH FARMS PTY LIMITED,Industry - Horticulture,2024-07-25,2029-07-24
Midline Holdings Pty Ltd,Goldfields DAMA,2024-07-06,2029-07-05
TYRE AND AUTO PTY LTD,South Australia Regional DAMA,2024-10-14,2029-10-13
Department of Health Qld,Townsville DAMA,2024-08-23,2029-08-22
CENTRAL AGRI GROUP PTY LTD,Industry - Meat,2024-07-18,2029-07-17
HELPING HAND AGED CARE INC,South Australia Regional DAMA,2024-09-11,2029-09-10
Earth-Trek Tipper & Plant Hire Pty Ltd,Skilled Refugee Pilot,2024-07-23,2029-07-22
McCarroll Motors Mudgee Pty Ltd,Orana DAMA,2024-09-12,2029-09-11
GURMAN & MANREET PTY LTD,Far North Queensland DAMA,2024-08-14,2029-08-13
FRASER AND JENKINSON PROPRIETARY LIMITED,Company Specific,2024-06-28,2029-06-27
Atlas Technology Services Australia Pty Ltd,Industry - On-Hire,2024-09-06,2029-09-05
Thompson Health Care Pty Ltd,Industry - Aged Care,2024-06-25,2029-06-24
AUTONOMY & ASSET MANAGEMENT GROUP PTY LTD,Industry - On-Hire,2024-08-08,2029-08-07
BC5 Pty ltd,South West DAMA,2024-08-08,2029-08-07
M.C. HERD PROPRIETARY LIMITED,Industry - Meat,2024-08-08,2029-08-07
LITTLE H OPERATIONS PTY LTD,South West DAMA,2024-09-25,2029-09-24
A.L CLUNE & T.R CLUNE,Industry - Dairy,2024-07-18,2029-07-17
KECH Pty Ltd,Far North Queensland DAMA,2024-09-03,2029-09-02
ASMITA FOUNDATION PTY LTD,Pilbara DAMA,2024-07-24,2029-07-23
BETA COOLALINGA BUTCHERS PTY LTD,Northern Territory DAMA,2024-08-07,2029-08-06
Cranbrook Care (William Cape Gardens) Pty Ltd,Industry - Aged Care,2024-09-03,2029-09-02
Espyard Pty Ltd,Far North Queensland DAMA,2024-07-19,2029-07-18
OverEdge Pty Ltd,Townsville DAMA,2024-09-03,2029-09-02
Top Stars Wrecking Pty Ltd,Skilled Refugee Pilot,2024-09-10,2029-09-09
Wolfred Pty Limited,Goldfields DAMA,2024-09-19,2029-09-18
JO'S CURRY HOUSE PTY LTD,South West DAMA,2024-08-31,2029-08-30
Cygnet Bay Sales Pty Ltd,East Kimberley DAMA,2024-10-09,2029-10-08
BEST WAY SCRAP METAL PTY. LTD.,Skilled Refugee Pilot,2024-08-06,2029-08-05
RAGU & CO PTY LTD,South Australia Regional DAMA,2024-09-17,2029-09-16
THE TRUSTEES FOR EMPROS TRUST & THE THAROS TRUST,South Australia Regional DAMA,2024-09-23,2029-09-22
HUDSON APARTMENT HOTELS PTY LTD,Northern Territory DAMA,2024-09-11,2029-09-10
Orange ELC Pty Ltd,Orana DAMA,2024-09-10,2029-09-09
DENTIST AT HEALTHLINK PTY LTD,Townsville DAMA,2024-09-17,2029-09-16
Foodz Pty Ltd,Far North Queensland DAMA,2024-06-27,2029-06-26
Authentic Japanese Noodles (Gouger Street) PTY LTD,South Australia Regional DAMA,2024-10-04,2029-10-03
Daily Life Supports Pty Ltd,Far North Queensland DAMA,2024-08-20,2029-08-19
Dee Vine Estate Pty Ltd,Industry - Horticulture,2024-07-29,2029-07-28
"SINGH, HARWINDER",Far North Queensland DAMA,2024-10-14,2029-10-13
South East Conveyors Pty. Ltd.,Company Specific,2024-07-26,2029-07-25
SYESUN PTY LTD,Industry - Horticulture,2024-07-05,2029-07-04
BRENDAN O'BRIEN AND TANIA O'BRIEN AS TRUSTEES FOR O'BRIEN FAMILY TRUST,Industry - Dairy,2024-08-01,2029-07-31
LAMDENI SCHOOL INC,Company Specific,2024-08-22,2029-08-21
BLANCO HORNER PTY LTD,Industry – Premium Dining,2024-08-01,2029-07-31
CACHET HOLDINGS PTY LTD,East Kimberley DAMA,2024-08-01,2029-07-31
Edgarley Home Inc.,Industry - Aged Care,2024-07-06,2029-07-05
J Humphris & Co,Industry - Horticulture,2024-06-28,2029-06-27
Bayside Group Pty Ltd,Industry - On-Hire,2024-07-31,2029-07-30
Sniper Fishing Pty Ltd,Industry - Fishing,2024-09-12,2029-09-11
SOUTHGATE PAEDIATRIC PTY LTD,South Australia Regional DAMA,2024-08-16,2029-08-15
ADP PTY LTD,South Australia Regional DAMA,2024-10-14,2029-10-13
RESICARE SA PTY LTD,South Australia Regional DAMA,2024-08-06,2029-08-05
Avec Global Pty Limited,Industry - On-Hire,2024-07-31,2029-07-30
TWINVIEW HEALTH PTY LTD,South Australia Regional DAMA,2024-08-14,2029-08-13
MARCOS YAGO RODRIGUES SAHADE,South Australia Regional DAMA,2024-08-21,2029-08-20
Karratha Baptist Church,Industry - Minister of Religion,2024-09-23,2029-09-22
DEPARTMENT OF DEFENCE ARMY & AIR FORCE CANTEEN SERVICE,Northern Territory DAMA,2024-08-30,2029-08-29
ORIGIN FAMILY PTY LTD,South West DAMA,2024-07-19,2029-07-18
Sava Foods Pty Ltd,Goulburn Valley DAMA,2024-07-19,2029-07-18
DARWIN FIBREGLASS PTY LTD,Northern Territory DAMA,2024-10-09,2029-10-08
Erldunda Desert Oaks Resort Pty Ltd,Northern Territory DAMA,2024-06-21,2029-06-20
TOPDRILL Training Pty Ltd,Goldfields DAMA,2024-08-05,2029-08-04
J HIBBERSON & J.L HIBBERSON,Industry - Dairy,2024-07-01,2029-06-30
Essential Air Solutions Pty Ltd,Far North Queensland DAMA,2024-09-12,2029-09-11
COASTWIDE EXPRESS PTY LTD,Goulburn Valley DAMA,2024-06-25,2029-06-24
DAINTREE FRESH PTY LTD,Far North Queensland DAMA,2024-06-24,2029-06-23
Shah Motel Pty Ltd,Orana DAMA,2024-07-29,2029-07-28
PROTEN PTY LIMITED,Company Specific,2024-09-11,2029-09-10
Chapman Brook Pty Ltd,Industry - Dairy,2024-07-08,2029-07-07
BLUE SKIES FISHING CO. PTY LTD ATF THE DOYLE FAMILY TRUST,Industry - Fishing,2024-07-25,2029-07-24
DERBY INDUSTRIES PTY LTD,Industry - Pork,2024-08-02,2029-08-01
Story House Management Pty Ltd,Great South Coast DAMA,2024-08-23,2029-08-22
EVOLUTION SAILS AUSTRALIA PTY LTD,Company Specific,2024-07-26,2029-07-25
Aspire Together Pty Ltd,Company Specific,2024-07-03,2029-07-02
RICHEY FISHING CO PTY LTD,Industry - Fishing,2024-07-23,2029-07-22
PILCA PTY LTD,Industry - Horticulture,2024-07-06,2029-07-05
HILLEROD PTY LTD,South West DAMA,2024-10-09,2029-10-08
"AR BEARD, LW BEARD, AJ BIDMADE & SL BIDMADE",Industry - Dairy,2024-06-24,2029-06-23
DYAL & BANANA COMPANY PTY LTD,Far North Queensland DAMA,2024-07-02,2029-07-01
ELDRIDGE FRESH ORGANICS PTY LTD,South Australia Regional DAMA,2024-09-24,2029-09-23
UMNT Incorporated,Industry - Minister of Religion,2024-08-05,2029-08-04
T. Eilbeck & Son Pty Ltd,Pilbara DAMA,2024-06-24,2029-06-23
RANDEEP SINGH SAHOTA AND PARVEEN GILL,Far North Queensland DAMA,2024-07-26,2029-07-25
Jammu Breweries Pty Ltd,South West DAMA,2024-10-08,2029-10-07
JANABAR PTY LTD,East Kimberley DAMA,2024-07-10,2029-07-09
OCEAN PARK MINISTRY INCORPORATED,Industry - Minister of Religion,2024-10-09,2029-10-08
PRISTINE OYSTER FARM PTY LTD,South Australia Regional DAMA,2024-10-01,2029-09-30
Spirit of Eagle Bay Pty Ltd,South West DAMA,2024-07-04,2029-07-03
Clovelly Tasmania Pty Ltd,Industry - Dairy,2024-07-10,2029-07-09
PRETLOVE FARM INVESTMENTS PTY LTD,East Kimberley DAMA,2024-07-23,2029-07-22
DUBBO ENT PTY LTD,Orana DAMA,2024-07-10,2029-07-09
SEIRATAR PTY LIMITED,Northern Territory DAMA,2024-10-07,2029-10-06
DPG SERVICES PTY LTD,South West DAMA,2024-07-25,2029-07-24
GAVAL COMMUNITY SERVICES PTY LTD,South Australia Regional DAMA,2024-10-09,2029-10-08
Sailing Into Future Pty Ltd,Great South Coast DAMA,2024-09-24,2029-09-23
J. FURPHY & SONS PROPRIETARY LIMITED,Goulburn Valley DAMA,2024-08-13,2029-08-12
Sage Services Australia Pty Ltd,East Kimberley DAMA,2024-07-24,2029-07-23
ERBD PTY LIMITED,Orana DAMA,2024-06-26,2029-06-25
JAMES SONG DENTAL PTY LIMITED,Company Specific,2024-07-19,2029-07-18
TEXAS CONTRACTORS PTY LTD,Northern Territory DAMA,2024-09-27,2029-09-26
BBC Painting NSW Pty Ltd,Skilled Refugee Pilot,2024-07-19,2029-07-18
MCCORRY BROWN EARTHMOVING PTY LTD,East Kimberley DAMA,2024-08-19,2029-08-18
In Vertice Pty Ltd,South Australia Regional DAMA,2024-09-12,2029-09-11
ROGUE SEAS PTY LTD,Industry - Fishing,2024-07-31,2029-07-30
NUGENT AG PTY LTD,Industry - Dairy,2024-06-21,2029-06-20
Guymer Concreting and Building Services Pty Ltd,East Kimberley DAMA,2024-07-11,2029-07-10
Bree Bees Early Learning services pty ltd,South Australia Regional DAMA,2024-07-19,2029-07-18
Sushi Gosu Pty Ltd,Northern Territory DAMA,2024-07-22,2029-07-21
Langalow Pty Ltd,Northern Territory DAMA,2024-10-08,2029-10-07
Clare Construction & Civil Pty Ltd,Northern Territory DAMA,2024-06-24,2029-06-23
ASIBO PTY LTD,South West DAMA,2024-08-07,2029-08-06
BOND STREET ITALIAN RESTAURANT PTY LTD,Industry – Premium Dining,2024-07-18,2029-07-17
Adapt-a-Lift Group Pty Ltd,Orana DAMA,2024-09-11,2029-09-10
Cairns Marine Pty Ltd,Far North Queensland DAMA,2024-07-18,2029-07-17
AMAL GROUP PTY LTD,Industry - On-Hire,2024-07-18,2029-07-17
Monsoon Aquatics Pty Ltd,Company Specific,2024-08-30,2029-08-29
A&I Coatings Pty Ltd,Orana DAMA,2024-08-30,2029-08-29
WESTERN ABALONE PROCESSORS PTY. LTD.,South Australia Regional DAMA,2024-09-09,2029-09-08
Kimberley Wild Expeditions Pty Ltd,East Kimberley DAMA,2024-09-12,2029-09-11
CATHOLIC HEALTHCARE LIMITED,Orana DAMA,2024-08-30,2029-08-29
WOODLAWN PASTORAL COMPANY PTY. LTD.,Industry - Dairy,2024-08-19,2029-08-18
Mirli Mirli Pty Ltd,East Kimberley DAMA,2024-10-09,2029-10-08
M AND M DICARLO ATF DICARLO FAMILY TRUST,Far North Queensland DAMA,2024-06-26,2029-06-25
ORCHID WINE ESTATE PTY LTD,South Australia Regional DAMA,2024-08-30,2029-08-29
Garden View Aged Care Pty Ltd,Industry - Aged Care,2024-09-06,2029-09-05
J Bendotti & S Bendotti & T Bendotti & Javeau Nominees Pty Ltd & Joe Bendotti Family Trust,South West DAMA,2024-10-01,2029-09-30
Support My Way Pty Ltd,South Australia Regional DAMA,2024-08-23,2029-08-22
NORTHERN WILDCATCH SEAFOOD AUSTRALIA PTY LTD,Industry - Fishing,2024-06-22,2029-06-21
Collar Talent Group Pty Ltd,Industry - On-Hire,2024-07-18,2029-07-17
EARLY LEARNING AUSTRALIA PTY LTD,Pilbara DAMA,2024-07-22,2029-07-21
MH Premium Farms Holdings Pty Limited,Townsville DAMA,2024-09-04,2029-09-03
Bradley Trade Services Pty Ltd,Skilled Refugee Pilot,2024-07-12,2029-07-11
Punjab Foods Pty Ltd,Orana DAMA,2024-10-07,2029-10-06
Broadwater Resort,South West DAMA,2024-07-11,2029-07-10
Joii Limited,Industry - On-Hire,2024-08-14,2029-08-13
CARROT KINGS MYALUP PTY LTD,South West DAMA,2024-07-02,2029-07-01
Goulburn Motor Group (Vic) Pty Ltd,Goulburn Valley DAMA,2024-08-20,2029-08-19
Golden Pig Australia Pty Ltd,Far North Queensland DAMA,2024-07-19,2029-07-18
GULKULA MINING COMPANY PTY LTD,Northern Territory DAMA,2024-07-11,2029-07-10
PINTUPI HOMELANDS HEALTH SERVICE (ABORIGINAL CORPORATION),Northern Territory DAMA,2024-06-27,2029-06-26
McRahman Pty Ltd,Far North Queensland DAMA,2024-06-20,2029-06-19
Jewel WA Pty Ltd,South West DAMA,2024-07-23,2029-07-22
HIGGINS COATINGS PTY LTD,Townsville DAMA,2024-09-16,2029-09-15
J Taylor and M.A Taylor,Far North Queensland DAMA,2024-07-10,2029-07-09
Derinean Pty Ltd,Industry - Dairy,2024-08-05,2029-08-04
ROYLANDS PTY LTD,Northern Territory DAMA,2024-09-20,2029-09-19
iStaff Australia Pty Ltd,Industry - On-Hire,2024-06-21,2029-06-20
RJSB TRUST & THE TRUSTEE FOR BAMESS R & S FAMILY TRUST,South West DAMA,2024-06-25,2029-06-24
Francis-Jones Carpenter Pty Limited,Company Specific,2024-07-30,2029-07-29
CHRISTIAN OUTREACH CENTRE,Industry - Minister of Religion,2024-07-25,2029-07-24
LOUKAS CBD PTY. LTD.,Far North Queensland DAMA,2024-10-14,2029-10-13
JA Russell Australia Pty Ltd,Goldfields DAMA,2024-07-29,2029-07-28
Jackwitz Farms Pty Ltd,Industry - Horticulture,2024-07-31,2029-07-30
VIOLET TOWN BUSH NURSING CENTRE INC,Industry - Aged Care,2024-09-24,2029-09-23
Bondi Acquisitions Pty Ltd,Industry – Premium Dining,2024-07-08,2029-07-07
Access Hire South Australia Pty Ltd,Industry - On-Hire,2024-10-11,2029-10-10
ENVIROFRESH PTY LTD,Far North Queensland DAMA,2024-07-08,2029-07-07
EMPOWERING DISABILITY PARTNERS PTY LTD,South Australia Regional DAMA,2024-08-12,2029-08-11
Dowling Brothers Yarrawonga Pty Ltd,Industry - Horticulture,2024-08-13,2029-08-12
Park Beach Residence Pty Limited,Industry - Aged Care,2024-09-13,2029-09-12
JTS MANAGEMENT PTY LTD,Far North Queensland DAMA,2024-07-11,2029-07-10
MEATH CARE INC,Industry - Aged Care,2024-07-01,2029-06-30
Phoenix Goldfields Pty Ltd,Goldfields DAMA,2024-10-09,2029-10-08
AQUATECH DRILLING SOLUTIONS WA PTY LTD,South West DAMA,2024-07-23,2029-07-22
VN & AUS PTY LTD,Industry - On-Hire,2024-08-13,2029-08-12
EADE FARMS PTY LTD,Industry - Dairy,2024-07-08,2029-07-07
The Trustee for Ayorinde Family Trust,Great South Coast DAMA,2024-10-07,2029-10-06
Macedonian Community Welfare Association Limited,Industry - Aged Care,2024-08-16,2029-08-15
The trustee for RJ and JE Sellwood Family Trust,Goulburn Valley DAMA,2024-06-28,2029-06-27
Serra Farming Pty Ltd,Far North Queensland DAMA,2024-06-28,2029-06-27
Star Disability and Medical Services Pty Ltd,Northern Territory DAMA,2024-09-27,2029-09-26
ACE Education Consultants Pty Ltd,Industry - On-Hire,2024-10-10,2029-10-09
ELMBANKS HOLSTEINS PTY LTD,Industry - Dairy,2024-07-12,2029-07-11
Solid Holistic Care Pty Ltd,Company Specific,2024-07-05,2029-07-04
Atherton Tablelands Air Service,Far North Queensland DAMA,2024-08-09,2029-08-08
Rainbow Bridge Pty Ltd,East Kimberley DAMA,2024-10-15,2029-10-14
G Hair & Co,South West DAMA,2024-07-10,2029-07-09
EXCELSIOR ELECTRICAL PTY LTD,South Australia Regional DAMA,2024-10-01,2029-09-30
Australasia Scales Pty Ltd,Townsville DAMA,2024-10-02,2029-10-01
DODD & DODD GROUP PTY LTD,Pilbara DAMA,2024-07-30,2029-07-29
PINEHILLS (WA) PTY LTD,Goldfields DAMA,2024-07-01,2029-06-30
Bermil Australia Pty Ltd,Industry - On-Hire,2024-07-01,2029-06-30
BERAKAH CHRISTIAN EDUCATION LTD,Orana DAMA,2024-07-01,2029-06-30
MARKET EXPRESS PTY. LIMITED,Orana DAMA,2024-08-14,2029-08-13
Paul Patrick James Madaffari and Estelle Nicole Madaffari,Industry - Horticulture,2024-08-05,2029-08-04
INTERPRO AUSTRALIA PTY LTD,Industry - On-Hire,2024-09-12,2029-09-11
MORPHETT VALE DENTAL CARE PTY LTD,South Australia Regional DAMA,2024-08-13,2029-08-12
Australian Transit Group Pty ltd,Pilbara DAMA,2024-09-23,2029-09-22
ANNA RITA ZECCA & IVAN ZECCA,South West DAMA,2024-06-20,2029-06-19
FMR Investments Pty Limited,Goldfields DAMA,2024-06-20,2029-06-19
JOBIZE PTY LTD,Northern Territory DAMA,2024-06-20,2029-06-19
Gunningham Farms Pty Ltd,Industry - Dairy,2024-06-21,2029-06-20
O.S EBIZIE & A.B OCHIAGHA & C.S OGUOMA,Northern Territory DAMA,2024-09-11,2029-09-10
SANDVIK MINING AND CONSTRUCTION AUSTRALIA PTY LTD,Orana DAMA,2024-09-09,2029-09-08
Food Industry People Pty Ltd,Industry - On-Hire,2024-08-13,2029-08-12
HIKMA HOUSE PTY. LTD.,Company Specific,2024-06-27,2029-06-26
THE GENERAL CHURCH OF THE NEW JERUSALEM HURSTVILLE SOCIETY,Industry - Minister of Religion,2024-09-20,2029-09-19
THREE LITTLE STEPS PTY LTD AND SLANTED PTY LTD,Far North Queensland DAMA,2024-07-05,2029-07-04
Invenio Pty. Ltd.,Industry - On-Hire,2024-09-23,2029-09-22
R J & W A HULL CONTRACTING PTY LTD,South West DAMA,2024-09-27,2029-09-26
PAVILION CAFE & BAR PTY LTD,Great South Coast DAMA,2024-07-16,2029-07-15
FITONIA PTY LTD,South West DAMA,2024-07-02,2029-07-01
Hay Senior Citizens Assocation Incorporated,Industry - Aged Care,2024-06-21,2029-06-20
Wildfive Enterprises Pty Ltd,East Kimberley DAMA,2024-09-23,2029-09-22
KALINCHOWK BUSINESS GROUP PTY LTD,Orana DAMA,2024-07-06,2029-07-05
ENGLISH DHAMMA ORGANISATION INCORPORATED,Industry - Minister of Religion,2024-07-05,2029-07-04
LITTLE COMPANY OF MARY HEALTH CARE LIMITED,Industry - Aged Care,2024-07-18,2029-07-17
VIVABILITY LIMITED,Company Specific,2024-07-31,2029-07-30
ETWA PTY LTD,South West DAMA,2024-08-06,2029-08-05
KT ENTERPRISES (NT) PTY LTD,Northern Territory DAMA,2024-08-07,2029-08-06
Childs World Management Pty Ltd,Far North Queensland DAMA,2024-06-25,2029-06-24
BLSE PTY LTD,Northern Territory DAMA,2024-06-25,2029-06-24
All North Helicopters Pty Ltd,East Kimberley DAMA,2024-06-25,2029-06-24
CAMPBELL AUSTRALASIA PTY LTD,Skilled Refugee Pilot,2024-06-22,2029-06-21
CFMSS Pty Ltd,Industry - On-Hire,2024-08-13,2029-08-12
Positive Mental Health Program Pty Ltd,Goulburn Valley DAMA,2024-07-06,2029-07-05
CITIZEN HOLDINGS PTY LTD,Goldfields DAMA,2024-06-25,2029-06-24
Bupa Aged Care Australia Pty Ltd,Industry - Aged Care,2024-06-25,2029-06-24
Darwin Automotive Pty Ltd,Northern Territory DAMA,2024-10-02,2029-10-01
THE TRUSTEE FOR MICHELE MONTE FAMILY TRUST,Industry - Horticulture,2024-08-27,2029-08-26
WHTNXT SERVICES PTY LTD,Skilled Refugee Pilot,2024-08-16,2029-08-15
Realfence Industries Pty Ltd,Skilled Refugee Pilot,2024-07-12,2029-07-11
CAIRNS SOUTH EARLY LEARNING CENTRE PTY LTD,Far North Queensland DAMA,2024-06-25,2029-06-24
Great Lakes Aged and Invalid Care Association Limited,Industry - Aged Care,2024-10-15,2029-10-14
Pace Farming Pty Ltd,Townsville DAMA,2024-07-22,2029-07-21
GREATER NORTHERN REMOVALS PTY. LTD.,Far North Queensland DAMA,2024-07-11,2029-07-10
CWC Lube Mobile WA Pty Ltd,Pilbara DAMA,2024-08-19,2029-08-18
Reefwind Pty Ltd,Pilbara DAMA,2024-10-08,2029-10-07
COOMA CRASH REPAIRS PTY. LIMITED,Orana DAMA,2024-07-22,2029-07-21
PB 18 PTY. LTD,Townsville DAMA,2024-07-30,2029-07-29
MATTHEWS HOTELS PTY. LTD.,South Australia Regional DAMA,2024-09-26,2029-09-25
Steven Theodore Green,Skilled Refugee Pilot,2024-07-31,2029-07-30
WISE CHOICE IN HOME CARE PTY LTD,Industry - Aged Care,2024-06-22,2029-06-21
ARNOLD AG PTY LTD,Goldfields DAMA,2024-07-18,2029-07-17
"CHISVUURE, JULIETH",Northern Territory DAMA,2024-09-25,2029-09-24
N SINGH & P SINGH,Industry - Horticulture,2024-07-18,2029-07-17
REALISE ABILITY PTY LTD,Goldfields DAMA,2024-10-07,2029-10-06
WAGRAPES PTY. LTD.,South West DAMA,2024-10-14,2029-10-13
Coona Resorts Pty Ltd,Orana DAMA,2024-07-26,2029-07-25
Brisbane Evangelical Holiness Church,Industry - Minister of Religion,2024-06-22,2029-06-21
INFINITY LOOP PTY LTD,Northern Territory DAMA,2024-10-01,2029-09-30
Nicoletti Orchards Pty Ltd,Industry - Horticulture,2024-06-28,2029-06-27
INLET DAIRY PTY LTD,Industry - Dairy,2024-07-19,2029-07-18
BARLETTA ENTERPRISES PTY LTD,Far North Queensland DAMA,2024-06-21,2029-06-20
PRESS DUBBO PTY LYD,Orana DAMA,2024-07-06,2029-07-05
Underground Technologies Australia,South West DAMA,2024-07-29,2029-07-28
H.K. Dhother & P.S. Dhother,Far North Queensland DAMA,2024-08-09,2029-08-08
EQUALITY DISABILITY AND HEALTH CARE SERVICES PTY LTD,Company Specific,2024-06-19,2029-06-18
ALINEA INC,Industry - Aged Care,2024-06-21,2029-06-20
Marano Enterprises (Miallo) Pty Ltd ATF Marano Family Trust,Far North Queensland DAMA,2024-07-06,2029-07-05
MICK MURRAY WELDING (N.T.) PTY LTD,Northern Territory DAMA,2024-07-11,2029-07-10
Naracoorte Home for the Aged Inc,South Australia Regional DAMA,2024-09-13,2029-09-12
Territory Bandag Pty Ltd,Northern Territory DAMA,2024-08-01,2029-07-31
FAIRVIEW ORCHARDS PTY LTD,Far North Queensland DAMA,2024-06-26,2029-06-25
ANZ TILING SPECIALISTS SA PTY LTD,South Australia Regional DAMA,2024-09-03,2029-09-02
EMPOWERING PEOPLE IN COMMUNITIES (EPIC) INC,Pilbara DAMA,2024-07-31,2029-07-30
YES WE CAN DISABILITY SERVICES PTY LTD,Industry - Aged Care,2024-06-27,2029-06-26
YIELD STAR PTY LTD,Pilbara DAMA,2024-06-24,2029-06-23
Young Buddhist Research & Cultural Centre Incorporated,Industry - Minister of Religion,2024-08-06,2029-08-05
YOUR WAY MUSIC SERVICES PTY. LTD.,South Australia Regional DAMA,2024-09-04,2029-09-03
YOUTH WITH A MISSION (BRISBANE) INC,Industry - Minister of Religion,2024-07-18,2029-07-17
Yule Works Pty Ltd,Pilbara DAMA,2024-09-16,2029-09-15
ZNS HOLDING PTY LTD,South Australia Regional DAMA,2024-10-08,2029-10-07
Zonda Group Pty Ltd,Industry - On-Hire,2024-10-04,2029-10-03
ALICE CAR CENTRE PTY. LTD.,South Australia Regional DAMA,2024-08-14,2029-08-13
MAHAMEVNAWA BUDDHIST MEDITATION CENTRE-PERTH LTD,Industry - Minister of Religion,2024-10-01,2029-09-30
CRANBROOK CARE (LANSDOWNE GARDENS) PTY LIMITED,Industry - Aged Care,2024-09-03,2029-09-02
Regional Express Holdings Pty Ltd,Company Specific,2024-11-05,2026-11-04
HEDLAND CAR WASH PTY LTD,Pilbara DAMA,2023-11-20,2028-11-19
GHANA PRESBYTERIAN CHURCH - SYDNEY NSW INCORPORATED,Industry - Minister of Religion,2024-04-30,2029-04-29
AI TALENT PTY LTD,Industry - On-Hire,2024-05-08,2029-05-07
BDMS COMMUNITY SERVICES PTY LTD,Northern Territory DAMA,2024-05-08,2029-05-07
Bluedust Solutions Pty Ltd,Northern Territory DAMA,2024-05-08,2029-05-07
PAXUS AUSTRALIA PTY LIMITED,Industry - On-Hire,2024-05-08,2029-05-07
Naspur Corporation Pty Ltd,Townsville DAMA,2024-05-16,2029-05-15
PEOPLE 2.0 AUSTRALIA (EST) PTY LTD,Industry - On-Hire,2024-05-20,2029-05-19
"PINNUCK, JULIAN DAVID AND HANSEN, PAULA JOANNE",Industry - Dairy,2024-05-20,2029-05-19
Indasun Pty Ltd,Skilled Refugee Pilot,2024-05-31,2029-05-30
Qantas Airways Limited,Skilled Refugee Pilot,2024-06-06,2029-06-05
Y & F (CB) PTY LTD,Northern Territory DAMA,2024-06-06,2029-06-05
Singhsta Homes Pty. Ltd.,Far North Queensland DAMA,2024-06-11,2029-06-10
AYN Services Pty Ltd,Townsville DAMA,2024-06-12,2029-06-11
Integrated Employment Holdings Pty Ltd,Townsville DAMA,2024-06-12,2029-06-11
Access Investments Pty Limited,Northern Territory DAMA,2024-06-13,2029-06-12
Hillside Brae Pty Ltd,Industry - Aged Care,2024-06-13,2029-06-12
MSC ENG Pty Ltd,Townsville DAMA,2024-06-13,2029-06-12
Urapuntja Health Service Aboriginal Corporation,Northern Territory DAMA,2024-06-13,2029-06-12
FLETCHER INTERNATIONAL EXPORTS PTY LTD,Industry - Meat,2024-06-18,2029-06-17
Bonso Transport Pty Ltd,Far North Queensland DAMA,2024-06-19,2029-06-18
Red Earth Restaurants Pty Ltd,Pilbara DAMA,2024-06-19,2029-06-18
BERRIMAH INVESTMENTS PTY LTD,Northern Territory DAMA,2024-07-18,2029-07-17
"MARTENS, ANDREW JOSEPH",Far North Queensland DAMA,2024-08-07,2029-08-06
ECB PTY LTD,Company Specific,2024-08-12,2029-08-11
"GUPTA, ROHIT KUMAR AND GUPTA, NANCY",South Australia Regional DAMA,2024-09-13,2029-09-12
Mobile Concreting Solutions Pty Ltd,Pilbara DAMA,2024-09-19,2029-09-18
AUSTRALIAN PROPERTY PROJECTS PTY LTD ATF RED CENTRE UNIT TRUST,South Australia Regional DAMA,2024-10-02,2029-10-01
LARRAKIA DEVELOPMENT CORPORATION PTY LTD,Northern Territory DAMA,2024-10-02,2029-10-01
"MEEMANAGE PERERA, KOSALA SADEEP",Northern Territory DAMA,2024-10-02,2029-10-01
DREDGE HOLDINGS PTY LTD,East Kimberley DAMA,2024-10-03,2029-10-02
THE CORPORATION OF THE SYNOD OF THE DIOCESE OF BRISBANE,Industry - Minister of Religion,2024-10-03,2029-10-02
ZAM ZAM PETROLEUM PTY LTD,Townsville DAMA,2024-10-03,2029-10-02
Bob White Australia Pty Ltd,Company Specific,2024-10-16,2029-10-15
Sydney Urim Presbyterian Church Incorporated,Industry - Minister of Religion,2024-10-16,2029-10-15
Woorayl Lodge Inc,Company Specific,2024-10-16,2029-10-15
Berry Creek Packing Company Pty Ltd,Northern Territory DAMA,2024-10-17,2029-10-16
ROMANIAN CHRISTIAN PENTECOSTAL CHURCH PHILADELPHIA,Industry - Minister of Religion,2024-10-17,2029-10-16
BMT BUSINESS SERVICES PTY LTD,Northern Territory DAMA,2024-10-18,2029-10-17
N & S BOUMANSOUR PTY. LTD.,Company Specific,2024-10-18,2029-10-17
GADALETA STEEL FABRICATION PTY LTD,South Australia Regional DAMA,2024-10-21,2029-10-20
Radiant Minds Health Care Pty Ltd,Goulburn Valley DAMA,2024-10-21,2029-10-20
SEA BREEZE NIGHTCLIFF PTY LTD,Northern Territory DAMA,2024-10-21,2029-10-20
Siri Dharmasiri Buddhist Vihara of Toowoomba Inc,Industry - Minister of Religion,2024-10-21,2029-10-20
VERTEX PACKING PTY LTD,Far North Queensland DAMA,2024-10-21,2029-10-20
ALL ABOUT MARGARET RIVER PTY LTD,South West DAMA,2024-10-22,2029-10-21
ARNHEM EARLY LEARNING CENTRE PTY. LTD.,Northern Territory DAMA,2024-10-22,2029-10-21
DAULAT PTY LTD,Far North Queensland DAMA,2024-10-22,2029-10-21
DORWAY PTY LTD,Far North Queensland DAMA,2024-10-22,2029-10-21
JE HEART CARE PTY LTD.,South Australia Regional DAMA,2024-10-22,2029-10-21
NANDISH SERVICES PTY. LTD.,Orana DAMA,2024-10-22,2029-10-21
PICKERING CORPORATION PTY LTD,Townsville DAMA,2024-10-22,2029-10-21
PURE LAND LEARNING COLLEGE ASSOCIATION INC,Industry - Minister of Religion,2024-10-22,2029-10-21
RAMM (NT) PTY LTD,Northern Territory DAMA,2024-10-22,2029-10-21
SOHI PRODUCE PTY LTD,Industry - Horticulture,2024-10-22,2029-10-21
Presbyterian Church Murwillumbah,Industry - Minister of Religion,2024-10-23,2029-10-22
Aertex Group Pty Ltd,Northern Territory DAMA,2024-10-24,2029-10-23
BERTON VINEYARDS PTY LTD,Orana DAMA,2024-10-24,2029-10-23
Boffins Bakery Pty Ltd,East Kimberley DAMA,2024-10-24,2029-10-23
DHAMMAKAYA SOCIETY OF QUEENSLAND INC,Industry - Minister of Religion,2024-10-24,2029-10-23
Elashay Pty Ltd,East Kimberley DAMA,2024-10-24,2029-10-23
FMC FISHERIES PTY LTD ATF FMC FAMILY TRUST & F PIRRELLO & F PIRRELLO & M PIRRELLO,Industry - Fishing,2024-10-24,2029-10-23
Indonesian Presbyterian Church,Industry - Minister of Religion,2024-10-24,2029-10-23
J-CORP RESORT MANAGEMENT PTY LTD,East Kimberley DAMA,2024-10-24,2029-10-23
Jim Barry Wines Pty Ltd,South Australia Regional DAMA,2024-10-24,2029-10-23
KB Logistics Pty Ltd,Goulburn Valley DAMA,2024-10-24,2029-10-23
Newman Day Care Centre Inc,Pilbara DAMA,2024-10-24,2029-10-23
Riverdrift Group Pty Ltd,East Kimberley DAMA,2024-10-24,2029-10-23
A.J HILL & M.D HILL & THE TRUSTEE FOR JEML FAMILY TRUST & THE TRUSTEE,Goldfields DAMA,2024-10-25,2029-10-24
BUPA AGED CARE AUSTRALIA PTY LTD,South Australia Regional DAMA,2024-10-25,2029-10-24
IMAGINE EDUCATION EARLY LEARNING CENTRES NO. 22 PTY LTD,Townsville DAMA,2024-10-25,2029-10-24
Labour Solutions Australia Pty Ltd,Industry - On-Hire,2024-10-25,2029-10-24
Tracy Hill Dairies Pty Ltd,Industry - Dairy,2024-10-25,2029-10-24
Collective Hope Ltd,Industry - Minister of Religion,2024-10-28,2029-10-27
Duxton Bees Pty Ltd,Company Specific,2024-10-28,2029-10-27
ICBM SERVICES PTY LTD,Industry - On-Hire,2024-10-28,2029-10-27
Kulgera Service Area Pty Ltd,Northern Territory DAMA,2024-10-28,2029-10-27
LEONG HIBISCUS PHARMACY PTY LTD,Northern Territory DAMA,2024-10-28,2029-10-27
NORTH KIMBERLEY AIRPORT PTY LTD,East Kimberley DAMA,2024-10-28,2029-10-27
Protector Australia Pty Ltd,Company Specific,2024-10-28,2029-10-27
SUNSHINE HEALTH MEDICAL CLINIC PTY LTD,Company Specific,2024-10-28,2029-10-27
Vira United Pty Ltd,Company Specific,2024-10-28,2029-10-27
C.N BUGG & R.E BUGG T/A ARTOPIA GALLERY,East Kimberley DAMA,2024-10-29,2029-10-28
H2O WAREHOUSE PTY LTD,Far North Queensland DAMA,2024-10-29,2029-10-28
HOST SERVICES PTY. LTD.,Far North Queensland DAMA,2024-10-29,2029-10-28
JINDALEE ROAD MANAGEMENT CO. PTY LTD,Industry - Horticulture,2024-10-29,2029-10-28
Keece Electrical Services SA Pty Ltd,Adelaide City Tech and Innovation DAMA,2024-10-29,2029-10-28
LITTLE SHINING STARS EARLY LEARNING CENTRE KLEMZIG PTY LTD,South Australia Regional DAMA,2024-10-29,2029-10-28
Newcastle's Mr Fixit Pty Ltd,Skilled Refugee Pilot,2024-10-29,2029-10-28
NWMC MINING & CIVIL PTY LTD,Pilbara DAMA,2024-10-29,2029-10-28
P.S ADHIKARI & R ADHIKARI,South Australia Regional DAMA,2024-10-29,2029-10-28
Ticaret Enterprise Pty Ltd,Northern Territory DAMA,2024-10-29,2029-10-28
Wren Fishing Pty Ltd,Industry - Fishing,2024-10-29,2029-10-28
"DU, TAI",Northern Territory DAMA,2024-10-30,2029-10-29
Grantys Pty Ltd,Townsville DAMA,2024-10-30,2029-10-29
MECHANICS & TYRES PTY LTD,East Kimberley DAMA,2024-10-30,2029-10-29
PACIFIC MARINE BATTERIES PTY. LIMITED,South Australia Regional DAMA,2024-10-30,2029-10-29
PRESTIGE STAFFING SOLUTIONS LTD,Industry - On-Hire,2024-10-30,2029-10-29
Rising Moon Pty Ltd,East Kimberley DAMA,2024-10-30,2029-10-29
Gold Coast Sikh Association Inc,Industry - Minister of Religion,2024-10-31,2029-10-30
ABL LANDSCAPE CONTRACTING PTY LTD,East Kimberley DAMA,2024-11-01,2029-10-31
LEADWOOD FARMS PTY LTD,Far North Queensland DAMA,2024-11-01,2029-10-31
PERFECT CARE SERVICES PTY LTD,South Australia Regional DAMA,2024-11-01,2029-10-31
PRIME HOTELS GROUP PTY LTD,Great South Coast DAMA,2024-11-01,2029-10-31
The Darwin Sailing Club Inc,Northern Territory DAMA,2024-11-01,2029-10-31
THE GOWRIE (QLD) INC.,Far North Queensland DAMA,2024-11-01,2029-10-31
CAMPBELLFIELD MOSQUE LIMITED,Industry - Minister of Religion,2024-11-04,2029-11-03
GOOD SHEPHERD BAPTIST CHURCH,Industry - Minister of Religion,2024-11-04,2029-11-03
Sou Wester Pty Ltd,Industry - Fishing,2024-11-04,2029-11-03
UNIVERSITY IMPACT INC,Industry - Minister of Religion,2024-11-04,2029-11-03
WA SEAFOOD EXPORTERS (1994) PTY LTD,Industry - Fishing,2024-11-04,2029-11-03
ALTA-1 LTD,Company Specific,2024-11-05,2029-11-04
"BAPS SWAMINARAYAN SANSTHA, AUSTRALIA LIMITED",Industry - Minister of Religion,2024-11-05,2029-11-04
BM POST PTY. LTD,Townsville DAMA,2024-11-05,2029-11-04
Empire Hospitality Pty Ltd,Northern Territory DAMA,2024-11-05,2029-11-04
Jonclo Holdings Pty Ltd,Company Specific,2024-11-05,2029-11-04
KERRY'S TRADITIONAL CHINESE MASSAGE CENTRE PTY LTD,Northern Territory DAMA,2024-11-05,2029-11-04
L.V. DOHNT & CO. PTY. LIMITED,South Australia Regional DAMA,2024-11-05,2029-11-04
LAURA STREICHER,Northern Territory DAMA,2024-11-05,2029-11-04
R & E PRESBITERO PTY LTD,Townsville DAMA,2024-11-05,2029-11-04
"SOLLITT, CORRINA FAYE",Townsville DAMA,2024-11-05,2029-11-04
Southern Contracting Group Pty Ltd,South Australia Regional DAMA,2024-11-05,2029-11-04
SPICK & SPAN COMMERCIAL PROPERTY MAINTENANCE PTY LTD,Pilbara DAMA,2024-11-05,2029-11-04
WOODLANE ESTATE PTY LTD,South Australia Regional DAMA,2024-11-05,2029-11-04
AL-SAEED & ASSOCIATES PTY LTD,Industry - Minister of Religion,2024-11-06,2029-11-05
Anayra Transport Pty Ltd,Orana DAMA,2024-11-06,2029-11-05
F.J. LENNE PTY. LTD.,Goulburn Valley DAMA,2024-11-06,2029-11-05
FRESHFOOD GROUP PTY LTD,Northern Territory DAMA,2024-11-06,2029-11-05
JAE WEST PTY LTD,Pilbara DAMA,2024-11-06,2029-11-05
KOTZUR PTY LTD,Orana DAMA,2024-11-06,2029-11-05
MIRRORS CARE PTY LTD,East Kimberley DAMA,2024-11-06,2029-11-05
"NGUYEN, DUONG VAN",Northern Territory DAMA,2024-11-06,2029-11-05
NT PROFORM SOLUTIONS PTY LTD,Northern Territory DAMA,2024-11-06,2029-11-05
Rockcon Constructions Pty Ltd,Industry - On-Hire,2024-11-06,2029-11-05
Top End Joinery Pty Ltd,Northern Territory DAMA,2024-11-06,2029-11-05
ASC FISH MARKET PTY LTD,Northern Territory DAMA,2024-11-07,2029-11-06
AUSTRALIAN LEISURE AND HOSPITALITY GROUP PTY LIMITED,South Australia Regional DAMA,2024-11-07,2029-11-06
Boneham Aged Care Services Inc,South Australia Regional DAMA,2024-11-07,2029-11-06
COLEMANS INK PTY LTD,Northern Territory DAMA,2024-11-07,2029-11-06
D.M. & K.L. Holder Pty Ltd,Industry - Fishing,2024-11-07,2029-11-06
FR Tiling Pty Ltd,Northern Territory DAMA,2024-11-07,2029-11-06
Glasstech (Aus) Pty Limited,Northern Territory DAMA,2024-11-07,2029-11-06
GOR YUMBULL CHILDCARE PTY LTD,Northern Territory DAMA,2024-11-07,2029-11-06
J.F Barr & M.E Sinclair,Great South Coast DAMA,2024-11-07,2029-11-06
Jape Kong Su Nominees Pty Ltd,Northern Territory DAMA,2024-11-07,2029-11-06
MONYSOFT TECHNOLOGIES PTY LTD,Industry - On-Hire,2024-11-07,2029-11-06
SEVENTH-DAY ADVENTIST CHURCH (SOUTH AUSTRALIAN CONFERENCE) LIMITED,Industry - Minister of Religion,2024-11-07,2029-11-06
Wami Kata Old Folks Home Inc,Industry - Aged Care,2024-11-07,2029-11-06
Assisi Centre Limited,Industry - Aged Care,2024-11-08,2029-11-07
Adelaide Disability Advance Care Pty Ltd,South Australia Regional DAMA,2024-11-11,2029-11-10
AFF HOLDCO PTY LTD,Orana DAMA,2024-11-11,2029-11-10
ALLTRADE SCAFFOLDING PTY LTD,Company Specific,2024-11-11,2029-11-10
HANBIT KOREAN UNITING CHURCH,Industry - Minister of Religion,2024-11-12,2029-11-11
J & N JARVIS PTY LTD,Industry - Fishing,2024-11-12,2029-11-11
WIRURA NYINATJAKU PTY LTD,South Australia Regional DAMA,2024-11-12,2029-11-11
ALIF LAAM MEEM RA PTY LTD,Northern Territory DAMA,2024-11-13,2029-11-12
Alpha Santanol Pty Ltd,East Kimberley DAMA,2024-11-13,2029-11-12
Australian Surface Drilling (WA) Pty Ltd,Goldfields DAMA,2024-11-13,2029-11-12
Bunjil Investments Pty Ltd,Northern Territory DAMA,2024-11-13,2029-11-12
GBI ON THE ROCK CHURCH INC,Industry - Minister of Religion,2024-11-13,2029-11-12
KAKADU TOURISM (GLC) PTY LIMITED,Northern Territory DAMA,2024-11-13,2029-11-12
Kogody Pty Ltd,Goldfields DAMA,2024-11-13,2029-11-12
MICK MURRAY WELDING (N.T.) PTY LTD,Townsville DAMA,2024-11-13,2029-11-12
VOYAGES INDIGENOUS TOURISM AUSTRALIA PTY LTD,Northern Territory DAMA,2024-11-13,2029-11-12
WEIPA BOWLS CLUB INC,Far North Queensland DAMA,2024-11-13,2029-11-12
Zamoraft Pty Ltd,Orana DAMA,2024-11-13,2029-11-12
Lo's Cafe and Dining Pty Ltd,Pilbara DAMA,2024-11-14,2029-11-13
ONB Oriental Noodle Bar Pty Ltd,Far North Queensland DAMA,2024-11-14,2029-11-13
Rentokil Initial Pty Ltd,Pilbara DAMA,2024-11-14,2029-11-13
Toorangie Pastoral Pty Ltd,Industry - Dairy,2024-11-14,2029-11-13
TOP END CIVIL PTY LTD,Northern Territory DAMA,2024-11-14,2029-11-13
Dendra Market Gardens Pty Ltd,Industry - Horticulture,2024-11-15,2029-11-14
LONGTRAIL PTY LTD,Industry - Horticulture,2024-11-15,2029-11-14
Riviera Fresh Pty Ltd,Industry - Horticulture,2024-11-15,2029-11-14
Strategic Bridging Global Pty Ltd,Industry - On-Hire,2024-11-15,2029-11-14
CHEESE ON ONE PTY LTD,Northern Territory DAMA,2024-11-16,2029-11-15
DREAMFOOD (DUNS) PTY LTD,South West DAMA,2024-11-16,2029-11-15
Kennards Hire Pty Limited,Townsville DAMA,2024-11-16,2029-11-15
Kennards Hire Pty Limited,Pilbara DAMA,2024-11-16,2029-11-15
Zak Rendering Pty Ltd,Skilled Refugee Pilot,2025-02-05,2030-02-04
JEWS FOR JESUS,Industry - Minister of Religion,2024-11-18,2029-11-17
JU PUM MISSION CHURCH INCORPORATED,Industry - Minister of Religion,2024-11-18,2029-11-17
LAY & SONS ORGANIZATION PTY. LTD.,Northern Territory DAMA,2024-11-18,2029-11-17
M M GROUP ADELAIDE PTY LTD,South Australia Regional DAMA,2024-11-18,2029-11-17
P. & J. HURLEY PTY. LTD.,South Australia Regional DAMA,2024-11-18,2029-11-17
SDP SOLUTIONS PTY LTD,Industry - On-Hire,2024-11-18,2029-11-17
BIG RIVER PORK PTY LTD,Industry - Meat,2024-11-19,2029-11-18
CHABBA GROUP PTY LTD,Northern Territory DAMA,2024-11-19,2029-11-18
MAD ABOUT PLANTS PTY LTD,Far North Queensland DAMA,2024-11-19,2029-11-18
"NGUYEN, DINH NGOC THUY",Northern Territory DAMA,2024-11-19,2029-11-18
Passionate Support Pty Ltd,South Australia Regional DAMA,2024-11-19,2029-11-18
QUEENSLAND COTTON CORPORATION PTY LTD,Company Specific,2024-11-19,2029-11-18
Tebco Enterprise Pty Ltd,Industry - Fishing,2025-02-05,2030-02-04
STRANDBAGS GROUP PTY LTD,Company Specific,2024-11-19,2029-11-18
The Hound Small Bar PTY LTD,Far North Queensland DAMA,2024-11-19,2029-11-18
The O2 Lab Pty Ltd,Pilbara DAMA,2024-11-19,2029-11-18
SUNRIPE EMPLOYMENT PTY LTD,Industry - Horticulture,2025-02-05,2030-02-04
Top End Group Training Pty Ltd,Company Specific,2024-11-19,2029-11-18
Wyrallah Holdings Pty Ltd,Orana DAMA,2024-11-19,2029-11-18
SEVENTH-DAY ADVENTIST AGED CARE (NORTH NEW SOUTH WALES) LTD,Industry - Aged Care,2025-02-05,2030-02-04
Zolezzi Enterprises Pty Limited,Industry - Fishing,2024-11-19,2029-11-18
Adecco Australia Pty Ltd,Industry - On-Hire,2024-11-20,2029-11-19
Newport Islamic Society Inc,Industry - Minister of Religion,2025-02-05,2030-02-04
Bina's Beauty Salon Pty Ltd,Pilbara DAMA,2024-11-21,2029-11-20
DOWN UNDER DIVE PTY LTD,Far North Queensland DAMA,2024-11-21,2029-11-20
MIDWEST PIGGERY PTY LTD,Industry - Pork,2025-02-05,2030-02-04
GT Conveyor Solutions Pty Ltd,Goldfields DAMA,2024-11-21,2029-11-20
DAHLSENS BUILDING CENTRES PTY. LTD.,Far North Queensland DAMA,2025-02-05,2030-02-04
JOHN KWEH PTY LTD,South Australia Regional DAMA,2024-11-21,2029-11-20
BROTHERS AND SISTERS PTY LTD,Industry - Horticulture,2025-02-05,2030-02-04
Kefi Supports Pty Ltd,South Australia Regional DAMA,2024-11-21,2029-11-20
MF & GL DUNNE,Far North Queensland DAMA,2024-11-21,2029-11-20
Balranald Shire Council,Industry - Aged Care,2025-02-05,2030-02-04
Navarro Innovative Designs Pty Ltd,South Australia Regional DAMA,2024-11-21,2029-11-20
THE DENILIQUIN NURSING HOME FOUNDATION LTD,Orana DAMA,2024-11-21,2029-11-20
AUSTRALIAN GARLIC PRODUCERS PTY LTD,Industry - Horticulture,2025-02-05,2030-02-04
APC GROUP NT PTY LTD,East Kimberley DAMA,2024-11-22,2029-11-21
Empire Pty Ltd,East Kimberley DAMA,2024-11-22,2029-11-21
VIPASSANA BUDDHIST MONASTERY INC,Industry - Minister of Religion,2024-11-22,2029-11-21
WEST KONG AGRICULTURAL HOLDING PTY LTD,South West DAMA,2025-02-04,2030-02-03
Cloud Eleven Esperance Pty Ltd,Goldfields DAMA,2024-11-25,2029-11-24
DARWIN ASBESTOS AND DEMOLITION PTY LTD,Northern Territory DAMA,2024-11-25,2029-11-24
SPICYBITE LAKE ST PTY LTD,Far North Queensland DAMA,2025-02-04,2030-02-03
JBS AUSTRALIA PTY LIMITED,Goulburn Valley DAMA,2024-11-25,2029-11-24
NTFG Pty Ltd,Northern Territory DAMA,2024-11-25,2029-11-24
"SHARMA, ANKUSH",Far North Queensland DAMA,2025-02-04,2030-02-03
Primary Caring Pty Ltd,Industry - Aged Care,2024-11-25,2029-11-24
RAMPS RIDGE SERVICES PTY LIMITED,Orana DAMA,2024-11-25,2029-11-24
RAMAKIEN PTY LTD,Northern Territory DAMA,2025-02-04,2030-02-03
Rian David Duncan and Jodi Sandrea Duncan,Goldfields DAMA,2024-11-25,2029-11-24
Royans Melbourne Pty Ltd,Company Specific,2024-11-25,2029-11-24
MOTORSERVE PTY LIMITED,Orana DAMA,2025-02-04,2030-02-03
The Stables Christian Centre Inc,Industry - Minister of Religion,2024-11-25,2029-11-24
MALATESTA GROUP HOLDINGS PTY LTD,South West DAMA,2025-02-04,2030-02-03
Trellis Oceania Foundation Ltd.,Industry - Minister of Religion,2024-11-25,2029-11-24
WAT MONIRANGSI THE INSTITUTION OF BUDDHISM EDUCATION AND DEVELOPMENT INC,Industry - Minister of Religion,2024-11-25,2029-11-24
FRM REFRIGERATION & AIRCONDITIONING PTY LTD,Northern Territory DAMA,2025-02-04,2030-02-03
ALICE FOOD CONCEPTS PTY LTD,Northern Territory DAMA,2024-11-26,2029-11-25
BORAM FARMS PTY LTD,Industry - Horticulture,2024-11-26,2029-11-25
BAROLLI ORCHARDS PTY. LTD.,Goulburn Valley DAMA,2025-02-04,2030-02-03
Donburi & Bento Box Pty Ltd,Northern Territory DAMA,2024-11-26,2029-11-25
Arndale Surgery Pty Ltd,South Australia Regional DAMA,2025-02-04,2030-02-03
GBS Trading Pty Ltd,Orana DAMA,2024-11-26,2029-11-25
HUNGRY JACK'S PTY LTD,Pilbara DAMA,2024-11-26,2029-11-25
MG YANNIS & R YANNIS & DT YANNIS,South Australia Regional DAMA,2024-11-26,2029-11-25
YYDY GROUP PTY LTD,South Australia Regional DAMA,2025-02-03,2030-02-02
PK International Company Pty Ltd,Northern Territory DAMA,2024-11-26,2029-11-25
The Local Shepparton Pty Ltd,Goulburn Valley DAMA,2024-11-26,2029-11-25
Quality Plumbing & Building Contractors Pty Ltd,Northern Territory DAMA,2025-02-03,2030-02-02
Wilsford Group Pty Ltd,South Australia Regional DAMA,2024-11-26,2029-11-25
MB&M Pty Ltd,Goulburn Valley DAMA,2025-02-03,2030-02-02
BYNG STREET PTY LTD,Orana DAMA,2024-11-27,2029-11-26
EVO (WA) PTY LTD,Pilbara DAMA,2024-11-27,2029-11-26
JOHN WILLIAM DICKHART AND DAYLE ROSEMARY DICKHART,Goldfields DAMA,2025-02-03,2030-02-02
Heritage College Inc,Skilled Refugee Pilot,2024-11-27,2029-11-26
KRUNG THEP INVESTMENT PTY LTD,South Australia Regional DAMA,2024-11-27,2029-11-26
GREAT SUPPORTS PTY LTD,South Australia Regional DAMA,2025-02-03,2030-02-02
TOP END ASSOCIATION FOR MENTAL HEALTH INC.,Northern Territory DAMA,2024-11-27,2029-11-26
BevCo SBB Pty Ltd,Northern Territory DAMA,2024-11-28,2029-11-27
Great Barrier Reef Landscaping Pty Ltd,Far North Queensland DAMA,2025-02-03,2030-02-02
Emu Ridge Eucalyptus Pty Ltd,South Australia Regional DAMA,2024-11-28,2029-11-27
JAI JASSAR INVESTMENTS PTY LTD,Far North Queensland DAMA,2024-11-28,2029-11-27
PACIFIC MARINE BATTERIES PTY. LIMITED,Adelaide City Tech and Innovation DAMA,2024-11-28,2029-11-27
DHIMAN ENTERPRISES PTY LTD,Far North Queensland DAMA,2024-11-29,2029-11-28
Wide Bay Holdings Pty Ltd,Industry - Fishing,2025-01-31,2030-01-30
G BARRETT & JM BARRETT,Industry - Fishing,2024-11-29,2029-11-28
SOUTH WEST AUTO GROUP PTY LTD,Great South Coast DAMA,2025-01-31,2030-01-30
JSC Montessori Pre-schools Pty Ltd,South Australia Regional DAMA,2024-11-29,2029-11-28
Paul Posselt Pty Ltd,Far North Queensland DAMA,2024-11-29,2029-11-28
Respect Group Limited,Industry - Aged Care,2025-01-31,2030-01-30
Queensland Training Services Pty. Ltd.,Far North Queensland DAMA,2024-11-29,2029-11-28
R.S RISMONDO & V.F RISMONDO,South Australia Regional DAMA,2024-11-29,2029-11-28
NEW COVENANT PENTECOSTAL CHURCH INC,Industry - Minister of Religion,2025-01-31,2030-01-30
SINGAPORE HOUSE PTY. LTD.,South Australia Regional DAMA,2024-11-29,2029-11-28
BM Geological Services Pty Ltd,Goldfields DAMA,2024-12-02,2029-12-01
GRAPE CO FARMS PTY LTD,Industry - Horticulture,2025-01-31,2030-01-30
Dragon East Pty Ltd,Far North Queensland DAMA,2024-12-02,2029-12-01
Durham Court Pastoral Pty Limited,Industry - Dairy,2024-12-02,2029-12-01
Deel Australia Services Pty Ltd,Industry - On-Hire,2025-01-31,2030-01-30
HEAT TECH AUSTRALIA PTY LTD,Pilbara DAMA,2024-12-02,2029-12-01
BLANTYRE FARMS PTY LIMITED,Industry - Pork,2025-01-31,2030-01-30
BERWICK CHURCH OF CHRIST INC,Industry - Minister of Religion,2025-01-31,2030-01-30
Beaumont Care Holdings Pty Ltd,Industry - Aged Care,2025-01-31,2030-01-30
B.J ARMSTRONG & M.T ARMSTRONG,Industry - Dairy,2025-01-31,2030-01-30
A RAPTIS & SONS PTY LTD,Industry - Fishing,2025-01-31,2030-01-30
The Billi Boutique Resort Pty Ltd,East Kimberley DAMA,2025-01-30,2030-01-29
Humpty Doo Barramundi Pty Ltd,Northern Territory DAMA,2025-01-30,2030-01-29
ASSIST ABILITY AUSTRALIA VIC PTY LTD,Company Specific,2025-01-30,2030-01-29
ASHMAR NOMINEES PTY LTD,East Kimberley DAMA,2025-01-30,2030-01-29
AMP FUEL PTY LTD,Orana DAMA,2025-01-30,2030-01-29
Tuna Fishing Australia Pty Ltd,Industry - Fishing,2025-01-29,2030-01-28
MARRI INVESTMENTS AUSTRALIA PTY LTD,South West DAMA,2025-01-29,2030-01-28
MAMMA'S KITCHEN @ MINDIL PTY LTD,Northern Territory DAMA,2025-01-29,2030-01-28
Hotel Flagstaff Joint Venture,South Australia Regional DAMA,2025-01-29,2030-01-28
H TRINH & T UY,Northern Territory DAMA,2025-01-29,2030-01-28
Glenelen Pastoral Company Pty Ltd,Industry - Dairy,2025-01-29,2030-01-28
Gayndah Packers Pty Ltd,Industry - Horticulture,2025-01-29,2030-01-28
"CRUSE, IAN",Goldfields DAMA,2025-01-29,2030-01-28
B.B MAURICE & R.T MAURICE,Orana DAMA,2025-01-29,2030-01-28
Andrea Tasman,Far North Queensland DAMA,2025-01-29,2030-01-28
ABILITY TO ACHIEVE (ATA) PTY LTD,Northern Territory DAMA,2025-01-29,2030-01-28
UN JS PTY LTD,Far North Queensland DAMA,2025-01-28,2030-01-27
TECHENOMICS INTERNATIONAL PTY LTD,Pilbara DAMA,2025-01-28,2030-01-27
SUNRISE ADELAIDE TRANSPORT PTY LTD,South Australia Regional DAMA,2025-01-28,2030-01-27
MS STOCK CONTRACTING PTY LTD,Northern Territory DAMA,2025-01-28,2030-01-27
J.M HAY & M.S HAY,Industry - Dairy,2025-01-28,2030-01-27
HPA INCORPORATED,Northern Territory DAMA,2025-01-28,2030-01-27
HA Dairy Company Pty Ltd,Industry - Dairy,2025-01-28,2030-01-27
BAJWA SERVICES PTY LTD,Company Specific,2025-01-28,2030-01-27
TC TL VU NGUYEN PTY LTD,South West DAMA,2025-01-24,2030-01-23
SPECIALISED ENGINEERING SERVICES (WA) PTY LTD,Goldfields DAMA,2025-01-24,2030-01-23
S.X. WANG INVESTMENTS PTY. LTD.,Great South Coast DAMA,2025-01-24,2030-01-23
Nothing Wrong Pty Ltd,Far North Queensland DAMA,2025-01-24,2030-01-23
More Air Group Pty Ltd,Far North Queensland DAMA,2025-01-24,2030-01-23
Maano Traders Pty Ltd,East Kimberley DAMA,2025-01-24,2030-01-23
Linden Family Co Pty Ltd,Pilbara DAMA,2025-01-24,2030-01-23
JABEZ DISABILITY CARE PTY LTD,Company Specific,2025-01-24,2030-01-23
EAST PILBARA MAINTENANCE PTY LTD,Pilbara DAMA,2025-01-24,2030-01-23
COLEMANS PRINTING ALICE SPRINGS PTY LTD,Northern Territory DAMA,2025-01-24,2030-01-23
BALCO AUSTRALIA PTY LTD,South Australia Regional DAMA,2025-01-24,2030-01-23
TIAN CI HOLY DAO ASSOCIATION INC,Industry - Minister of Religion,2025-01-23,2030-01-22
MUSA GOLDEN BANANA PTY LTD,Far North Queensland DAMA,2025-01-23,2030-01-22
MERCY HEALTH AND AGED CARE CENTRAL QUEENSLAND LIMITED,Industry - Aged Care,2025-01-23,2030-01-22
MATARANKA SUPERMARKET NT PTY LTD,Northern Territory DAMA,2025-01-23,2030-01-22
Lownco Pty Ltd,Far North Queensland DAMA,2025-01-23,2030-01-22
LIFE ANGLICAN CHURCH,Industry - Minister of Religion,2025-01-23,2030-01-22
"KUMAR, PARDIP",Northern Territory DAMA,2025-01-23,2030-01-22
HINDMARSH LODGE SRF PTY LTD,South Australia Regional DAMA,2025-01-23,2030-01-22
EDUCATE AUSTRALIA PTY LTD,Northern Territory DAMA,2025-01-23,2030-01-22
CPC ENGINEERING PTY LTD,Goldfields DAMA,2025-01-23,2030-01-22
City2Sea Construction Pty Ltd,Far North Queensland DAMA,2025-01-23,2030-01-22
Choices4Life Pty Ltd,Company Specific,2025-01-23,2030-01-22
CHINESE PRESBYTERIAN CHURCH INCORPORATED,Industry - Minister of Religion,2025-01-23,2030-01-22
CENTRAL DESERT REGIONAL COUNCIL,Northern Territory DAMA,2025-01-23,2030-01-22
"BREWSTER, BRENDAN",Industry - Dairy,2025-01-23,2030-01-22
BK Farming Co. Pty Ltd,Industry - Dairy,2025-01-23,2030-01-22
Bhaddeka Vihari Padanama Ltd,Industry - Minister of Religion,2025-01-23,2030-01-22
Aurenne Group Holdings Pty Ltd,Goldfields DAMA,2025-01-23,2030-01-22
THREE KINGDOMS GROUP PTY. LTD.,Far North Queensland DAMA,2025-01-22,2030-01-21
RS & SR TRADING PTY LTD,Orana DAMA,2025-01-22,2030-01-21
Rae & Co Pty Ltd,Far North Queensland DAMA,2025-01-22,2030-01-21
Mumford Farms Pty Ltd,Industry - Horticulture,2025-01-22,2030-01-21
MACA Enterprises Pty Ltd,Industry - Fishing,2025-01-22,2030-01-21
JK Adventure Co Pty Ltd,East Kimberley DAMA,2025-01-22,2030-01-21
Devondale Partnership Pty Ltd,Industry - Dairy,2025-01-22,2030-01-21
CHRISTADELPHIAN CARE SERVICES (SA) INCORPORATED,Skilled Refugee Pilot,2025-01-22,2030-01-21
AWX PTY. LTD,Industry - On-Hire,2025-01-22,2030-01-21
WINTERSANDS DEVELOPMENTS PTY LTD,Orana DAMA,2025-01-21,2030-01-20
UMOONA AGED CARE ABORIGINAL CORP,South Australia Regional DAMA,2025-01-21,2030-01-20
Tobyzeb Pty Ltd,Far North Queensland DAMA,2025-01-21,2030-01-20
SAAD INVESTMENTS PTY LTD,South West DAMA,2025-01-21,2030-01-20
PAGRO PTY. LTD.,Goulburn Valley DAMA,2025-01-21,2030-01-20
Mossmont Nurseries Proprietary Ltd,Industry - Horticulture,2025-01-21,2030-01-20
MARGARET RIVER COMMUNITY CENTRE INC,South West DAMA,2025-01-21,2030-01-20
KSPK FAIRFIELD PTY LTD,Townsville DAMA,2025-01-21,2030-01-20
J & V ABBOTT NOMINEES PTY LTD,Industry - Fishing,2025-01-20,2030-01-19
Epping Blue Church of Sydney Incorporated,Industry - Minister of Religion,2025-01-20,2030-01-19
ALL NATIONS PRESBYTERIAN CHURCH,Industry - Minister of Religion,2025-01-20,2030-01-19
A.P SEBIRE & C.M SEBIRE,Industry - Dairy,2025-01-20,2030-01-19
Stanes Transport NT Pty Ltd,Northern Territory DAMA,2025-01-17,2030-01-16
RAJAH 11 PTY LTD,Townsville DAMA,2025-01-17,2030-01-16
Paul's Bread Pty Ltd,Far North Queensland DAMA,2025-01-17,2030-01-16
Paull and Warner Resources Pty Ltd,Pilbara DAMA,2025-01-17,2030-01-16
OPEN DOOR PUB CO. PTY LIMITED,South Australia Regional DAMA,2025-01-17,2030-01-16
Mount Isa Mines Limited,Townsville DAMA,2025-01-17,2030-01-16
KISMET NT PTY LTD,Northern Territory DAMA,2025-01-17,2030-01-16
GOULBURN VALLEY LAUNDRY SERVICE PTY LTD,Goulburn Valley DAMA,2025-01-17,2030-01-16
FRUITRADE PTY LIMITED,Northern Territory DAMA,2025-01-17,2030-01-16
D Markovic Nominees Pty Ltd,South Australia Regional DAMA,2025-01-17,2030-01-16
Clipper Pearls Pty Ltd,Northern Territory DAMA,2025-01-17,2030-01-16
Brilliant (NT) Pty Limited,Northern Territory DAMA,2025-01-17,2030-01-16
BLACKMAN HOLDINGS RETAIL PTY. LTD.,Far North Queensland DAMA,2025-01-17,2030-01-16
PAC SOLUTIONS PTY LTD,Northern Territory DAMA,2025-01-16,2030-01-15
MOORE CONTRACTING SOLUTIONS PTY LTD,Industry - Horticulture,2025-01-16,2030-01-15
CADAGRI PTY LTD,Industry - Dairy,2025-01-16,2030-01-15
BRITANIQUE PTY LTD,Industry – Premium Dining,2025-01-16,2030-01-15
GERITZ DAIRIES PTY LTD,Industry - Dairy,2025-01-15,2030-01-14
FERGUSON PLARRE BAKEHOUSES PTY. LTD.,Company Specific,2025-01-15,2030-01-14
E.N HOSKINS & W MCDONELL,Industry - Dairy,2025-01-15,2030-01-14
COLUMBIA NURSING HOMES PTY LTD,Industry - Aged Care,2025-01-15,2030-01-14
VINI CIRCUS PTY LTD,Industry – Premium Dining,2025-01-14,2030-01-13
GEN FISHERIES PTY LTD,Industry - Fishing,2025-01-14,2030-01-13
G ATWELL & J.K ATWELL & C.P SMITH & N.R SMITH,Industry - Dairy,2025-01-14,2030-01-13
FRIENDS ENTERPRISES PTY LTD,South Australia Regional DAMA,2025-01-14,2030-01-13
BLUE APPLE SUPPORT SERVICES PTY LTD,Far North Queensland DAMA,2025-01-14,2030-01-13
B.N HALL & CORIO PTY. LTD.,South West DAMA,2025-01-14,2030-01-13
PUNJAB ROADTRAINS PTY. LTD,South Australia Regional DAMA,2025-01-13,2030-01-12
K.J ALLAN & K.L ALLAN,Industry - Dairy,2025-01-13,2030-01-12
COMPANION MENTAL HEALTH AND DISABILITY SERVICES PTY LTD.,Pilbara DAMA,2025-01-13,2030-01-12
AUSTRALIAN PROPERTY PROJECTS PTY LTD ATF RED CENTRE UNIT TRUST,Northern Territory DAMA,2025-01-13,2030-01-12
X CUI & H OHTA & F.M ZHENG,Far North Queensland DAMA,2025-01-10,2030-01-09
RED CENTRE OFFICE TECHNOLOGY PTY LTD,Northern Territory DAMA,2025-01-10,2030-01-09
Neralin Pty Ltd,Great South Coast DAMA,2025-01-10,2030-01-09
MABE PTY. LTD.,South Australia Regional DAMA,2025-01-10,2030-01-09
JAVARI PTY LTD,Orana DAMA,2025-01-10,2030-01-09
HUNGRY JACK'S PTY LTD,South West DAMA,2025-01-10,2030-01-09
H. W. GREENHAM & SONS PROPRIETARY LIMITED,Goulburn Valley DAMA,2025-01-10,2030-01-09
FOSS INVESTMENTS PTY LTD,Far North Queensland DAMA,2025-01-10,2030-01-09
Centralian Motors (NT) PTY LTD,Northern Territory DAMA,2025-01-10,2030-01-09
TRUSTEES FOR DELMONT TRADING TRUST,Industry - Dairy,2025-01-09,2030-01-08
SUNNYDAY CARERS PTY. LTD.,Company Specific,2025-01-09,2030-01-08
P.J COLE & J.L HAMMER,Industry - Dairy,2025-01-09,2030-01-08
Marich Investments Pty Ltd,Northern Territory DAMA,2025-01-09,2030-01-08
HEMLOCK COVE PTY LTD,South West DAMA,2025-01-09,2030-01-08
Arkle Farms (Operations) Pty Ltd,Company Specific,2025-01-09,2030-01-08
THE TRUSTEE FOR THE HAPPY VALLEY TRUST & THE TRUSTEE FOR THE WILLOWBANK FARMING TRUST,Industry - Pork,2025-01-08,2030-01-07
The Good Cartel Pty Ltd,East Kimberley DAMA,2025-01-08,2030-01-07
SYDNEY ADULLAM CHURCH INCORPORATED,Industry - Minister of Religion,2025-01-08,2030-01-07
SP Northern Farming Services Pty Ltd,Industry - Pork,2025-01-08,2030-01-07
ROCKY CREEK ABATTOIR PTY LTD,Industry - Meat,2025-01-08,2030-01-07
MT BOOTHBY PTY LTD,Industry - Pork,2025-01-08,2030-01-07
LAKE BOGA PASTORAL PTY LTD,Industry - Dairy,2025-01-08,2030-01-07
Inionba Pastoral Pty Ltd,Industry - Dairy,2025-01-08,2030-01-07
GLEDHILL FARMS PTY LTD,Industry - Dairy,2025-01-08,2030-01-07
Evolve Early Education Pty Ltd,Far North Queensland DAMA,2025-01-08,2030-01-07
COBRICO TRADING PTY LTD,Industry - Dairy,2025-01-08,2030-01-07
"CG, CJ, & MC BATTY",Industry - Dairy,2025-01-08,2030-01-07
Cambodian Buddhist Society of NSW Inc.,Industry - Minister of Religion,2025-01-08,2030-01-07
Cairns Cafe Cube Pty Ltd,Far North Queensland DAMA,2025-01-08,2030-01-07
KEEN TO CARE AUSTRALIA PTY LTD,Pilbara DAMA,2024-12-02,2029-12-01
MT LYALL DAIRIES PTY LTD,Industry - Dairy,2024-12-02,2029-12-01
MUTTI FOOD & DRINK PTY LTD,Far North Queensland DAMA,2024-12-02,2029-12-01
ROCKVALLEY DAIRIES PTY LTD,Industry - Dairy,2024-12-02,2029-12-01
SHAHRUKH PTY LTD,South Australia Regional DAMA,2024-12-02,2029-12-01
T.A SIMPSON & P.J WHITE,Industry - Dairy,2024-12-02,2029-12-01
The Newsport Corporation Pty Ltd,Far North Queensland DAMA,2024-12-02,2029-12-01
Walker & Sons Farming Pty Ltd,Industry - Dairy,2024-12-02,2029-12-01
Allure Energy Pty Ltd,Far North Queensland DAMA,2024-12-03,2029-12-02
OMC AUSTRALIA PTY LTD,Industry - Meat,2024-12-03,2029-12-02
QUBE Bulk Pty Ltd,Goldfields DAMA,2024-12-03,2029-12-02
STUART PARK NEIGHBOURHOOD & CHILD CARE CENTRE ASSOCIATION INC,Northern Territory DAMA,2024-12-03,2029-12-02
TRAIN WISE SOLUTIONS PTY LTD,Industry - On-Hire,2024-12-03,2029-12-02
BREWARRINA SHIRE COUNCIL,Orana DAMA,2024-12-04,2029-12-03
C.C Ridgway & L.S Ridgway & S.P Ridgway & T.J Ridgway & Z.C Ridgway,Goldfields DAMA,2024-12-04,2029-12-03
FLEURIEU HOLDINGS PTY LTD,Northern Territory DAMA,2024-12-04,2029-12-03
Jackson Enterprises Pty Ltd,Northern Territory DAMA,2024-12-04,2029-12-03
JARRYN TRADING PTY LTD,Northern Territory DAMA,2024-12-04,2029-12-03
KCS HEALTH PTY LTD,Industry - Meat,2024-12-04,2029-12-03
Longroad Dairy Pty Ltd,Industry - Dairy,2024-12-04,2029-12-03
OEG OFFSHORE PTY LTD,Northern Territory DAMA,2024-12-04,2029-12-03
Pharmwizz Pty Ltd,Orana DAMA,2024-12-04,2029-12-03
THE TRUSTEE FOR C & D SMITH FAMILY TRUST & THE TRUSTEE FOR CAMERON SMITH FAMILY TRUST,Industry - Dairy,2024-12-04,2029-12-03
THE VIETNAMESE CHRISTIAN MISSION CHURCH,Industry - Minister of Religion,2024-12-04,2029-12-03
Vietnamese Buddhist Society of the NT Inc,Industry - Minister of Religion,2024-12-04,2029-12-03
WA NT Tours Pty Ltd,Company Specific,2024-12-04,2029-12-03
Alicaring Pty Ltd,Industry - Aged Care,2024-12-05,2029-12-04
DARWIN SMILES PTY LTD,Northern Territory DAMA,2024-12-05,2029-12-04
Good Morning Dental Pty Ltd,Company Specific,2024-12-05,2029-12-04
J & C MACHEDA PTY LTD,Goulburn Valley DAMA,2024-12-05,2029-12-04
LESLIE MANOR PTY LTD,Industry - Dairy,2024-12-05,2029-12-04
PROGRESS FNQ PTY LTD,Far North Queensland DAMA,2024-12-05,2029-12-04
SUHANA BUTCHER SHOP PTY LTD,Northern Territory DAMA,2024-12-05,2029-12-04
THE LITTLE BIG DAIRY COMPANY PTY LTD,Orana DAMA,2024-12-05,2029-12-04
Welke Pastoral Pty Ltd,Goldfields DAMA,2024-12-05,2029-12-04
B.P. MARGETTS PTY. LTD.,South Australia Regional DAMA,2024-12-06,2029-12-05
Bright Star Foods Pty Ltd,East Kimberley DAMA,2024-12-06,2029-12-05
Four Birds Darwin Pty Ltd,Northern Territory DAMA,2024-12-06,2029-12-05
PERFECT TEETH (REDLYNCH) PTY. LTD.,Far North Queensland DAMA,2024-12-06,2029-12-05
Salmon Earthmoving Holdings Pty Ltd,Townsville DAMA,2024-12-11,2029-12-10
Firle Medical Centre Pty Ltd,South Australia Regional DAMA,2024-12-12,2029-12-11
Hoshizaki Lancer Pty Ltd,South Australia Regional DAMA,2024-12-12,2029-12-11
"PARIKH, RITESHKUMAR NAVINCHANDRA",Northern Territory DAMA,2024-12-12,2029-12-11
Stardeck Management Pty Ltd,Pilbara DAMA,2024-12-12,2029-12-11
Uplands Nominees Pty Ltd,East Kimberley DAMA,2024-12-12,2029-12-11
BLACK HORSE LOGISTICS GROUP PTY LTD,Goulburn Valley DAMA,2024-12-13,2029-12-12
DOCTORS CREEK INVESTMENTS PTY LTD,East Kimberley DAMA,2024-12-13,2029-12-12
Myburgh Concepts Pty Ltd,South West DAMA,2024-12-13,2029-12-12
RADHE KRISHNA INVESTMENT PTY LTD,Orana DAMA,2024-12-13,2029-12-12
THE ROSES CAFE & CATERING CO PTY LTD,Orana DAMA,2024-12-13,2029-12-12
Booroongen Djugun Limited,Industry - Aged Care,2025-01-08,2030-01-07
YAMBALA PTY LTD,South West DAMA,2025-01-07,2030-01-06
V R & E J & R A PITTER,Industry - Dairy,2025-01-07,2030-01-06
THE HUMPTY DUMPTY TRADING COMPANY PROPRIETARY LIMITED,South West DAMA,2025-01-07,2030-01-06
SNOWDEN FARMS PTY LTD,Industry - Dairy,2025-01-07,2030-01-06
Revolve Physiotherapy Pty Ltd,Far North Queensland DAMA,2025-01-07,2030-01-06
PT PEDRO BUSINESS PTY LTD,Far North Queensland DAMA,2025-01-07,2030-01-06
Pie Flight Pty Ltd,South West DAMA,2025-01-07,2030-01-06
OCEAN LODGE WA PTY LTD,East Kimberley DAMA,2025-01-07,2030-01-06
Marr Industries Pty Ltd,Skilled Refugee Pilot,2025-01-07,2030-01-06
M.A GALE & R.E GALE,Industry - Dairy,2025-01-07,2030-01-06
KNX Cleana Yards Pty Ltd,East Kimberley DAMA,2025-01-07,2030-01-06
JS Trucking Pty Ltd,Far North Queensland DAMA,2025-01-07,2030-01-06
JABV FARMING PTY LTD,Industry - Dairy,2025-01-07,2030-01-06
J.E & M.A RILEY,Industry - Dairy,2025-01-07,2030-01-06
CLUB EASTSIDE INCORPORATED,Northern Territory DAMA,2025-01-07,2030-01-06
BEAUSANGS PTY LTD,Industry - Dairy,2025-01-07,2030-01-06
Amelia Park Wines Pty Ltd,South West DAMA,2025-01-07,2030-01-06
AFFORDABLE AUTOMOTIVE PTY LTD,South Australia Regional DAMA,2025-01-07,2030-01-06
AFFINITY EDUCATION GROUP LIMITED,Northern Territory DAMA,2025-01-07,2030-01-06
A.M CAMPBELL & C.L COYSH,Industry - Dairy,2025-01-07,2030-01-06
A.M BARBAGALLO & T.R BARBAGALLO & HEARTBREAK RIDGE PTY LTD & THE TRUSTEE FOR TR & AM BARBAGALLO FAMI,Industry - Dairy,2025-01-07,2030-01-06
WILLSHIRE PTY. LTD.,South Australia Regional DAMA,2025-01-06,2030-01-05
"WHELAN, WENDY SUZANNE",Industry - Dairy,2025-01-06,2030-01-05
WESTERN CARE SUPPORT PTY LTD,South Australia Regional DAMA,2025-01-06,2030-01-05
SIEU LINH PTY LTD,South West DAMA,2025-01-06,2030-01-05
MCJOBEE PTY. LTD.,Far North Queensland DAMA,2025-01-06,2030-01-05
M N Courier PTY LTD,Townsville DAMA,2025-01-06,2030-01-05
Lagardere/AWPL Pty Ltd,Pilbara DAMA,2025-01-06,2030-01-05
KW & HL JONES PTY LTD,Industry - Dairy,2025-01-06,2030-01-05
K & R MALISTAN PTY LTD,Skilled Refugee Pilot,2025-01-06,2030-01-05
DM & CT DENTAL PTY LTD,Goldfields DAMA,2025-01-06,2030-01-05
DATE FARMS AUSTRALIA HOLDINGS PTY LTD,South Australia Regional DAMA,2025-01-06,2030-01-05
CHRISTADELPHIAN CARE SERVICES (SA) INCORPORATED,South Australia Regional DAMA,2025-01-06,2030-01-05
CHAN'S GLOBAL PTY LTD,Townsville DAMA,2025-01-06,2030-01-05
Cape Lavender Pty Ltd,South West DAMA,2025-01-06,2030-01-05
C.J DE JONGE & D.R DE JONGE,Industry - Pork,2025-01-06,2030-01-05
V.T.T TRAN & T.T VU,South Australia Regional DAMA,2025-01-03,2030-01-02
SEHGAL LOGISTICS PTY LTD,Townsville DAMA,2025-01-03,2030-01-02
SECUREWEALTH INVESTMENTS PTY LTD,South West DAMA,2025-01-03,2030-01-02
ROCKS FARMING COMPANY PTY LTD,Townsville DAMA,2025-01-03,2030-01-02
Ready Set Go Pty Ltd,Great South Coast DAMA,2025-01-03,2030-01-02
Ord Valley Turf Pty Ltd,East Kimberley DAMA,2025-01-03,2030-01-02
ONE TREE SOLUTIONS PTY LTD,Orana DAMA,2025-01-03,2030-01-02
Little Miss Chef Pty Ltd,Northern Territory DAMA,2025-01-03,2030-01-02
Industry One Coffee Pty Ltd,Far North Queensland DAMA,2025-01-03,2030-01-02
Eventide Lutheran Homes,Great South Coast DAMA,2025-01-03,2030-01-02
Curtin Springs NT Pty Ltd,Northern Territory DAMA,2025-01-03,2030-01-02
BRENDLEE ENTERPRISES PTY. LTD.,Northern Territory DAMA,2025-01-03,2030-01-02
INDOCHINESE AGED CARE LIMITED,Industry - Aged Care,2024-12-24,2029-12-23
Elite Netting Pty Ltd,Company Specific,2024-12-23,2029-12-22
LAST SLICE GROUP PTY LTD,South West DAMA,2024-12-21,2029-12-20
INDEPENDENT LIVING OPTIONS (SA) PTY LTD,South Australia Regional DAMA,2024-12-21,2029-12-20
Goldfields Family Dental Pty Ltd,Goldfields DAMA,2024-12-21,2029-12-20
Springland AG Contracting,Industry - Horticulture,2024-12-20,2029-12-19
Smart Berries Pty Ltd,Industry - Horticulture,2024-12-20,2029-12-19
SAMOAN INDEPENDENT SEVENTH DAY ADVENTIST CHURCH NSW LIMITED,Industry - Minister of Religion,2024-12-20,2029-12-19
Ram Care Pty Ltd,Industry - Aged Care,2024-12-20,2029-12-19
Narisa Produce Pty Ltd,Industry - Horticulture,2024-12-20,2029-12-19
Macs Milling Group Pty Ltd,Skilled Refugee Pilot,2024-12-20,2029-12-19
HOBERTS PTY LTD,Northern Territory DAMA,2024-12-20,2029-12-19
HENRI STEVENS PTY LTD,Industry - Horticulture,2024-12-20,2029-12-19
Bullock Hills Pastoral Pty Ltd,Industry - Horticulture,2024-12-20,2029-12-19
Alice Springs Optometrists Pty Ltd,Northern Territory DAMA,2024-12-20,2029-12-19
ABCB LINDSAY PTY LTD,Industry - Dairy,2024-12-20,2029-12-19
Rustico @ Hay Shed Hill Pty Ltd,South West DAMA,2024-12-19,2029-12-18
Oxfish Pty Ltd,Industry - Fishing,2024-12-19,2029-12-18
OCEAN GROWN ABALONE OPERATIONS PTY LTD,South West DAMA,2024-12-19,2029-12-18
IRONBAR SALOON PTY. LTD.,Far North Queensland DAMA,2024-12-19,2029-12-18
DR. B. P. FINN PTY. LTD.,Far North Queensland DAMA,2024-12-19,2029-12-18
Climbing Tree Creations Pty Ltd,South Australia Regional DAMA,2024-12-19,2029-12-18
ZAMBUSSO PTY LTD,South West DAMA,2024-12-18,2029-12-17
T & R Accountants Pty Ltd,Skilled Refugee Pilot,2024-12-18,2029-12-17
South Coast Fish Processors Pty Ltd,Industry - Fishing,2024-12-18,2029-12-17
SIMON HIGHAM BUILDING PTY. LTD.,Far North Queensland DAMA,2024-12-18,2029-12-17
MCF PANEL & PAINT PTY LTD,South West DAMA,2024-12-18,2029-12-17
HEAVYMECH PTY. LTD.,Townsville DAMA,2024-12-18,2029-12-17
Halls Creek Motel and Restaurant Pty Ltd,East Kimberley DAMA,2024-12-18,2029-12-17
FROKEL PTY LTD,Great South Coast DAMA,2024-12-18,2029-12-17
FELTON INTERNATIONAL GROUP PTY LTD,Orana DAMA,2024-12-18,2029-12-17
YOUNG BUCKS EARLY LEARNING CENTRES PTY LTD,South West DAMA,2024-12-17,2029-12-16
Wortley Pastoral Pty Ltd,Industry - Dairy,2024-12-17,2029-12-16
WALL ROAD PTY LTD,South West DAMA,2024-12-17,2029-12-16
RIVERINA BELTING CO PTY LTD,Goulburn Valley DAMA,2024-12-17,2029-12-16
Otto's Fishing Co Pty Ltd,Industry - Fishing,2024-12-17,2029-12-16
Jalygurr-Guwan Aboriginal Corporation,East Kimberley DAMA,2024-12-17,2029-12-16
ISLE HOLDINGS PTY LTD,Industry - Fishing,2024-12-17,2029-12-16
H & O KILPATRICK PTY LTD,Industry - Dairy,2024-12-17,2029-12-16
GROWFRESH PTY LTD,Industry - Horticulture,2024-12-17,2029-12-16
M.T. Bins Pty Ltd,Northern Territory DAMA,2024-12-16,2029-12-15
LINEAR CHAIN BREAKERS PTY LTD,Far North Queensland DAMA,2024-12-16,2029-12-15
"KRALJEVICH, MARK",East Kimberley DAMA,2024-12-16,2029-12-15
Jah Farming Pty Ltd,Far North Queensland DAMA,2024-12-16,2029-12-15
HARJASS INTERNATIONAL MARKETING PTY LTD,Northern Territory DAMA,2024-12-16,2029-12-15
Emergency Vets 247 Australia Pty Ltd,Far North Queensland DAMA,2024-12-16,2029-12-15
BEACHES APARTMENTS PTY LTD,South West DAMA,2024-12-16,2029-12-15
Waltja Tjutangku Palyapayi (Aboriginal Corporation),Northern Territory DAMA,2024-12-13,2029-12-12
4KH PTY LTD,Far North Queensland DAMA,2025-02-07,2030-02-06
A & A Seafoods Pty Ltd,South Australia Regional DAMA,2025-03-07,2030-03-06
A KIERATH & MICHAEL EDWARD BOWLES & CATHERINE MARY MANSFIELD & SEALCREST PTY. LTD.,South West DAMA,2025-02-25,2030-02-24
A.W Braham & Z Braham,South Australia Regional DAMA,2025-02-10,2030-02-09
A.J CARTER & TOMALOCKIN PTY LTD,WA DAMA,2025-03-11,2030-03-10
ADAMSONS RIVERSIDE ACCOMMODATION PTY LTD,South West DAMA,2025-02-21,2030-02-20
ADELAIDE TAXI TRUCKS PTY. LTD.,South Australia Regional DAMA,2025-03-18,2030-03-17
AEOZ GROUP PTY LTD,South Australia Regional DAMA,2025-02-07,2030-02-06
AFGRI EQUIPMENT AUSTRALIA PTY LTD,Goldfields DAMA,2025-03-14,2030-03-13
ALANDALE DAVIS INVESTMENTS PTY LTD,Industry - Dairy,2025-02-26,2030-02-25
Al-Bayan Institute Incorporated,Industry - Minister of Religion,2025-02-18,2030-02-17
AMA GROUP SOLUTIONS PTY LTD,Townsville DAMA,2025-02-26,2030-02-25
AMAZING CARE SERVICES PTY LTD,South Australia Regional DAMA,2025-03-06,2030-03-05
Ameya Care Support Services Pty Ltd,Far North Queensland DAMA,2025-03-12,2030-03-11
APE Cars MGMT Pty Ltd,Far North Queensland DAMA,2025-02-21,2030-02-20
Ariston Partners Australia Pty Ltd,Industry - On-Hire,2025-03-05,2030-03-04
AYLESBURY FARMS YARRAM PTY LTD,Industry - Dairy,2025-02-07,2030-02-06
B & B FLOORING PTY LTD,WA DAMA,2025-03-07,2030-03-06
B NICHOLS & M NICHOLS,Industry - Dairy,2025-03-14,2030-03-13
B.J & P.L SALMON,Industry - Dairy,2025-02-21,2030-02-20
Baptist Church Orange,Industry - Minister of Religion,2025-02-21,2030-02-20
Baptist Church Wellington,Industry - Minister of Religion,2025-02-19,2030-02-18
Barossa Hills Fleurieu Local Health Network Incorporated,South Australia Regional DAMA,2025-02-13,2030-02-12
BEYOND BROOME HOSPITALITY PTY LIMITED,East Kimberley DAMA,2025-02-18,2030-02-17
BN Tiling Pty Ltd,Skilled Refugee Pilot,2025-02-19,2030-02-18
Brooklyn Park Social Pty Ltd,South Australia Regional DAMA,2025-02-14,2030-02-13
BROOME SHARED SERVICES PTY LTD,East Kimberley DAMA,2025-02-27,2030-02-26
BROWN INVESTMENTS (N.T.) PTY. LTD.,Northern Territory DAMA,2025-03-05,2030-03-04
BRUNSWICK BAPTIST CHURCH,Industry - Minister of Religion,2025-02-20,2030-02-19
Bryter Days Construction Pty Ltd,Skilled Refugee Pilot,2025-02-24,2030-02-23
BULLIVANTS PTY LIMITED,Northern Territory DAMA,2025-03-07,2030-03-06
BUSSELTON CIVIL PTY LTD,South West DAMA,2025-03-13,2030-03-12
C MOLONEY & YENOLOM DAIRY PTY. LTD.,Industry - Dairy,2025-03-05,2030-03-04
Cactus Kangaroo Island Pty Ltd,South Australia Regional DAMA,2025-03-18,2030-03-17
CAHOUNA PTY LTD,East Kimberley DAMA,2025-02-20,2030-02-19
Cairns Little Seafood Market Pty Ltd,Far North Queensland DAMA,2025-03-13,2030-03-12
CAIRNS SURF LIFE SAVING SUPPORTERSCLUB INC,Far North Queensland DAMA,2025-02-27,2030-02-26
Callcott & Downey Pty Ltd,Company Specific,2025-02-13,2030-02-12
Carpe Diem Community Services Pty Ltd,Northern Territory DAMA,2025-02-25,2030-02-24
CENTRAL FRUIT PACKERS PTY LTD,Industry - Horticulture,2025-02-06,2030-02-05
CHARDIKALAA PTY LTD,South Australia Regional DAMA,2025-02-18,2030-02-17
"CHISHOLM, SUSAN",Orana DAMA,2025-02-10,2030-02-09
Christian City Church Ryde,Industry - Minister of Religion,2025-02-12,2030-02-11
CITIZEN CHURCH INCORPORATED,Industry - Minister of Religion,2025-03-03,2030-03-02
CJZ Farms Pty Ltd,Industry - Horticulture,2025-02-26,2030-02-25
COLOMBO GROUP PTY LTD,Northern Territory DAMA,2025-02-26,2030-02-25
Connect to Nursing Agency Pty.Ltd.,Industry - On-Hire,2025-03-11,2030-03-10
Craic Mhaith Pty Ltd,Far North Queensland DAMA,2025-02-21,2030-02-20
CRAIL PTY. LIMITED,South Australia Regional DAMA,2025-02-19,2030-02-18
CRESCENT COMMUNITY CARE PTY LTD,Company Specific,2025-02-07,2030-02-06
D.A PENFOLD & V.E PENFOLD,Industry - Dairy,2025-02-28,2030-02-27
Dai Hiro Sushi Pty Ltd,South Australia Regional DAMA,2025-03-18,2030-03-17
Dalwinder Pty Ltd,WA DAMA,2025-03-11,2030-03-10
DEVAT PTY LTD,Industry - Fishing,2025-02-07,2030-02-06
Diversity Native Seeds Pty Ltd,Orana DAMA,2025-03-18,2030-03-17
Dumpling King cafe Pty Ltd,South Australia Regional DAMA,2025-03-04,2030-03-03
DUNPEC PTY. LIMITED,Orana DAMA,2025-02-21,2030-02-20
DUST GONE CLEANING SERVICES PTY LTD,East Kimberley DAMA,2025-02-24,2030-02-23
EC CARE PTY. LTD,Far North Queensland DAMA,2025-02-21,2030-02-20
Edge Marine Pty Ltd,Far North Queensland DAMA,2025-03-05,2030-03-04
EMBRACE HEALTHCARE SOLUTIONS PTY LTD,Pilbara DAMA,2025-02-12,2030-02-11
FOREST WILLS HAULAGE PTY LTD,WA DAMA,2025-03-12,2030-03-11
FOUNDATIONS LEARNING PTY LTD,Company Specific,2025-02-18,2030-02-17
FOUNTAINDALE FARMS HOLDINGS PTY LTD,Industry - Dairy,2025-02-28,2030-02-27
Fronditha Care,Company Specific,2025-02-28,2030-02-27
G.CAVUOTO NOMINEES PTY. LTD.,South Australia Regional DAMA,2025-02-06,2030-02-05
G.R GRANT & K.A GRANT & R.W GRANT,Industry - Dairy,2025-02-28,2030-02-27
Garrett Hospitality Regional Hotels Pty Ltd,East Kimberley DAMA,2025-02-21,2030-02-20
Gawled Pty Ltd,Northern Territory DAMA,2025-02-25,2030-02-24
GD GEODRILL AUSTRALIA PTY LTD,Company Specific,2025-03-11,2030-03-10
Gill Farm Operations Pty Ltd,Industry - Horticulture,2025-02-14,2030-02-13
Gilly Louise Investments Pty Ltd,Pilbara DAMA,2025-02-26,2030-02-25
GNALLA COMMUNITY PTY LTD,WA DAMA,2025-03-14,2030-03-13
GO GOULBURN PTY. LTD.,Goulburn Valley DAMA,2025-03-06,2030-03-05
GOD'S PEOPLE CAMPUS WORSHIP AND MISSION INCORPORATED,Industry - Minister of Religion,2025-02-20,2030-02-19
GRADIAN PROJECTS PTY LTD,Goulburn Valley DAMA,2025-02-07,2030-02-06
Grape Lord Pty Ltd,Industry - Horticulture,2025-02-21,2030-02-20
Halls Creek Supermarket Pty Ltd,East Kimberley DAMA,2025-02-18,2030-02-17
Hamlet Resources Pty Ltd,Goldfields DAMA,2025-03-19,2030-03-18
HANDS ON PEOPLE PTY LTD,Northern Territory DAMA,2025-02-13,2030-02-12
Hari Oil Two Pty Ltd,Goulburn Valley DAMA,2025-02-24,2030-02-23
HINDU SOCIETY OF SOUTH AUSTRALIA INC,Industry - Minister of Religion,2025-03-12,2030-03-11
HONG SENG PTY LTD,WA DAMA,2025-03-19,2030-03-18
HSAK ASSOCIATES PTY LTD,South Australia Regional DAMA,2025-02-13,2030-02-12
HT NAILS PTY LTD,Pilbara DAMA,2025-03-03,2030-03-02
HUNGRY JACK'S PTY LTD,Northern Territory DAMA,2025-02-07,2030-02-06
Imagine Education Early Learning Centres No.26 Pty Ltd,Company Specific,2025-02-13,2030-02-12
INCI Foods Pty Ltd,Northern Territory DAMA,2025-02-12,2030-02-11
Indian Chef NT Pty Ltd,Northern Territory DAMA,2025-02-18,2030-02-17
ISKCON KRISHNA FARM (NEW GOVARDHAN) LIMITED,Industry - Minister of Religion,2025-02-24,2030-02-23
ISLAMIC MULTICULTURAL ASSOCIATION OF GOLD COAST,Industry - Minister of Religion,2025-02-12,2030-02-11
ISLAND HOSPITALITY PTY LTD,Townsville DAMA,2025-03-11,2030-03-10
J R PATEL ENTERPRISE PTY LTD,Far North Queensland DAMA,2025-02-11,2030-02-10
JKH GROUP PTY LTD,South West DAMA,2025-03-19,2030-03-18
JM & MM DODWELL PTY. LTD.,Great South Coast DAMA,2025-03-11,2030-03-10
JOHN KWEH PTY LTD,South Australia Regional DAMA,2025-03-13,2030-03-12
JP TRANSPORTATION SERVICES PTY LTD,Townsville DAMA,2025-02-11,2030-02-10
K.G.C. ENTERPRISES PTY LTD,East Kimberley DAMA,2025-02-07,2030-02-06
KARDINIA CHILDCARE INC,Great South Coast DAMA,2025-02-13,2030-02-12
Karma Association Of Western Australia Pty Ltd,WA DAMA,2025-03-14,2030-03-13
KEEGAN TRANSPORT PTY. LTD.,WA DAMA,2025-03-11,2030-03-10
KELVIN BAXTER TRANSPORT PTY LIMITED,Orana DAMA,2025-02-05,2030-02-04
KH-K (WA) Pty Ltd,South West DAMA,2025-03-14,2030-03-13
KIA-ORA PIGGERY PTY. LTD.,Industry - Pork,2025-02-12,2030-02-11
"KIM, YONGCHEOL",South Australia Regional DAMA,2025-03-18,2030-03-17
King and Saints Church Inc,Industry - Minister of Religion,2025-03-11,2030-03-10
Kisima Pty Ltd,Pilbara DAMA,2025-03-06,2030-03-05
KJ & AE PULLEN,Industry - Dairy,2025-02-19,2030-02-18
Kompletecare Community and Home Care Services Pty Ltd,South Australia Regional DAMA,2025-02-28,2030-02-27
KSPK AKT PTY LTD,Townsville DAMA,2025-02-25,2030-02-24
KUNGFU ENTERPRISE PTY LTD,Northern Territory DAMA,2025-03-12,2030-03-11
KURANDA RAINFOREST VIEW RESTAURANT PTY LTD,Far North Queensland DAMA,2025-03-12,2030-03-11
Leaville Holdings Pty Ltd,East Kimberley DAMA,2025-02-20,2030-02-19
Leecare Solutions Pty Ltd,Skilled Refugee Pilot,2025-02-19,2030-02-18
Light of Life Christian Centre Inc,Industry - Minister of Religion,2025-02-26,2030-02-25
LIVEBETTER SERVICES LIMITED,Orana DAMA,2025-03-11,2030-03-10
LM Holdings (WA) Pty Ltd,South West DAMA,2025-02-14,2030-02-13
M A JEFFERSON PTY LTD,Industry – Premium Dining,2025-03-12,2030-03-11
M.A. CENTRE (AUST) PTY LTD,Industry - Minister of Religion,2025-02-27,2030-02-26
MACORNA PASTORAL COMPANY PTY LTD,Industry - Pork,2025-02-18,2030-02-17
MACRO MEAT PROCESSING PTY LTD,South Australia Regional DAMA,2025-03-11,2030-03-10
Magnus Recruitment Solutions Pty Ltd,Industry - On-Hire,2025-02-21,2030-02-20
MAJESTIC MUSHROOMS Pty Ltd,Orana DAMA,2025-02-17,2030-02-16
MAJESTIC VENTURES PTY LTD,Northern Territory DAMA,2025-02-19,2030-02-18
Makybe BJ Pty Ltd,Industry - Fishing,2025-02-18,2030-02-17
Mala'la Health Service Aboriginal Corporation,Industry - Aged Care,2025-02-07,2030-02-06
MARANATHA MINISTRY INCORPORATED,Industry - Minister of Religion,2025-03-06,2030-03-05
Maspro Engineering Trading Pty Ltd,Orana DAMA,2025-03-14,2030-03-13
MCCRACKEN B J & M E,Industry - Dairy,2025-03-05,2030-03-04
McLeanview Pty Ltd,Industry - Dairy,2025-02-18,2030-02-17
"MEMBERS, CHURCH OF GOD INTERNATIONAL AUSTRALIA",Industry - Minister of Religion,2025-02-26,2030-02-25
MERCY AGED AND COMMUNITY CARE LTD,Industry - Aged Care,2025-02-14,2030-02-13
MF HOSPITALITY MANAGEMENT LTD,Pilbara DAMA,2025-02-20,2030-02-19
Mindesigns Group Pty Ltd,Far North Queensland DAMA,2025-03-06,2030-03-05
MON TEMPLE SYDNEY INCORPORATED,Industry - Minister of Religion,2025-02-28,2030-02-27
MY INDEPENDENT SUPPORT PTY LTD,Company Specific,2025-02-11,2030-02-10
N.N.M (SA) PTY LTD,South Australia Regional DAMA,2025-02-18,2030-02-17
N.T. SCAFFOLDS PTY. LTD.,Northern Territory DAMA,2025-02-06,2030-02-05
Nakamura's Pty Ltd,East Kimberley DAMA,2025-02-28,2030-02-27
NEWFRONTIERS GRACE CITY CHURCH INCORPORATED,Industry - Minister of Religion,2025-02-20,2030-02-19
NEWTON ORCHARDS LABOUR SOLUTIONS PTY LTD,Industry - Horticulture,2025-03-06,2030-03-05
Nexus Division Pty Ltd,Industry - On-Hire,2025-02-26,2030-02-25
NIAN NIAN LE LE PTY. LTD.,Goulburn Valley DAMA,2025-02-07,2030-02-06
NORANDA INVESTMENTS PTY LTD,WA DAMA,2025-03-18,2030-03-17
NT AUTOCARE AND SALES PTY LTD,Northern Territory DAMA,2025-03-03,2030-03-02
NT FOOD SERVICE PTY LTD,Northern Territory DAMA,2025-02-26,2030-02-25
O'Connors NT Pty Ltd,Northern Territory DAMA,2025-02-28,2030-02-27
PAL.COL.MAR. PTY LTD,South Australia Regional DAMA,2025-03-18,2030-03-17
Paringa View Park Investments Pty Ltd,Industry - Dairy,2025-03-12,2030-03-11
Parkes Automotive Group Pty Limited,Orana DAMA,2025-02-21,2030-02-20
PARTNERSHIP BUILDS PTY LTD,South Australia Regional DAMA,2025-03-06,2030-03-05
PASPALEY PEARLING COMPANY PTY. LIMITED,East Kimberley DAMA,2025-02-27,2030-02-26
Patel Plus Brothers Pty Ltd,South Australia Regional DAMA,2025-02-13,2030-02-12
Pathfinders Support Services Pty Ltd,South Australia Regional DAMA,2025-02-26,2030-02-25
PAWBOY PTY LTD,South West DAMA,2025-03-18,2030-03-17
PILBARA CEMENT SUPPLIES PTY. LTD.,Goldfields DAMA,2025-03-13,2030-03-12
Pilbara Distributors Pty Ltd,Pilbara DAMA,2025-02-06,2030-02-05
PINELANDS SCRAP CAR REMOVAL PTY LTD,Northern Territory DAMA,2025-02-27,2030-02-26
"PORCU, PIETRO",Industry - Horticulture,2025-03-11,2030-03-10
"PRASAD, SAJO",East Kimberley DAMA,2025-02-11,2030-02-10
Premier Fresh Australia Pty Ltd,Industry - Horticulture,2025-02-20,2030-02-19
Q & Z GROUP PTY LTD,South West DAMA,2025-02-20,2030-02-19
QPAMS Pty Ltd,Townsville DAMA,2025-02-05,2030-02-04
QUALIPAC FARMS PTY LTD,Industry - Horticulture,2025-03-13,2030-03-12
QUEEN & COLLINS PTY LTD,Industry – Premium Dining,2025-02-12,2030-02-11
QUEENSLAND MEDITATION GROUP INCORPORATED,Industry - Minister of Religion,2025-02-18,2030-02-17
R B BAKING PTY LTD,South Australia Regional DAMA,2025-02-07,2030-02-06
Railway Motel Pty Ltd,Goldfields DAMA,2025-03-12,2030-03-11
Reformed Evangelical Church of Indonesia Incorporated,Industry - Minister of Religion,2025-02-20,2030-02-19
Regis Aged Care Pty Ltd,Townsville DAMA,2025-02-12,2030-02-11
RINGTHANE PTY LTD,Pilbara DAMA,2025-03-11,2030-03-10
Rise Again Car Restorations Pty Ltd,Orana DAMA,2025-03-18,2030-03-17
RIVERWAY NOMINEES PTY. LTD.,Northern Territory DAMA,2025-02-07,2030-02-06
Road Trains of Australia Pty Ltd,Northern Territory DAMA,2025-02-17,2030-02-16
ROCKY RIDGE GERALDTON PTY LTD,WA DAMA,2025-03-06,2030-03-05
Roebourne Pty Ltd,Pilbara DAMA,2025-03-13,2030-03-12
Roman Catholic Trust Corporation for the Diocese of Cairns,Far North Queensland DAMA,2025-02-20,2030-02-19
RON FINEMORE TRANSPORT SERVICES PTY LIMITED,Company Specific,2025-02-07,2030-02-06
South Australia Regional DAMA,South Australia Regional DAMA,2025-02-27,2030-02-26
SAIGON CAFE SA PTY LTD,South Australia Regional DAMA,2025-02-28,2030-02-27
SB PERTH PTY LTD,WA DAMA,2025-03-12,2030-03-11
Searson Buck Group Pty Ltd,Industry - On-Hire,2025-03-11,2030-03-10
Servco Australia Cairns Pty Ltd,Far North Queensland DAMA,2025-02-12,2030-02-11
SGS AUSTRALIA PTY LTD,Goldfields DAMA,2025-03-18,2030-03-17
Shepparton Truck Centre Pty Ltd,Goulburn Valley DAMA,2025-03-19,2030-03-18
"SHORT, LYNDALL ROSSLYN",South Australia Regional DAMA,2025-03-13,2030-03-12
SHT (SA) Pty Ltd,South Australia Regional DAMA,2025-03-11,2030-03-10
SHUTAN PTY. LTD.,Northern Territory DAMA,2025-03-18,2030-03-17
SMART BUILT PTY. LTD.,South Australia Regional DAMA,2025-02-14,2030-02-13
Snojen Pty Ltd,Orana DAMA,2025-02-13,2030-02-12
SOCIETY OF ST PIUS X LTD,Industry - Minister of Religion,2025-03-11,2030-03-10
SPB (2000) Pty Ltd,Industry – Premium Dining,2025-03-19,2030-03-18
SRI DURGA AUST PTY LTD,Goulburn Valley DAMA,2025-02-10,2030-02-09
St Lazarus Serbian Orthodox Church,Industry - Minister of Religion,2025-02-19,2030-02-18
STEVEN VICTOR BOLESTA,South West DAMA,2025-02-26,2030-02-25
Stewart Agri Pty Ltd,Industry - Dairy,2025-02-20,2030-02-19
STRIKEFORCE PTY LTD,Industry - Fishing,2025-02-06,2030-02-05
Success 168 Pty Ltd,Goldfields DAMA,2025-02-25,2030-02-24
Sugarworld Dental Pty Ltd,Far North Queensland DAMA,2025-02-24,2030-02-23
"SUN, YINGNA",Northern Territory DAMA,2025-02-27,2030-02-26
SUNNYCARE HOME SERVICES PTY LTD,Industry - Aged Care,2025-02-24,2030-02-23
SVS Group Trading Pty Ltd,Orana DAMA,2025-03-06,2030-03-05
T J & G CASHIN,Industry - Dairy,2025-02-12,2030-02-11
T.J. INVESTMENTS (NT) PTY LTD,Northern Territory DAMA,2025-02-14,2030-02-13
TABRO MEAT PTY LTD,Industry - Meat,2025-02-14,2030-02-13
TAMBREY (WA) PTY LTD,Pilbara DAMA,2025-02-17,2030-02-16
The Baik Yang Presbyterian Church Inc,Industry - Minister of Religion,2025-02-25,2030-02-24
The Pioneers Lodge Limited,Orana DAMA,2025-02-18,2030-02-17
The Pureland Puzhi Association of Toowoomba Inc,Industry - Minister of Religion,2025-02-12,2030-02-11
The Ripe Bunch Pty Ltd,South West DAMA,2025-02-28,2030-02-27
THE TRAVEL CORPORATION PTY LTD,Northern Territory DAMA,2025-02-06,2030-02-05
THE TRUSTEE FOR THE SHER GILL UNIT TRUST,Industry - Horticulture,2025-03-05,2030-03-04
"THEKKANATH, POULOSE PAUL",Far North Queensland DAMA,2025-03-03,2030-03-02
TML LABOUR HIRE PTY LTD,South Australia Regional DAMA,2025-02-27,2030-02-26
TOODYAY SUPERMARKET PTY LTD,WA DAMA,2025-03-07,2030-03-06
Trinity Nepali Church Incorporated,Industry - Minister of Religion,2025-02-18,2030-02-17
TRUECARE PHYSIO PTY LTD,Company Specific,2025-03-04,2030-03-03
TRUSTEE FOR HUFFADINE FAMILY TRUST,Industry - Dairy,2025-02-07,2030-02-06
Unite Resourcing Pty Ltd,Industry - On-Hire,2025-02-25,2030-02-24
V1 FUEL PTY LTD,Great South Coast DAMA,2025-02-20,2030-02-19
Venus Plains Pty Ltd,South Australia Regional DAMA,2025-02-05,2030-02-04
VFMFOODLAB PTY LTD,East Kimberley DAMA,2025-02-20,2030-02-19
VFS DISTRIBUTION PTY LTD,Industry - Horticulture,2025-02-07,2030-02-06
VITOR MARKETING PTY LTD,Industry - Horticulture,2025-03-19,2030-03-18
WARRNAMBOOL WHALERS HOTEL PTY LTD,Great South Coast DAMA,2025-03-05,2030-03-04
Wat Buddhalavarn Incorporated,Industry - Minister of Religion,2025-03-19,2030-03-18
WAYMARK HOTEL GROUP MANAGEMENT PTY LIMITED,Townsville DAMA,2025-03-07,2030-03-06
WE CARE NQ PTY LTD,Far North Queensland DAMA,2025-02-14,2030-02-13
West Coast Conveyor Services,Company Specific,2025-03-13,2030-03-12
WESTERN MEAT PROCESSORS PTY LTD,Industry - Meat,2025-03-14,2030-03-13
Westlakes Independent Baptist Church Incorporated,Industry - Minister of Religion,2025-02-14,2030-02-13
WESTSIDE MEATS AUSTRALIA PTY LTD,Industry - Meat,2025-02-07,2030-02-06
Westwall Holdings Pty Ltd,South West DAMA,2025-03-11,2030-03-10
Windrow Pty Ltd,WA DAMA,2025-03-12,2030-03-11
WINTRINGHAM LIMITED,Goulburn Valley DAMA,2025-02-13,2030-02-12
Woolpack Corner Pty Ltd,Industry - Meat,2025-02-26,2030-02-25
WORKPAC PTY LTD,Industry - On-Hire,2025-02-28,2030-02-27
WYNDHAM DESTINATIONS ASIA PACIFIC PTY LTD,Far North Queensland DAMA,2025-03-07,2030-03-06
Yalata Anangu Aboriginal Corporation,South Australia Regional DAMA,2025-02-14,2030-02-13
D & C BOWER PTY LTD,Far North Queensland DAMA,2025-05-07,2030-05-06
ALLAN B & CATHERINE J CAMPBELL,Industry - Dairy,2025-05-07,2030-05-06
UNDER PRESSURE CONTRACTING PTY LTD,Goldfields DAMA,2025-05-07,2030-05-06
Stratus Consulting Group Pty Ltd,WA DAMA,2025-05-07,2030-05-06
"ANAMEKA HOLDINGS PTY LTD, YORKS ANAMEKA PTY LTD & AKEMANA TRADING CO PTY LTD",WA DAMA,2025-05-07,2030-05-06
SG AWESOME TILING PTY LTD,WA DAMA,2025-05-07,2030-05-06
MR XEO PTY LTD,South Australia Regional DAMA,2025-05-07,2030-05-06
OPTIMA WINDOWS AND DOORS PTY LTD,South Australia Regional DAMA,2025-05-07,2030-05-06
Forbes Inn Pty Ltd,Orana DAMA,2025-05-07,2030-05-06
Cairns Sparkle Pty Ltd,Far North Queensland DAMA,2025-05-07,2030-05-06
Catalyst IT Australia Pty Limited,Skilled Refugee Pilot,2025-05-06,2030-05-05
Lake Lucas Almonds Pty Ltd,Industry - Horticulture,2025-05-06,2030-05-05
K.E BERMINGHAM & N.V BERMINGHAM,Industry - Dairy,2025-05-06,2030-05-05
J.N DREW & N.R DREW & R.A DREW & S.C DREW,Industry - Dairy,2025-05-06,2030-05-05
DICUGIN PTY LTD,Far North Queensland DAMA,2025-05-06,2030-05-05
G.E MATTHEWS & H MATTHEWS & R.P MATTHEWS,Industry - Dairy,2025-05-05,2030-05-04
PARBERY PASTORAL PTY LIMITED,Industry - Dairy,2025-05-05,2030-05-04
WALTOWA DAIRY COMPANY PTY LTD,Industry - Dairy,2025-05-05,2030-05-04
SYDNEY HIEL KOREAN CHURCH INCORPORATED,Industry - Minister of Religion,2025-05-02,2030-05-01
The Trustee for The Dobra Garden Trust,Industry - Horticulture,2025-05-02,2030-05-01
Cocomil Pty Ltd,Industry – Premium Dining,2025-05-02,2030-05-01
MCALPINE FARMS WOODSIDE PTY LTD,Industry - Dairy,2025-05-02,2030-05-01
Schulz Agri Farms Pty Ltd,Industry - Dairy,2025-05-02,2030-05-01
MEDISERVE PTY LTD,Industry - On-Hire,2025-05-01,2030-04-30
FOR STAFF SOLUTIONS PTY LTD,Industry - On-Hire,2025-05-01,2030-04-30
D T NGUYEN PTY LTD,Industry - Horticulture,2025-05-01,2030-04-30
ACMII Australia 2 Pty Ltd,Industry - Horticulture,2025-05-01,2030-04-30
G Capital No. 3 Trading Pty Ltd,Industry – Premium Dining,2025-05-01,2030-04-30
Bellevue Gold Limited,Goldfields DAMA,2025-05-01,2030-04-30
THE CATHOLIC DIOCESE OF PORT PIRIE INC STAR OF THE SEA HOME FOR THE AGED,South Australia Regional DAMA,2025-05-01,2030-04-30
HILLVIEW ORCHARDS PTY LTD,South Australia Regional DAMA,2025-05-01,2030-04-30
DSN TRADING PTY LTD,South Australia Regional DAMA,2025-05-01,2030-04-30
STOCKPRO PTY LTD,Orana DAMA,2025-05-01,2030-04-30
THE TATLER GROUP PROPRIETARY LIMITED,Orana DAMA,2025-05-01,2030-04-30
JMTI PTY LTD,Far North Queensland DAMA,2025-05-01,2030-04-30
AMITY RESOURCES PTY LTD,Industry - On-Hire,2025-04-29,2030-04-28
L.J COWHAN & P.H COWHAN,Industry - Dairy,2025-04-29,2030-04-28
Victorian Elderly Chinese Welfare Society Inc,Industry - Aged Care,2025-04-29,2030-04-28
Harman Gill Transport Pty Ltd,WA DAMA,2025-04-29,2030-04-28
LYKKE NOMINEES PTY LTD,WA DAMA,2025-04-29,2030-04-28
Truck Art Trailers Pty Ltd,Orana DAMA,2025-04-29,2030-04-28
SRI KARTIKYA PTY LTD,Orana DAMA,2025-04-29,2030-04-28
Loris H Hassall Trading Pty Ltd,Orana DAMA,2025-04-29,2030-04-28
HAMPSON BROS PTY LIMITED,Industry - Horticulture,2025-04-28,2030-04-27
M. & A. GARDINER PTY. LTD.,Industry - Dairy,2025-04-28,2030-04-27
WEUSANDI CONTRACTING PTY LTD,Goldfields DAMA,2025-04-28,2030-04-27
Nunora Ag Pty Ltd,South Australia Regional DAMA,2025-04-28,2030-04-27
ANZ Community Pty Ltd,South Australia Regional DAMA,2025-04-28,2030-04-27
NB2 FARMING LTD,Far North Queensland DAMA,2025-04-28,2030-04-27
DARLLEN PTY LTD,East Kimberley DAMA,2025-04-28,2030-04-27
NURSE AID AUSTRALIA PTY LTD,South Australia Regional DAMA,2025-04-24,2030-04-23
MOULAMEIN RETIREMENT VILLAGE INC,Orana DAMA,2025-04-24,2030-04-23
730 PTY LTD,Orana DAMA,2025-04-24,2030-04-23
Stellar Care Pty Ltd,Company Specific,2025-04-24,2030-04-23
T & G ENTERPRISES (VIC) PTY LTD,Company Specific,2025-04-24,2030-04-23
Umoona Tjutagku Health Service Aboriginal Corporation,Industry - Aged Care,2025-04-23,2030-04-22
Barcorp Holdings Pty Ltd,Goldfields DAMA,2025-04-23,2030-04-22
KIM & J CO PTY LTD,South West DAMA,2025-04-23,2030-04-22
Ochre Nation Pty Ltd,South Australia Regional DAMA,2025-04-23,2030-04-22
Hains & Co Pty Ltd,South Australia Regional DAMA,2025-04-23,2030-04-22
MQ GRIFFITH PTY LTD,Orana DAMA,2025-04-23,2030-04-22
Settlement Services International Limited,Skilled Refugee Pilot,2025-04-22,2030-04-21
Prayer House Incorporated,Industry - Minister of Religion,2025-04-22,2030-04-21
ASHBERN FARMS PTY LTD,Industry - Horticulture,2025-04-22,2030-04-21
Del Fuego Pty Ltd,Industry - Fishing,2025-04-22,2030-04-21
BRUNSWICK BAR SUPPLIES PTY LTD,Industry – Premium Dining,2025-04-22,2030-04-21
LA FERME PTY. LTD.,Industry - Dairy,2025-04-22,2030-04-21
KL Gannon & NJ Gannon,Industry - Dairy,2025-04-22,2030-04-21
TERLINE PTY LTD,Industry - Dairy,2025-04-22,2030-04-21
Pannu Co Pty Ltd,WA DAMA,2025-04-22,2030-04-21
LNJ TILING PTY LTD,WA DAMA,2025-04-22,2030-04-21
Australia Milling Group Pty Ltd,South Australia Regional DAMA,2025-04-22,2030-04-21
CARE NT PTY LTD,Northern Territory DAMA,2025-04-22,2030-04-21
VNC UNITED PTY LTD,Far North Queensland DAMA,2025-04-22,2030-04-21
WATTICO INDUSTRIES PTY LTD,WA DAMA,2025-04-17,2030-04-16
APEX BUILDING (AUS) PTY LTD,WA DAMA,2025-04-17,2030-04-16
TREMOR MINING & CIVIL PTY LTD,WA DAMA,2025-04-17,2030-04-16
ZEST AMBROSIA PTY LTD,South Australia Regional DAMA,2025-04-17,2030-04-16
LIFESTYLE ASSISTANCE & ACCOMODATION SERVICE INC,South Australia Regional DAMA,2025-04-17,2030-04-16
RED VEND PTY LTD,Pilbara DAMA,2025-04-17,2030-04-16
Classic Contractors Pty Ltd,WA DAMA,2025-04-16,2030-04-15
SERVCO AUSTRALIA DUBBO PTY LTD,Orana DAMA,2025-04-16,2030-04-15
Adorable Living Pty Ltd,Company Specific,2025-04-16,2030-04-15
ESPERANCE AGED CARE FACILITY INC,Goldfields DAMA,2025-04-15,2030-04-14
PROBELOGIC PTY LTD,WA DAMA,2025-04-15,2030-04-14
JMD FM PTY LTD,Pilbara DAMA,2025-04-15,2030-04-14
PACTUM DAIRY GROUP PTY. LTD.,Goulburn Valley DAMA,2025-04-15,2030-04-14
Daulats Delights Pty Ltd,Far North Queensland DAMA,2025-04-15,2030-04-14
Innisfail bananas Pty ltd,Far North Queensland DAMA,2025-04-15,2030-04-14
The Game Meats Company of Australia Pty Ltd,Industry - Meat,2025-04-14,2030-04-13
Quintarra Farms,Goldfields DAMA,2025-04-14,2030-04-13
Steel Mission Pty Ltd,WA DAMA,2025-04-14,2030-04-13
Eagle Valley & Co Pty Ltd,South West DAMA,2025-04-14,2030-04-13
PROJECT BUILDING SUPPLIES SOUTH WEST PTY LTD,South West DAMA,2025-04-14,2030-04-13
Greenvalley Asset Pty Ltd,Pilbara DAMA,2025-04-14,2030-04-13
Gumtree Farms Pty Ltd,Industry - Dairy,2025-04-11,2030-04-10
COX AGRI PTY LTD,Industry - Dairy,2025-04-11,2030-04-10
B.W MCDOWALL & L.G MCDOWALL,Industry - Dairy,2025-04-11,2030-04-10
BEDFORD HARBOUR ENGINEERING PTY LTD,Goldfields DAMA,2025-04-11,2030-04-10
BLUE LAKE MILLING PTY LTD,South Australia Regional DAMA,2025-04-11,2030-04-10
S C Lindsay Pty Ltd,South Australia Regional DAMA,2025-04-11,2030-04-10
Joyce Krane Australia Pty Ltd,Pilbara DAMA,2025-04-11,2030-04-10
THORNTRAIL PTY. LIMITED,Goulburn Valley DAMA,2025-04-11,2030-04-10
38 Lake Street Trading Pty Ltd,Far North Queensland DAMA,2025-04-11,2030-04-10
The Fur Salon by Rufus & Coco Pty Ltd,Company Specific,2025-04-11,2030-04-10
Easy Skill Australia Pty Ltd,Industry - On-Hire,2025-04-10,2030-04-09
Jacana Dairy Pty Ltd,Industry - Dairy,2025-04-10,2030-04-09
Adam and Nicole Walpole Pty Ltd,Industry - Dairy,2025-04-10,2030-04-09
ASSETBUILD PTY LTD,WA DAMA,2025-04-10,2030-04-09
CEDUNA COMMUNITY HOTEL LIMITED,South Australia Regional DAMA,2025-04-10,2030-04-09
COLLIER & MILLER PTY LTD,Orana DAMA,2025-04-10,2030-04-09
Sarumo Pty Ltd,Orana DAMA,2025-04-10,2030-04-09
APOLLO FABRICATION GROUP PTY LTD,Orana DAMA,2025-04-10,2030-04-09
G. & K. O'CONNOR PTY LTD,Industry - Meat,2025-04-09,2030-04-08
MYENSON PARK PTY LTD,Industry - Dairy,2025-04-09,2030-04-08
S.SIGNATURE PTY LTD,WA DAMA,2025-04-09,2030-04-08
GLENROWAN FARMING PTY LTD,WA DAMA,2025-04-09,2030-04-08
ECHUCA CURRY CLUB PTY LTD,Goulburn Valley DAMA,2025-04-09,2030-04-08
LSRKJ PTY LTD,Goulburn Valley DAMA,2025-04-09,2030-04-08
N D GLOBAL PTY LTD,Industry - On-Hire,2025-04-08,2030-04-07
Looton Dairy Pty Ltd,Industry - Dairy,2025-04-08,2030-04-07
GYRO AUSTRALIA PTY LTD,Goldfields DAMA,2025-04-08,2030-04-07
3V Transport Pty Ltd,WA DAMA,2025-04-08,2030-04-07
THE BRITISH HAM AND BACON COMPANY PTY LTD,WA DAMA,2025-04-08,2030-04-07
Y C Total Service Pty Ltd,WA DAMA,2025-04-08,2030-04-07
Salva Transport Pty Ltd,WA DAMA,2025-04-08,2030-04-07
THE BRITISH SAUSAGE COMPANY PTY LTD,WA DAMA,2025-04-08,2030-04-07
ACE CONSTRUCTION (VIC) PTY LTD & DAISY LODGE PTY LTD,Orana DAMA,2025-04-08,2030-04-07
TRINITY RETAIL PTY LTD,Orana DAMA,2025-04-08,2030-04-07
BISTRO SOCIALE TRADING PTY LTD,Orana DAMA,2025-04-08,2030-04-07
L & G MOTOR GROUP PTY LIMITED,Orana DAMA,2025-04-08,2030-04-07
SHREE SWAMINARAYAN GURUKUL AUSTRALIA PTY LTD,Industry - Minister of Religion,2025-04-07,2030-04-06
Pardip & Seema Singh,Industry - Horticulture,2025-04-07,2030-04-06
J.H BROAD & M.O BROAD,Industry - Dairy,2025-04-07,2030-04-06
S C Lindsay Pty Ltd,Townsville DAMA,2025-04-07,2030-04-06
T & K MCKRILL HOLDINGS PTY LTD,South West DAMA,2025-04-07,2030-04-06
TOM TOM BROTHERS PTY LTD,Company Specific,2025-04-07,2030-04-06
ETERNITY CHRISTIAN CHURCH IN PERTH INC.,Industry - Minister of Religion,2025-04-04,2030-04-03
Skyblue Enterprises Pty Ltd,Goldfields DAMA,2025-04-04,2030-04-03
NARACOORTE SEEDS PTY LTD,South Australia Regional DAMA,2025-04-04,2030-04-03
OASIS NEWMAN OPERATIONS PTY LTD,Pilbara DAMA,2025-04-04,2030-04-03
V. BOSCATO & CO. PTY. LIMITED,Northern Territory DAMA,2025-04-04,2030-04-03
Dominic Robert Dare,Great South Coast DAMA,2025-04-04,2030-04-03
Ichi Trading Pty Ltd,Far North Queensland DAMA,2025-04-04,2030-04-03
Seascape Holidays Queensland Pty Ltd,Far North Queensland DAMA,2025-04-04,2030-04-03
VANWHEEL PTY. LTD.,Far North Queensland DAMA,2025-04-04,2030-04-03
S C Lindsay Pty Ltd,Far North Queensland DAMA,2025-04-04,2030-04-03
JOINT SOLUTIONS LIFESTYLE 1.0 PTY LTD,Skilled Refugee Pilot,2025-04-03,2030-04-02
OM & WA PTY LTD,WA DAMA,2025-04-03,2030-04-02
STREAKY BAY HOTEL NOMINEES PTY LTD,South Australia Regional DAMA,2025-04-03,2030-04-02
Cozac Group Pty Ltd,Great South Coast DAMA,2025-04-03,2030-04-02
Delivery Nerd Pty Ltd,East Kimberley DAMA,2025-04-03,2030-04-02
TUFFY'S PTY LTD,East Kimberley DAMA,2025-04-03,2030-04-02
A2Z SOLUTIONS PTY LTD,Industry - Horticulture,2025-04-02,2030-04-01
OAKREEF HOLDINGS PTY LTD,Industry - Fishing,2025-04-02,2030-04-01
Fels Farming Pty Ltd,Goldfields DAMA,2025-04-02,2030-04-01
Ahanacare Pty Ltd,WA DAMA,2025-04-02,2030-04-01
SHARSO PTY LTD,South West DAMA,2025-04-02,2030-04-01
MAISON LASSIAILLE PTY LTD,South West DAMA,2025-04-02,2030-04-01
Kodomo Care Pty Ltd,South West DAMA,2025-04-02,2030-04-01
VISION & CARE PTY LTD,South Australia Regional DAMA,2025-04-02,2030-04-01
STONE ISLAND INVESTMENTS PTY. LTD.,Northern Territory DAMA,2025-04-02,2030-04-01
Hume Valley Pty Ltd,Goulburn Valley DAMA,2025-04-02,2030-04-01
East Kimberley Design Pty Ltd,East Kimberley DAMA,2025-04-02,2030-04-01
Yura Yungi Medical Service Aboriginal Corporation,East Kimberley DAMA,2025-04-02,2030-04-01
Cornerstone Medical Recruitment Pty Ltd,Industry - On-Hire,2025-04-01,2030-03-31
The Corp of The City Tabernacle,Industry - Minister of Religion,2025-04-01,2030-03-31
J.A MORRISON & A.O PELLETT,Industry - Dairy,2025-04-01,2030-03-31
Northern Coalfields Community Care Association Limited,Industry - Aged Care,2025-04-01,2030-03-31
Tandagin Pty Ltd,WA DAMA,2025-04-01,2030-03-31
Care Axis PTY LTD,South West DAMA,2025-04-01,2030-03-31
GIDLEY HOLDINGS PTY LTD,Orana DAMA,2025-04-01,2030-03-31
Vetronic Glass and Aluminium Pty Ltd,Far North Queensland DAMA,2025-04-01,2030-03-31
GREENBAY FOODS PTY LTD,Skilled Refugee Pilot,2025-03-31,2030-03-30
SHREE SANATAN DHARM SABHA OF NSW INC,Industry - Minister of Religion,2025-03-31,2030-03-30
WESTERN VICTORIA SRI-LANKAN BUDDHIST ASSOCIATION INC.,Industry - Minister of Religion,2025-03-31,2030-03-30
Majestic Selections Pty Ltd,Industry - Horticulture,2025-03-31,2030-03-30
ALEMRE CALIDA PTY LTD,Industry – Premium Dining,2025-03-31,2030-03-30
Alemre Mucho SB Pty Ltd,Industry – Premium Dining,2025-03-31,2030-03-30
BELJAD PTY LTD,Industry - Dairy,2025-03-31,2030-03-30
MK Platinum Pty Ltd,WA DAMA,2025-03-31,2030-03-30
Goldcape Holdings (WA) Pty Ltd,South West DAMA,2025-03-31,2030-03-30
AZF INVESTMENTS PTY LTD,South Australia Regional DAMA,2025-03-31,2030-03-30
FLIP SCREEN AUSTRALIA PTY. LTD.,Orana DAMA,2025-03-31,2030-03-30
Serbian Orthodox Church Of The Dormition Of The Most Holy Mother Of God Gold Coast Incorporated,Industry - Minister of Religion,2025-03-28,2030-03-27
BING TAK TONG LIMITED,Industry - Minister of Religion,2025-03-28,2030-03-27
L. & G. MEATS PTY. LTD.,Industry - Meat,2025-03-28,2030-03-27
CARRAMAR ENTERPRISE PTY LTD,Industry - Dairy,2025-03-28,2030-03-27
Carespace Australia Support Services Pty Ltd,WA DAMA,2025-03-28,2030-03-27
BENIPAL BROTHERS PTY LTD,WA DAMA,2025-03-28,2030-03-27
CATHOLIC EDUCATION OFFICE,Northern Territory DAMA,2025-03-28,2030-03-27
Viv Foods Pty Ltd,Far North Queensland DAMA,2025-03-28,2030-03-27
TEAGHLACH ENTERPRISE PTY LTD,Company Specific,2025-03-28,2030-03-27
Complete Pty Ltd,Company Specific,2025-03-28,2030-03-27
ACCESS ENGINEERING GROUP PTY LTD,Company Specific,2025-03-28,2030-03-27
Quality Rugs and More Pty Ltd,Skilled Refugee Pilot,2025-03-27,2030-03-26
IVEGA GROUP PTY LTD,Industry - On-Hire,2025-03-27,2030-03-26
SYDNEY NEW COMMUNITY CHURCH INCORPORATED,Industry - Minister of Religion,2025-03-27,2030-03-26
Islamic Society of Central Queensland Inc,Industry - Minister of Religion,2025-03-27,2030-03-26
Austral Almonds Management Pty Ltd,Industry - Horticulture,2025-03-27,2030-03-26
PURESEA INVESTMENTS PTY LTD,Industry - Fishing,2025-03-27,2030-03-26
Olive and Angelo Pty Ltd,Industry – Premium Dining,2025-03-27,2030-03-26
TARIPTA FARM PTY LTD,Industry - Dairy,2025-03-27,2030-03-26
T & AR TROPIANO,WA DAMA,2025-03-27,2030-03-26
THE CARERS' PHONE PTY LTD,South Australia Regional DAMA,2025-03-27,2030-03-26
GURU CARE AUTOMOTIVE PTY LTD,Far North Queensland DAMA,2025-03-27,2030-03-26
NORTH WEST MOTOR GROUP PTY LTD,East Kimberley DAMA,2025-03-27,2030-03-26
Warroo Game Meats Pty Ltd,Industry - Meat,2025-03-26,2030-03-25
F&J Services (CBD) Pty Ltd,Industry – Premium Dining,2025-03-26,2030-03-25
NQFD PTY LTD,Townsville DAMA,2025-03-26,2030-03-25
VERDANT HOLDINGS PTY LTD,Pilbara DAMA,2025-03-26,2030-03-25
TR Group PTY LTD,Orana DAMA,2025-03-26,2030-03-25
RNS CLEANING SERVICES PTY LTD,Northern Territory DAMA,2025-03-26,2030-03-25
EVERT OPALS PTY LTD,Far North Queensland DAMA,2025-03-26,2030-03-25
G BISHOPS TRANSPORT SERVICES PTY LTD,East Kimberley DAMA,2025-03-26,2030-03-25
MULTICULTURAL CHRISTIAN FELLOWSHIP OF AUSTRALIA INCORPORATED,Industry - Minister of Religion,2025-03-25,2030-03-24
4 SEAS PTY LTD,Industry - Fishing,2025-03-25,2030-03-24
J&S PARSONS HOLDINGS PTY LTD,Goldfields DAMA,2025-03-25,2030-03-24
KGI Logistics Pty Ltd,WA DAMA,2025-03-25,2030-03-24
Simran WA Logistics Pty Ltd,WA DAMA,2025-03-25,2030-03-24
SAMCHA HOLDINGS PTY LTD,WA DAMA,2025-03-25,2030-03-24
WESTERN HEALTHCARE PTY LTD,South West DAMA,2025-03-25,2030-03-24
"CAREY, JOHN WAYNE",South West DAMA,2025-03-25,2030-03-24
PHILIPS & JOHNS TRADING PTY LTD,South Australia Regional DAMA,2025-03-25,2030-03-24
BRIDGEWATER PUB PTY LTD,South Australia Regional DAMA,2025-03-25,2030-03-24
R Kaur & G Sahota & L Sahota & A Singh,Far North Queensland DAMA,2025-03-25,2030-03-24
DES EYE SURGERY PTY LTD,Skilled Refugee Pilot,2025-03-24,2030-03-23
First GC Pty Ltd,Industry - Meat,2025-03-24,2030-03-23
PMC HOSPITALITY PTY. LTD.,Industry – Premium Dining,2025-03-24,2030-03-23
TWG GROUP RESOURCES PTY LTD,Industry – Premium Dining,2025-03-24,2030-03-23
Gordon Pastoral Pty Ltd,Industry - Dairy,2025-03-24,2030-03-23
STEP NINE PTY LTD,WA DAMA,2025-03-24,2030-03-23
WA SAND Supply & Haulage Pty Ltd,WA DAMA,2025-03-24,2030-03-23
VIRK TRANSPORT SOLUTIONS PTY LTD,WA DAMA,2025-03-24,2030-03-23
STYGIAN NOMINEES PTY. LTD.,WA DAMA,2025-03-24,2030-03-23
Tung Transport Pty Ltd,WA DAMA,2025-03-24,2030-03-23
EMBRY CARE SERVICES PTY LTD,South Australia Regional DAMA,2025-03-24,2030-03-23
WHITE LINE TRANSPORT (AUST.) PTY. LTD.,South Australia Regional DAMA,2025-03-24,2030-03-23
NICOLA'S MACHINERY PTY LTD,South Australia Regional DAMA,2025-03-24,2030-03-23
Postal Angels Pty Ltd,Orana DAMA,2025-03-24,2030-03-23
MINH NHAN PTY LTD,Northern Territory DAMA,2025-03-24,2030-03-23
4S Group Pty Ltd,Great South Coast DAMA,2025-03-24,2030-03-23
YELLOW LEAF DINING PTY LTD,Far North Queensland DAMA,2025-03-24,2030-03-23
IONSKI PTY LTD,Far North Queensland DAMA,2025-03-24,2030-03-23
CHINA HOME PTY LTD,Far North Queensland DAMA,2025-03-24,2030-03-23
M.S. WHOLESALERS PTY. LTD.,Far North Queensland DAMA,2025-03-24,2030-03-23
Glass Wave Pty Ltd,East Kimberley DAMA,2025-03-24,2030-03-23
VICTORIA CITY TILING PTY LTD,Skilled Refugee Pilot,2025-03-21,2030-03-20
MANNUS2 PTY LTD,Industry - Meat,2025-03-21,2030-03-20
S&J McClure Investments No2 Pty Ltd,WA DAMA,2025-03-21,2030-03-20
ELEVATE CONSTRUCT PTY LTD,South Australia Regional DAMA,2025-03-21,2030-03-20
BARUNGA VILLAGE INC,South Australia Regional DAMA,2025-03-21,2030-03-20
MUELLER AUTOMOTIVE PTY LTD,Far North Queensland DAMA,2025-03-21,2030-03-20
VIETNAM GRACE CHURCH BRISBANE INC.,Industry - Minister of Religion,2025-03-20,2030-03-19
Mata Durga Temple Religious & Cultural Inc.,Industry - Minister of Religion,2025-03-20,2030-03-19
JTGC DEVELOPMENT PTY LTD,Industry – Premium Dining,2025-03-20,2030-03-19
ESPERANCE FRESH FOOD PTY LTD,Goldfields DAMA,2025-03-20,2030-03-19
SIXTH EASTWAY PTY LTD,Skilled Refugee Pilot,2025-03-19,2030-03-18
ELMAR FARMS PTY. LTD.,Industry - Dairy,2024-12-02,2029-12-01
CAMBODIAN BUDDHIST ASSOCIATION OF VICTORIA INCORPORATED,Industry - Minister of Religion,2025-07-16,2030-07-15
M & N BLAND PTY. LTD.,Industry - Dairy,2025-07-16,2030-07-15
VASSE AUTOMOTIVE PTY LTD,South West DAMA,2025-07-16,2030-07-15
Bethel Bible Baptist Church Inc.,Industry - Minister of Religion,2025-07-15,2030-07-14
DRAGE BOILERMAKING SERVICES PTY LTD,Goldfields DAMA,2025-07-15,2030-07-14
TOM'S BROOK TRADING PTY LTD,Goldfields DAMA,2025-07-15,2030-07-14
BIG LAKE FARMING PTY LTD,WA DAMA,2025-07-15,2030-07-14
T.F. & J.M. ROBINSON PTY LTD,WA DAMA,2025-07-15,2030-07-14
NIPPON FOOD ART PTY LTD,WA DAMA,2025-07-15,2030-07-14
SM HEAVY MOVERS PTY LTD,WA DAMA,2025-07-15,2030-07-14
JULIETTE'S GROUP PTY LTD,Townsville DAMA,2025-07-15,2030-07-14
PERFECT MEDICAL AND DENTAL CLINIC PTY LTD,South Australia Regional DAMA,2025-07-15,2030-07-14
Topfield Farms Pty Ltd,South Australia Regional DAMA,2025-07-15,2030-07-14
LAYLO PTY LTD,South Australia Regional DAMA,2025-07-15,2030-07-14
RPK FAMILY PTY LTD,Orana DAMA,2025-07-15,2030-07-14
N PARKES MOTEL PTY LTD,Orana DAMA,2025-07-15,2030-07-14
Tjuwanpa Outstation Resource Centre (Aboriginal Corporation),Northern Territory DAMA,2025-07-15,2030-07-14
DEEMAT PTY. LIMITED,Northern Territory DAMA,2025-07-15,2030-07-14
NEPTUNE NT PTY LTD,Northern Territory DAMA,2025-07-15,2030-07-14
Catholic Education Sandhurst Limited,Goulburn Valley DAMA,2025-07-15,2030-07-14
Alfa Locksmiths & Security Solutions Pty Ltd,Far North Queensland DAMA,2025-07-15,2030-07-14
SFT Trio Pty Ltd,Far North Queensland DAMA,2025-07-15,2030-07-14
KUNUNURRA CLEANING SERVICES PTY LTD,East Kimberley DAMA,2025-07-15,2030-07-14
LAUNCESTON FULL GOSPEL CHURCH INC,Industry - Minister of Religion,2025-07-14,2030-07-13
Toberfish Pty Ltd,Industry - Fishing,2025-07-14,2030-07-13
BAPTISTCARE WA LIMITED,Industry - Aged Care,2025-07-14,2030-07-13
R.L BIELBY & S.J LYNEHAM,Industry - Pork,2025-07-11,2030-07-10
TOP MULTIPLIER PTY LTD,Industry - Pork,2025-07-11,2030-07-10
KELLETT STREET PTY LTD,Industry – Premium Dining,2025-07-11,2030-07-10
The Trustee for Otway Milk Farm Trust,Industry - Dairy,2025-07-11,2030-07-10
VIEW PARK HOLDINGS PTY. LTD.,Industry - Dairy,2025-07-11,2030-07-10
REDSAIL HOLDINGS PTY LTD,WA DAMA,2025-07-11,2030-07-10
LOGISTIC SOLUTIONS PERTH PTY LTD,WA DAMA,2025-07-11,2030-07-10
D M Stanich & Co Pty Ltd,WA DAMA,2025-07-11,2030-07-10
Ashley Starcevich & Co Pty Ltd,WA DAMA,2025-07-11,2030-07-10
BOLDSTAR ENTERPRISES PTY LTD,WA DAMA,2025-07-11,2030-07-10
L AND J ARNOTT INVESTMENTS PTY LTD,Northern Territory DAMA,2025-07-11,2030-07-10
R & R ACCOUNTING PTY LTD,Northern Territory DAMA,2025-07-11,2030-07-10
TRAVEL & LEISURE AUSTRALIA PTY LTD,South West DAMA,2025-07-10,2030-07-09
Cable Beach Tavern Pty Ltd,East Kimberley DAMA,2025-07-10,2030-07-09
Factor 6 Pty Ltd,WA DAMA,2025-07-09,2030-07-08
Rafia Bari Pty Ltd,WA DAMA,2025-07-09,2030-07-08
REDEEMED CARE INCORPORATED,WA DAMA,2025-07-09,2030-07-08
Elite Linen Pty Ltd,WA DAMA,2025-07-09,2030-07-08
The Spirited Goat PTY LTD,Townsville DAMA,2025-07-09,2030-07-08
CAVES ROAD CONSTRUCTIONS PTY LTD,South West DAMA,2025-07-09,2030-07-08
Percie Group Pty Ltd,Orana DAMA,2025-07-09,2030-07-08
LMMR Pty Ltd,Northern Territory DAMA,2025-07-09,2030-07-08
DEVA SHORT STAY PTY LTD,Northern Territory DAMA,2025-07-09,2030-07-08
NT ENERGY CONTRACTING PTY LTD,Northern Territory DAMA,2025-07-09,2030-07-08
WACE Group Pty Ltd,Northern Territory DAMA,2025-07-09,2030-07-08
THE LIEBIG PTY. LTD.,Great South Coast DAMA,2025-07-09,2030-07-08
STOCKMAN'S EGGS PTY LTD,Far North Queensland DAMA,2025-07-09,2030-07-08
Cairns Ever Cool Pty Ltd,Far North Queensland DAMA,2025-07-09,2030-07-08
Team Tree Lopper Pty Ltd,East Kimberley DAMA,2025-07-09,2030-07-08
PAB MAC PTY LTD,East Kimberley DAMA,2025-07-09,2030-07-08
B FORD & C.J FORD,Industry - Pork,2025-07-08,2030-07-07
Agriexchange Pty Ltd,Industry - Horticulture,2025-07-08,2030-07-07
ST CLAIR FARMS PTY. LTD.,Industry - Dairy,2025-07-08,2030-07-07
A.M KENT & K.G KENT & S.C KENT & T.D KENT,Industry - Dairy,2025-07-08,2030-07-07
MAXI CARE PLUS PTY LTD,Company Specific,2025-07-08,2030-07-07
OUR REDEEMER LUTHERAN CHURCH,Industry - Minister of Religion,2025-07-07,2030-07-06
KLK FARMS PTY LTD,Industry - Horticulture,2025-07-07,2030-07-06
HURRICANE'S MANAGEMENT PTY LTD,Industry – Premium Dining,2025-07-07,2030-07-06
MUSCOR PTY LTD,Industry - Dairy,2025-07-07,2030-07-06
JPC INVESTMENTS (WA) PTY LTD,WA DAMA,2025-07-07,2030-07-06
CAPRAL LIMITED,WA DAMA,2025-07-07,2030-07-06
MCCONVILLE ENTERPRISES PTY LTD,South West DAMA,2025-07-07,2030-07-06
L & F BAKERY PTY LTD,South Australia Regional DAMA,2025-07-07,2030-07-06
HOTEL NEWMAN PTY LTD,Pilbara DAMA,2025-07-07,2030-07-06
COTTBEACH PTY LTD,Northern Territory DAMA,2025-07-07,2030-07-06
GARV VANSH PTY LTD,Northern Territory DAMA,2025-07-07,2030-07-06
FRONTIER MIGRATION SOLUTIONS PTY LTD,Northern Territory DAMA,2025-07-07,2030-07-06
Halcyon (AUST) PTY LTD,Far North Queensland DAMA,2025-07-07,2030-07-06
DOMESHELTER AUSTRALIA PTY LTD,WA DAMA,2025-07-05,2030-07-04
GHS REGIONAL WA PTY LTD,WA DAMA,2025-07-05,2030-07-04
BASANT HAULAGE PTY LTD,WA DAMA,2025-07-05,2030-07-04
HOPBROKER PTY LTD,South West DAMA,2025-07-05,2030-07-04
SAMARITAN COLLEGE,South Australia Regional DAMA,2025-07-05,2030-07-04
SONSAN PTY. LIMITED,Pilbara DAMA,2025-07-05,2030-07-04
Almighty Industries Pty Limited,Orana DAMA,2025-07-05,2030-07-04
VIRIDIAN GLASS PTY LTD,Orana DAMA,2025-07-05,2030-07-04
JMJ DISABILITY SERV PTY LIMITED,Northern Territory DAMA,2025-07-05,2030-07-04
AUSTFISH PTY LTD,Industry - Fishing,2025-07-04,2030-07-03
MOUNT ISA CITY COUNCIL,Townsville DAMA,2025-07-04,2030-07-03
KINGSTON ESTATE WINES PTY LTD,South Australia Regional DAMA,2025-07-04,2030-07-03
PINELANDS SCRAP CAR REMOVAL PTY LTD,Northern Territory DAMA,2025-07-04,2030-07-03
"Thos, Laurent",Far North Queensland DAMA,2025-07-04,2030-07-03
LACEVIEW PTY LTD,Industry - Dairy,2025-07-03,2030-07-02
JSH AUTOMOTIVE PTY LTD,Townsville DAMA,2025-07-03,2030-07-02
HONG KIEU PTY LTD,South Australia Regional DAMA,2025-07-03,2030-07-02
WOKS UP TENNANT CREEK PTY LTD,Northern Territory DAMA,2025-07-03,2030-07-02
SRI SAI BHAGAWATHI PTY LTD,Northern Territory DAMA,2025-07-03,2030-07-02
TOP END EARLY LEARNING CENTRE INCORPORATED,Northern Territory DAMA,2025-07-03,2030-07-02
TOSONI FARMING PTY LTD,Far North Queensland DAMA,2025-07-03,2030-07-02
FIRST CHOICE TILING & WATERPROOFING PTY LTD,Skilled Refugee Pilot,2025-07-02,2030-07-01
FINDMEA Pty Ltd,Industry - On-Hire,2025-07-02,2030-07-01
L & H EXPRESS PTY LTD,Industry - Horticulture,2025-07-02,2030-07-01
ROTI PLACE WEST END PTY LTD,Industry – Premium Dining,2025-07-02,2030-07-01
Dalrymple Villa Inc,Industry - Aged Care,2025-07-02,2030-07-01
EAST TO WEST PLANT SERVICES PTY LTD,WA DAMA,2025-07-02,2030-07-01
SAI HS KALYAN PTY LTD,Northern Territory DAMA,2025-07-02,2030-07-01
Quality Marine NT Pty Ltd,Northern Territory DAMA,2025-07-02,2030-07-01
New World Engineering Automation Pty Ltd,Industry - On-Hire,2025-07-01,2030-06-30
Osan Ability Assist Pty Ltd,Industry - Aged Care,2025-07-01,2030-06-30
GOLDFIELDS BAPTIST COLLEGE INCORPORATED,Goldfields DAMA,2025-07-01,2030-06-30
SGS FREIGHTLINES PTY LTD,WA DAMA,2025-07-01,2030-06-30
DARWIN INNOVATION HUB ADVISORY PTY LIMITED,Northern Territory DAMA,2025-07-01,2030-06-30
CHAMBERS TRADE SERVICES PTY LTD,Northern Territory DAMA,2025-07-01,2030-06-30
RADHASHYAM PTY LTD,Goulburn Valley DAMA,2025-07-01,2030-06-30
Greek Orthodox Community of South Australia Incorporated,Industry - Minister of Religion,2025-06-30,2030-06-29
MAHAMAKUT RAGAWITHAYALAI FOUNDATION,Industry - Minister of Religion,2025-06-30,2030-06-29
J CLOVER TILING PTY LTD,WA DAMA,2025-06-30,2030-06-29
COLLINS TRANSPORT GROUP PTY LTD,South Australia Regional DAMA,2025-06-30,2030-06-29
TMH CORPORATION PTY LTD,South Australia Regional DAMA,2025-06-30,2030-06-29
Cabania One Pty Ltd,Northern Territory DAMA,2025-06-30,2030-06-29
SKLIROS PRODUCE PTY. LTD.,Northern Territory DAMA,2025-06-30,2030-06-29
VIV ENTERPRISES PTY LTD,Far North Queensland DAMA,2025-06-30,2030-06-29
G.J FISHER & J.L FISHER,Goldfields DAMA,2025-06-28,2030-06-27
PHYLOS INCORPORATED,WA DAMA,2025-06-28,2030-06-27
TOSUM PTY LTD,WA DAMA,2025-06-28,2030-06-27
Apache Investments Australia Pty Ltd,WA DAMA,2025-06-28,2030-06-27
FREEFLOW WA PTY LTD,WA DAMA,2025-06-28,2030-06-27
ELITE TILE GROUP PTY LTD,WA DAMA,2025-06-28,2030-06-27
BUNBURY FOODS PTY LTD,South West DAMA,2025-06-28,2030-06-27
CINNAMON CLUB NORWOOD PTY LTD,South Australia Regional DAMA,2025-06-28,2030-06-27
Myrtle Grove Supportive Care Pty Ltd,South Australia Regional DAMA,2025-06-28,2030-06-27
SPG HARVEST PTY LTD,Pilbara DAMA,2025-06-28,2030-06-27
C.C BLEACH & H HUYNH,Pilbara DAMA,2025-06-28,2030-06-27
VYAS FAMILY PTY LTD,Orana DAMA,2025-06-28,2030-06-27
KAN SUSHI N POKE' DUBBO PTY LTD,Orana DAMA,2025-06-28,2030-06-27
THE WARRNAMBOOL HOTEL PTY LTD,Great South Coast DAMA,2025-06-28,2030-06-27
AGRIKAL PTY. LTD.,Goulburn Valley DAMA,2025-06-28,2030-06-27
Kalpack Pty Ltd,Goulburn Valley DAMA,2025-06-28,2030-06-27
COOWONGA FARM PTY LTD,Industry - Dairy,2025-06-27,2030-06-26
OZZI TECH AND WEB SOLUTION PTY LTD,South Australia Regional DAMA,2025-06-27,2030-06-26
DEEP CIVIL PTY LTD,Skilled Refugee Pilot,2025-06-26,2030-06-25
NUNDAH PASTORAL PTY LIMITED,Industry - Dairy,2025-06-26,2030-06-25
Wheatfields Incorporated,Industry - Aged Care,2025-06-26,2030-06-25
FORWARD AGRICULTURE PTY LTD & C.R FORWARD & R.H FORWARD,WA DAMA,2025-06-26,2030-06-25
ALBURY LINEN AND TEXTILE SERVICES PTY LTD,Orana DAMA,2025-06-26,2030-06-25
SAMYANG PTY LTD,Far North Queensland DAMA,2025-06-26,2030-06-25
JSFS AU PTY LTD,Adelaide City Tech and Innovation DAMA,2025-06-26,2030-06-25
REVILO FAMILY INVESTMENT PTY LTD,Skilled Refugee Pilot,2025-06-25,2030-06-24
BRUCERON PTY LTD,Industry - Pork,2025-06-25,2030-06-24
GL & DL Dyke,Industry - Dairy,2025-06-25,2030-06-24
M.D GRAY & P.M GRAY,Industry - Dairy,2025-06-25,2030-06-24
FREO TRADING PTY LTD,WA DAMA,2025-06-25,2030-06-24
MARGARET RIVER NOUGAT COMPANY PTY LTD,South West DAMA,2025-06-25,2030-06-24
K DEILEY & M.J DEILEY,East Kimberley DAMA,2025-06-25,2030-06-24
KLEMBY FARMS PTY LTD,Industry - Dairy,2025-06-24,2030-06-23
CJ WORLD PTY LTD,WA DAMA,2025-06-24,2030-06-23
KTPIPER INVESTMENTS PTY LTD,South West DAMA,2025-06-24,2030-06-23
OLYMPIC DAM SPORTING CLUB INCORPORATED,South Australia Regional DAMA,2025-06-24,2030-06-23
WARRAMUNDA VILLAGE LIMITED,Goulburn Valley DAMA,2025-06-24,2030-06-23
Australian Strawberry Company Pty Limited,Industry - Horticulture,2025-06-23,2030-06-22
A AND P BARBARIC,Industry - Fishing,2025-06-23,2030-06-22
DOWNIE FAMILY HOLDINGS PTY LTD,Industry - Dairy,2025-06-23,2030-06-22
All Tree Solutions WA Pty Ltd,WA DAMA,2025-06-23,2030-06-22
WESTRAC PTY LTD,WA DAMA,2025-06-23,2030-06-22
MAYFAR NOMINEES PTY LTD,WA DAMA,2025-06-23,2030-06-22
H.D CHAPMAN & R.T CHAPMAN & S.K CHAPMAN & S.M,Townsville DAMA,2025-06-23,2030-06-22
Black Swan Enterprises Pty Ltd,South West DAMA,2025-06-23,2030-06-22
Australian Rainforest Honey Pty Ltd,Orana DAMA,2025-06-23,2030-06-22
FLOURISH PLANTS NORTH QUEENSLAND PTY LTD,Far North Queensland DAMA,2025-06-23,2030-06-22
PROGRAMMED SKILLED WORKFORCE PTY LTD,Industry - On-Hire,2025-06-20,2030-06-19
GARTH ALCWYN JOHNSTONE,Industry - Dairy,2025-06-20,2030-06-19
VONIJIM PTY. LIMITED,Townsville DAMA,2025-06-20,2030-06-19
Norwest Contracting and Rail Pty Ltd,Pilbara DAMA,2025-06-20,2030-06-19
W.R. ELECTRICAL PTY LTD,Company Specific,2025-06-20,2030-06-19
NOBLE FUELS PTY LTD,WA DAMA,2025-06-19,2030-06-18
WATER TECHNOLOGY PTY. LTD.,WA DAMA,2025-06-19,2030-06-18
Chipper Family Pty Ltd,WA DAMA,2025-06-19,2030-06-18
SGA Roads Pty Ltd,WA DAMA,2025-06-19,2030-06-18
CORE DENTAL CERAMICS PTY LTD,WA DAMA,2025-06-19,2030-06-18
WARAKIRRI 2 PTY. LTD.,WA DAMA,2025-06-19,2030-06-18
NQSS ENTERPRISES PTY LTD,Townsville DAMA,2025-06-19,2030-06-18
RAC TOURISM ASSETS PTY LTD,South West DAMA,2025-06-19,2030-06-18
DONNYBROOK PANEL BEATERS PTY LTD,South West DAMA,2025-06-19,2030-06-18
J KIM & M KO PTY LTD,South West DAMA,2025-06-19,2030-06-18
TK TILING AND STONE PTY LTD,South West DAMA,2025-06-19,2030-06-18
KESUM PTY LTD,South West DAMA,2025-06-19,2030-06-18
EXPLORER HOSPITALITY PTY LTD,South West DAMA,2025-06-19,2030-06-18
GB BROTHERS PTY LTD,South Australia Regional DAMA,2025-06-19,2030-06-18
AMA GROUP SOLUTIONS PTY LTD,South Australia Regional DAMA,2025-06-19,2030-06-18
Sushi Zen 2830 Pty Ltd,Orana DAMA,2025-06-19,2030-06-18
PERLOWSKI HOLDINGS PTY LTD,Orana DAMA,2025-06-19,2030-06-18
SUNSET FARMING COMPANY PTY. LTD.,Far North Queensland DAMA,2025-06-19,2030-06-18
JONG'S FLOWERS PTY LTD,South Australia Regional DAMA,2025-06-18,2030-06-17
Qualton PTY LTD,Skilled Refugee Pilot,2025-06-17,2030-06-16
DIVYA AGRICULTURE MANAGEMENT PTY LTD,Industry - On-Hire,2025-06-17,2030-06-16
TEN FARMS PTY LTD,Industry - Horticulture,2025-06-17,2030-06-16
GV INDEPENDANT PACKERS PTY. LTD.,Industry - Horticulture,2025-06-17,2030-06-16
KERNITA LODGE PTY LTD,Industry - Dairy,2025-06-17,2030-06-16
LJL (VIC) PTY LTD,Industry - Dairy,2025-06-17,2030-06-16
Ku-Ring-Gai Neighbourhood Centre Ltd,Industry - Aged Care,2025-06-17,2030-06-16
Specialist Disability Housing Pty Ltd,WA DAMA,2025-06-17,2030-06-16
Tydeman Pty Ltd,WA DAMA,2025-06-17,2030-06-16
BAILEY WARD NOMINEES PTY LTD & DEVEREUX INDUSTRIES PTY LTD & WROOK INDUSTRIES PTY LTD,WA DAMA,2025-06-17,2030-06-16
DAISYOU PTY LTD,South Australia Regional DAMA,2025-06-17,2030-06-16
PACETECH PTY LTD,South Australia Regional DAMA,2025-06-17,2030-06-16
Z LI & P QIN,Great South Coast DAMA,2025-06-17,2030-06-16
Hemingway's Brewery Cairns Pty Ltd,Far North Queensland DAMA,2025-06-17,2030-06-16
T&C Do & Son Pty Ltd,Industry - Horticulture,2025-06-16,2030-06-15
Freedom Dairying Pty Ltd,Industry - Dairy,2025-06-16,2030-06-15
MKCB PTY LTD,WA DAMA,2025-06-16,2030-06-15
Twilight Payment Pty Ltd,WA DAMA,2025-06-16,2030-06-15
Leeder & Co Pty Ltd,WA DAMA,2025-06-16,2030-06-15
NETCHEK PTY. LTD.,Industry - Horticulture,2025-06-13,2030-06-12
CSIDE Cairns Pty Ltd,Industry - Fishing,2025-06-13,2030-06-12
Foote Dairies Pty Ltd,Industry - Dairy,2025-06-13,2030-06-12
KENNA DAIRY PTY LTD,Industry - Dairy,2025-06-13,2030-06-12
HALENVY PTY LIMITED,Industry - Aged Care,2025-06-13,2030-06-12
Bacchus Wine Bar Pty Ltd,South Australia Regional DAMA,2025-06-13,2030-06-12
T.J. & R.A. SCANLON PTY. LTD.,South Australia Regional DAMA,2025-06-13,2030-06-12
HEYWOOD RURAL HEALTH,Great South Coast DAMA,2025-06-13,2030-06-12
GIANTS PIZZERIA PTY LTD,Far North Queensland DAMA,2025-06-13,2030-06-12
BEVERAGE MARKETING AUSTRALIA PTY. LTD.,Far North Queensland DAMA,2025-06-13,2030-06-12
FITZROY RIVER LODGE PTY LTD,East Kimberley DAMA,2025-06-13,2030-06-12
Road Trains of Australia Pty Ltd,WA DAMA,2025-06-12,2030-06-11
WE CARE NQ PTY LTD,Townsville DAMA,2025-06-12,2030-06-11
REGAL COLLABORATIONS PTY LTD,South West DAMA,2025-06-12,2030-06-11
King Kira People Solutions Pty Ltd,Pilbara DAMA,2025-06-12,2030-06-11
ACTIVE MEDICAL SUPPLIES PTY LTD,Orana DAMA,2025-06-12,2030-06-11
YING SING FAMILY PTY LTD,Orana DAMA,2025-06-12,2030-06-11
End Church Limited,Industry - Minister of Religion,2025-06-11,2030-06-10
"ROBINSON, GARY",Industry - Fishing,2025-06-11,2030-06-10
BLAKEWEST PTY. LTD.,WA DAMA,2025-06-11,2030-06-10
K & P KERAI PTY LTD AND N & A KERAI PTY LTD,WA DAMA,2025-06-11,2030-06-10
MAK Services Pty Ltd,South Australia Regional DAMA,2025-06-11,2030-06-10
BRILLIANT BOTON (AUSTRALIA) CONVEYOR SERVICES PTY LTD,Pilbara DAMA,2025-06-11,2030-06-10
FOLK BEATS ENTERTAINERS PTY LTD,Orana DAMA,2025-06-11,2030-06-10
DIVYAJYOTI PTY. LTD.,Orana DAMA,2025-06-11,2030-06-10
P KAUR & S SINGH,Far North Queensland DAMA,2025-06-11,2030-06-10
DERBY ABORIGINAL HEALTH SERVICE COUNCIL ABORIGINAL CORPORATION,East Kimberley DAMA,2025-06-11,2030-06-10
SWAN HILL AND REGION PACKING PTY LTD,Industry - Horticulture,2025-06-10,2030-06-09
ROCCELLA PTY. LTD.,Industry – Premium Dining,2025-06-10,2030-06-09
Lovesalento Pty Ltd,Orana DAMA,2025-06-10,2030-06-09
WAT THAI BUDDHARAM INC,Industry - Minister of Religion,2025-06-06,2030-06-05
P.G BOYD & G.L BOYD,Industry - Dairy,2025-06-06,2030-06-05
Goldfields ChildCare Centre Inc,Goldfields DAMA,2025-06-06,2030-06-05
COREXPERT SUPPORT SOLUTIONS PTY LTD,WA DAMA,2025-06-06,2030-06-05
SIRIBAN NOMINEES PTY LTD,Far North Queensland DAMA,2025-06-06,2030-06-05
GEOFFREY NATHAN (AUSTRALIA) PTY LTD,Industry - On-Hire,2025-06-05,2030-06-04
"SMAGH, KULDEEP SINGH",Industry - Horticulture,2025-06-05,2030-06-04
NEGUS ENTERPRISES PTY LTD,Industry - Dairy,2025-06-05,2030-06-04
VITAM PTY LTD,Orana DAMA,2025-06-05,2030-06-04
Pranam & Dhyana Pty Ltd,WA DAMA,2025-06-04,2030-06-03
ALL RUBBER TMH PTY LTD,South West DAMA,2025-06-04,2030-06-03
Indigo Empire Pty Ltd,South West DAMA,2025-06-04,2030-06-03
OHSG Pty Ltd,Pilbara DAMA,2025-06-04,2030-06-03
KINSFOLK RETAIL PTY LTD,Orana DAMA,2025-06-04,2030-06-03
Mr Saigon Australia Pty Ltd,East Kimberley DAMA,2025-06-04,2030-06-03
Hu Guo Bao En Temple Of Australia Incorporated,Industry - Minister of Religion,2025-06-03,2030-06-02
KINGDOMCITY AUSTRALIA LIMITED,Industry - Minister of Religion,2025-06-03,2030-06-02
ATH PTY LTD,Industry - Fishing,2025-06-03,2030-06-02
IAN D & MICHELLE N CONN,Industry - Dairy,2025-06-03,2030-06-02
NARAIN TRANSPORT PTY LTD,WA DAMA,2025-06-03,2030-06-02
Dhanoa Group Pty Ltd,WA DAMA,2025-06-03,2030-06-02
KRIS - MYA SISTERS PTY LTD,South Australia Regional DAMA,2025-06-03,2030-06-02
Futuristic Optics Pty Ltd,Orana DAMA,2025-06-03,2030-06-02
CASELLA WINES PTY. LIMITED,Orana DAMA,2025-06-03,2030-06-02
Broometown Holdings Pty Ltd,East Kimberley DAMA,2025-06-03,2030-06-02
Forgeline Pty Ltd,WA DAMA,2025-06-02,2030-06-01
BLEASDALE VINEYARDS PROPRIETARY LIMITED,South Australia Regional DAMA,2025-06-02,2030-06-01
YC AUSTRALIA GROUP PTY LTD,South Australia Regional DAMA,2025-06-02,2030-06-01
Indian Tandoori Albury Wodonga Pty Ltd,Orana DAMA,2025-06-02,2030-06-01
B & N Enterprise Pty Ltd,Industry - Aged Care,2025-05-30,2030-05-29
C & B LOGISTICS PTY LTD,WA DAMA,2025-05-30,2030-05-29
RED LION EDUCATION PTY LIMITED,South Australia Regional DAMA,2025-05-30,2030-05-29
SBS Conveyor Services Pty Ltd,Pilbara DAMA,2025-05-30,2030-05-29
Port Douglas Steam Train Company Pty Ltd,Far North Queensland DAMA,2025-05-30,2030-05-29
REDSANDS CAMPERS PTY LTD,East Kimberley DAMA,2025-05-30,2030-05-29
Zhilink Pty Ltd,Industry - Horticulture,2025-05-29,2030-05-28
Malwa WA Group Pty Ltd,WA DAMA,2025-05-29,2030-05-28
Fremantle Thai Pty Ltd,WA DAMA,2025-05-29,2030-05-28
CHARLIE SUNSHINE PTY LTD,East Kimberley DAMA,2025-05-29,2030-05-28
DHILLONSFARMS PTY LTD,Industry - Horticulture,2025-05-28,2030-05-27
AW TRADING (AUSTRALIA) PTY LTD,Industry – Premium Dining,2025-05-28,2030-05-27
WINE & DINE AUSTRALIA PTY LIMITED,Industry – Premium Dining,2025-05-28,2030-05-27
MERSEY NOMINEES PTY LTD,Goldfields DAMA,2025-05-28,2030-05-27
SIMRAV TRANSPORT PTY LTD,WA DAMA,2025-05-28,2030-05-27
Hardrok Engineering Pty Ltd,Townsville DAMA,2025-05-28,2030-05-27
Pathibhara Investment Pty Ltd,South Australia Regional DAMA,2025-05-28,2030-05-27
D.T LAWLER & S.P LAWLER,Orana DAMA,2025-05-28,2030-05-27
United Pentecostal Church of Australia Ltd,Industry - Minister of Religion,2025-05-27,2030-05-26
Mures Fishing Pty Ltd,Industry - Fishing,2025-05-27,2030-05-26
Troy & Gabbi Stuart Pty Ltd,Industry - Dairy,2025-05-27,2030-05-26
MINARA RESOURCES PTY LTD,Goldfields DAMA,2025-05-27,2030-05-26
Sydney Services Group Pty Ltd,Industry - On-Hire,2025-05-26,2030-05-25
Narwastu Church Incorporated,Industry - Minister of Religion,2025-05-26,2030-05-25
YOUTH WITH A MISSION TOOWOOMBA INC.,Industry - Minister of Religion,2025-05-26,2030-05-25
J KAUR & I SINGH,Industry - Horticulture,2025-05-26,2030-05-25
NMF Capital Holdings Pty Ltd,Industry – Premium Dining,2025-05-26,2030-05-25
Linkforce Electrical Services Pty Ltd,Goldfields DAMA,2025-05-26,2030-05-25
MAINRO PTY LTD,WA DAMA,2025-05-26,2030-05-25
P Franzinelli & R Franzinelli,WA DAMA,2025-05-26,2030-05-25
F G MCCABE PTY LTD,South Australia Regional DAMA,2025-05-26,2030-05-25
RAM Operations Pty Ltd,Pilbara DAMA,2025-05-26,2030-05-25
Allan's Pool Shop Pty Ltd,Far North Queensland DAMA,2025-05-26,2030-05-25
GRID GROUP PTY LTD,Far North Queensland DAMA,2025-05-26,2030-05-25
SHRI BEEKAWAS MATAJI PTY LTD,Far North Queensland DAMA,2025-05-26,2030-05-25
SHELTERING ARMS WA PTY LTD,WA DAMA,2025-05-23,2030-05-22
Limestone Coast Local Health Network Incorporated,South Australia Regional DAMA,2025-05-23,2030-05-22
GRO EARLY LEARNING PTY LTD,Townsville DAMA,2025-05-22,2030-05-21
Skala Trading Pty Ltd,South Australia Regional DAMA,2025-05-22,2030-05-21
ACAI HUB PTY LTD,Far North Queensland DAMA,2025-05-22,2030-05-21
WESTERN PLAINS PORK PTY LTD,Industry - Pork,2025-05-21,2030-05-20
Munro Geological Services Pty Ltd,Industry - On-Hire,2025-05-21,2030-05-20
MGH EMPLOYMENT AND TRAINING PTY LTD,Industry – Premium Dining,2025-05-21,2030-05-20
Top Hat Liquor Supplies Pty Ltd,Industry – Premium Dining,2025-05-21,2030-05-20
TONY & ELISE HAYES,Industry - Dairy,2025-05-21,2030-05-20
BYRON LODGE PTY LTD,Industry - Dairy,2025-05-21,2030-05-20
HARDI MARKETING PTY. LTD.,South Australia Regional DAMA,2025-05-21,2030-05-20
Great Ocean Road Health,Great South Coast DAMA,2025-05-21,2030-05-20
Djarindjin Aboriginal Corporation,East Kimberley DAMA,2025-05-21,2030-05-20
Julius Pizzeria,Industry – Premium Dining,2025-05-20,2030-05-19
HIRAMATSU PTY LTD,WA DAMA,2025-05-20,2030-05-19
"SUMNER, ANDREW PAUL",Far North Queensland DAMA,2025-05-20,2030-05-19
Antioch Gospel Church Incorporated,Industry - Minister of Religion,2025-05-19,2030-05-18
Kalcare Medical Supplies Pty Ltd,Goldfields DAMA,2025-05-19,2030-05-18
PROJECT OUTBACK DENTAL (POD) PTY LTD,Townsville DAMA,2025-05-19,2030-05-18
I&A PROJECTS PTY LTD,South Australia Regional DAMA,2025-05-19,2030-05-18
BAL LOGISTICS PTY LTD,Orana DAMA,2025-05-19,2030-05-18
8848 DISABILITY SERVICES PTY LTD,Company Specific,2025-05-19,2030-05-18
R VASHIST & V VISHAWJEET,Industry - Horticulture,2025-05-16,2030-05-15
Rose Aged Care Service Pty Ltd,Industry - Aged Care,2025-05-16,2030-05-15
MERTON LIVING LIMITED,Industry - Aged Care,2025-05-16,2030-05-15
Altrad Services Pty Ltd,WA DAMA,2025-05-16,2030-05-15
BYFORD EQUIPMENT PTY. LTD.,Orana DAMA,2025-05-16,2030-05-15
AJ Crestani PTY LTD,Orana DAMA,2025-05-16,2030-05-15
Ford Hospitality Pty Ltd,Orana DAMA,2025-05-16,2030-05-15
Ganpati Dental Pty Ltd,Great South Coast DAMA,2025-05-16,2030-05-15
BROWNPORT ALMONDS PTY LTD,Industry - Horticulture,2025-05-15,2030-05-14
Weicare Pty Ltd,Industry - Aged Care,2025-05-15,2030-05-14
STATEWIDE INDUSTRIAL MAINTENANCE PTY LTD,WA DAMA,2025-05-15,2030-05-14
VIRIDIS AG SERVICES PTY LIMITED,WA DAMA,2025-05-15,2030-05-14
STONE AXE PASTORAL COMPANY PTY LTD,South West DAMA,2025-05-15,2030-05-14
S2 THAI PROJECTS PTY LTD,South Australia Regional DAMA,2025-05-15,2030-05-14
VELOCITY GLOBAL PTY LTD,Orana DAMA,2025-05-15,2030-05-14
MARINA INVESTMENT HOLDINGS PTY LTD,Industry – Premium Dining,2025-05-14,2030-05-13
CUMBEROONA HOLDINGS PTY LIMITED,Industry - Dairy,2025-05-14,2030-05-13
DCMJ Farms Pty Ltd,Industry - Dairy,2025-05-14,2030-05-13
Greenlite Transport Pty Ltd,WA DAMA,2025-05-14,2030-05-13
D AND Y CHILDCARE PTY LTD,Townsville DAMA,2025-05-14,2030-05-13
THE MARGARET RIVER CHOCOLATE COMPANY PTY LTD,South West DAMA,2025-05-14,2030-05-13
RMK GROUPS (AUS) PTY LTD,South Australia Regional DAMA,2025-05-14,2030-05-13
NORTHERN AUSTRALIA HOTELS PTY LTD,East Kimberley DAMA,2025-05-14,2030-05-13
Kabul Cafe Pty Ltd,Skilled Refugee Pilot,2025-05-13,2030-05-12
Frostman Express Pty Ltd,Townsville DAMA,2025-05-13,2030-05-12
Commitment Issues Pty Ltd,South Australia Regional DAMA,2025-05-13,2030-05-12
J.B Goulden & R.B Williams,Orana DAMA,2025-05-13,2030-05-12
MEDLOG REGIONAL PTY LTD,Orana DAMA,2025-05-13,2030-05-12
KRISHA RETAIL PTY. LTD.,Orana DAMA,2025-05-13,2030-05-12
WILLDARBEN FARM PTY LTD,Industry - Dairy,2025-05-12,2030-05-11
NEVLAINE PTY LTD,Industry - Dairy,2025-05-12,2030-05-11
LEO FRANCO MOTORS PTY. LTD.,Orana DAMA,2025-05-12,2030-05-11
Workcon (Qld) Pty Ltd,Industry - On-Hire,2025-05-09,2030-05-08
DOMAIN INTERIORS PTY LTD,WA DAMA,2025-05-09,2030-05-08
M. & I. SAMARAS (NO.1) PTY. LTD. & M. & I. SAMARAS (NO.2) PTY. LTD. & M. & I. SAMARAS (NO.3) PTY. LTD.,South Australia Regional DAMA,2025-05-09,2030-05-08
AIE Engineering and Construction Management Pty Ltd,Pilbara DAMA,2025-05-09,2030-05-08
84 SIKH PTY LTD,Orana DAMA,2025-05-09,2030-05-08
Australian Wildflowers Pty Ltd,Industry - Horticulture,2025-05-08,2030-05-07
Ammawil Pty Ltd,Industry - Dairy,2025-05-08,2030-05-07
Wild Rose Dairies Pty Ltd,Industry - Dairy,2025-05-08,2030-05-07
METRO GLASS PTY LTD,WA DAMA,2025-05-08,2030-05-07
KAV DENTAL PTY LTD,WA DAMA,2025-05-08,2030-05-07
Great West Group PTY LTD,WA DAMA,2025-05-08,2030-05-07
FAVCOTE PTY LIMITED,WA DAMA,2025-05-08,2030-05-07
DELMAR SYSTEMS AUSTRALIA PTY LTD,WA DAMA,2025-05-08,2030-05-07
BREAKFAST CREEK HOLDINGS PTY LTD,WA DAMA,2025-05-08,2030-05-07
PEDLAR PROJECT PTY LTD,Townsville DAMA,2025-05-08,2030-05-07
Online Basket Pty Ltd,South West DAMA,2025-05-08,2030-05-07
DANAZA PTY LTD,Far North Queensland DAMA,2025-05-08,2030-05-07
GESTE PTY LTD,Far North Queensland DAMA,2025-05-08,2030-05-07
Kimberley Aboriginal Medical Services Limited,East Kimberley DAMA,2025-05-08,2030-05-07
SLEEPING BEAUTIES PTY LTD,Company Specific,2025-05-08,2030-05-07
JAY DISABILITY SUPPORT PTY LTD,WA DAMA,2025-08-29,2030-08-28
Northern Territory Major Events Company Pty Ltd,Northern Territory DAMA,2025-08-29,2030-08-28
COORABIN PASTORAL PTY LTD,Skilled Refugee Pilot,2025-08-29,2030-08-28
True Vine Church Incorporated,Industry - Minister of Religion,2025-08-29,2030-08-28
Jane's Care Pty Ltd,WA DAMA,2025-08-29,2030-08-28
LAKES ENTRANCE FISHERMEN LIMITED,Industry - Fishing,2025-08-29,2030-08-28
Moonta Health and Aged Care Service Inc,South Australia Regional DAMA,2025-08-29,2030-08-28
NAWIRI GROUP PTY LTD,South Australia Regional DAMA,2025-08-29,2030-08-28
NSW Electricity Networks Operations Pty Limited,Skilled Refugee Pilot,2025-08-28,2030-08-27
Enable & Connect Disability Services Pty Ltd.,WA DAMA,2025-08-28,2030-08-27
Boxx Logistics Pty Ltd,WA DAMA,2025-08-28,2030-08-27
ATTENTIVE CARE PTY LTD,South Australia Regional DAMA,2025-08-28,2030-08-27
Baaz Heavy Towing WA Pty Ltd,WA DAMA,2025-08-28,2030-08-27
"MICHAEL MEU HIANG CHAM, SIAO PO CHAM",Townsville DAMA,2025-08-28,2030-08-27
Guardian Nursing Agency Pty Ltd,WA DAMA,2025-08-28,2030-08-27
GUERRILLA & CO PTY LTD,Far North Queensland DAMA,2025-08-28,2030-08-27
WAY OUT BUSH MOBILE STORE PTY LTD,Northern Territory DAMA,2025-08-28,2030-08-27
Koonambil Aged Care Ltd,Orana DAMA,2025-08-28,2030-08-27
BROKEN SQUARE PTY LTD,South Australia Regional DAMA,2025-08-28,2030-08-27
EPIC DISABILITY SERVICES PTY LTD,South Australia Regional DAMA,2025-08-28,2030-08-27
Bassi care services Pty Ltd,WA DAMA,2025-08-28,2030-08-27
NT 7 INVESTA GROUP PTY LTD,Northern Territory DAMA,2025-08-27,2030-08-26
TERRITORY CHILD CARE GROUP INC,Northern Territory DAMA,2025-08-27,2030-08-26
WEST HOLM FARMING PTY LTD,Industry - Horticulture,2025-08-27,2030-08-26
PFD FOOD SERVICES PTY LTD,Goldfields DAMA,2025-08-27,2030-08-26
Anne Grace Chitenderu,Goldfields DAMA,2025-08-27,2030-08-26
JOT ENTERPRISE PTY LTD,WA DAMA,2025-08-27,2030-08-26
UTOPIA (NT) PTY LTD,Northern Territory DAMA,2025-08-27,2030-08-26
JAG ELEVEN PTY LTD,Company Specific,2025-08-27,2030-08-26
FINNDIAN PTY LTD,South Australia Regional DAMA,2025-08-27,2030-08-26
R. SHRESTHA PTY LTD,Northern Territory DAMA,2025-08-26,2030-08-25
TOSUM PTY LTD,Industry - Horticulture,2025-08-26,2030-08-25
Prok Conveyor Components PTY LTD,WA DAMA,2025-08-26,2030-08-25
WARREN FRANK DEAN AND MARGARET ROSE DEAN,South West DAMA,2025-08-25,2030-08-24
Ask Community Support Services Pty Ltd,WA DAMA,2025-08-25,2030-08-24
TAK PROJECTS PTY LTD,Skilled Refugee Pilot,2025-08-25,2030-08-24
SAILS LAVENDER BAY PTY LTD,Industry – Premium Dining,2025-08-25,2030-08-24
ALTRUISTIC NURSING AND CARE PTY LTD,Industry - Aged Care,2025-08-25,2030-08-24
ELEVEN EASTERN PTY LTD,Industry – Premium Dining,2025-08-25,2030-08-24
Burgess Earthmoving Pty Ltd,Orana DAMA,2025-08-25,2030-08-24
AXSA GROUP PTY LTD,Northern Territory DAMA,2025-08-25,2030-08-24
CRANETRUCKS SA PTY LTD,South Australia Regional DAMA,2025-08-25,2030-08-24
CLUB EASTSIDE INCORPORATED,Northern Territory DAMA,2025-08-22,2030-08-21
THYME HOSPITALITY PTY LTD,Northern Territory DAMA,2025-08-22,2030-08-21
promotor trailers pty ltd,Northern Territory DAMA,2025-08-22,2030-08-21
R.L. BLAKE PTY LTD,Great South Coast DAMA,2025-08-22,2030-08-21
RITYTIL PTY LTD,Northern Territory DAMA,2025-08-22,2030-08-21
Rannee Pty Ltd,Northern Territory DAMA,2025-08-22,2030-08-21
Bourke & District Children's Services,Orana DAMA,2025-08-22,2030-08-21
THE TRUSTEE FOR CARMEN PANDOLFO FAMILY TRUST & THE TRUSTEE FOR GARY PANDOLFO FAMILY TRUST,Orana DAMA,2025-08-22,2030-08-21
BROAD CARE ENTERPRISES PTY LTD,Northern Territory DAMA,2025-08-22,2030-08-21
DEPARTMENT FOR EDUCATION,South Australia Regional DAMA,2025-08-22,2030-08-21
PHUC VAN LE,WA DAMA,2025-08-22,2030-08-21
AMIGOS MEXICAN CANTINA PTY LTD,Northern Territory DAMA,2025-08-22,2030-08-21
K AND N INVESTMENTS (NT) PTY LTD,Northern Territory DAMA,2025-08-22,2030-08-21
Ericks and Fredericks International Consulting Pty Ltd,Townsville DAMA,2025-08-22,2030-08-21
TING FAMILY INVESTMENTS PTY LTD,Northern Territory DAMA,2025-08-22,2030-08-21
Harlin Nominees Pty Ltd & Moonlite NT Pty Ltd,Northern Territory DAMA,2025-08-21,2030-08-20
BOUILLON L'ENTRECOTE PTY LTD,Industry – Premium Dining,2025-08-21,2030-08-20
Saval Consulting Pty Ltd,Skilled Refugee Pilot,2025-08-20,2030-08-19
GDR 1 Pty Ltd,Industry – Premium Dining,2025-08-20,2030-08-19
Iconic Projects for Adelaide Pty Ltd,Skilled Refugee Pilot,2025-08-20,2030-08-19
F.L JONES & G.M JONES & P.S JONES & MAX JONES PARTNERSHIP PTY. LTD.,Industry - Dairy,2025-08-19,2030-08-18
Astral Tiling Pty ltd,Skilled Refugee Pilot,2025-08-19,2030-08-18
BRISBANE FULL GOSPEL CHURCH INC.,Industry - Minister of Religion,2025-08-19,2030-08-18
BARR ENGINEERING INDUSTRIES PTY LTD,South Australia Regional DAMA,2025-08-19,2030-08-18
DAILLY FRESH PRODUCE PTY LTD,WA DAMA,2025-08-19,2030-08-18
ROVERWORTH PTY LTD,Industry – Premium Dining,2025-08-19,2030-08-18
PROCARE HOLDINGS PTY LTD,WA DAMA,2025-08-19,2030-08-18
ALPHA JOINERY PTY LTD,Northern Territory DAMA,2025-08-19,2030-08-18
Walli Asr Halal Butcher Shop Pty Ltd,Skilled Refugee Pilot,2025-08-19,2030-08-18
THE BARN PALAIS PTY. LTD.,South Australia Regional DAMA,2025-08-19,2030-08-18
THE TRUSTEE FOR NAGRA FAMILY TRUST,Industry - Horticulture,2025-08-19,2030-08-18
AVIAGEN AUSTRALIA PTY LIMITED,Company Specific,2025-08-19,2030-08-18
Compassionate Community Care Pty Ltd,Far North Queensland DAMA,2025-08-19,2030-08-18
THE BEDROCK CAFE INNISFAIL PTY LTD,Far North Queensland DAMA,2025-08-18,2030-08-17
NORTH AUSTRALIA GLOBAL SERVICES PTY LIMITED,Far North Queensland DAMA,2025-08-18,2030-08-17
Pro Tiling & Waterproofing Pty Ltd,Skilled Refugee Pilot,2025-08-18,2030-08-17
INNER BALANCE HEALTH PTY LTD,Northern Territory DAMA,2025-08-18,2030-08-17
Enfes Pty Ltd,Skilled Refugee Pilot,2025-08-18,2030-08-17
Graeme John Stringer & Elizabeth Vivian Stringer,Far North Queensland DAMA,2025-08-15,2030-08-14
Giannitto Balhannah Pty Ltd,South Australia Regional DAMA,2025-08-15,2030-08-14
AMS technology group Perth Pty Ltd,WA DAMA,2025-08-15,2030-08-14
Ausghan Building Services Pty Ltd,Skilled Refugee Pilot,2025-08-15,2030-08-14
NIRVANA AUTOMOTIVE PTY LTD,Skilled Refugee Pilot,2025-08-15,2030-08-14
TM EATERY PTY LTD,South Australia Regional DAMA,2025-08-15,2030-08-14
TEYS AUSTRALIA SOUTHERN PTY LTD,Orana DAMA,2025-08-15,2030-08-14
YENDA GROCER PTY LTD,Orana DAMA,2025-08-15,2030-08-14
GRAINERY LANE PTY LTD,Industry – Premium Dining,2025-08-15,2030-08-14
CAPA SUPPORT SERVICES PTY LTD,Far North Queensland DAMA,2025-08-15,2030-08-14
DWM Engineering Pty Ltd,Skilled Refugee Pilot,2025-08-15,2030-08-14
TENDERSPOT MEAT COMPANY PORT HEDLAND PTY LTD,Pilbara DAMA,2025-08-15,2030-08-14
EQUIPWRITE PTY LTD & G.J WEARNE & J.A WEARNE,Far North Queensland DAMA,2025-08-15,2030-08-14
Sushi Gosu Pty Ltd,Northern Territory DAMA,2025-08-15,2030-08-14
Joyful Souls Support Pty Ltd,Northern Territory DAMA,2025-08-15,2030-08-14
The Haus - Hahndorf Pty Ltd,South Australia Regional DAMA,2025-08-15,2030-08-14
Nereis Fishing Pty Ltd,Industry - Fishing,2025-08-15,2030-08-14
BLIMEY CHARLIE PTY LTD,Northern Territory DAMA,2025-08-15,2030-08-14
DV & ME SIMPSON FAMILY TRUST & D.V SIMPSON & H.G SIMPSON & K.C SIMPSON & M.E SIMPSON,WA DAMA,2025-08-15,2030-08-14
TJ MB ENTERPRISE PTY LTD,Far North Queensland DAMA,2025-08-14,2030-08-13
PARADISIS HOLDINGS PTY LTD,Northern Territory DAMA,2025-08-14,2030-08-13
TRUELINK COMMUNITY SERVICES PTY LTD,Northern Territory DAMA,2025-08-14,2030-08-13
TEXAS CONTRACTORS PTY LTD,Northern Territory DAMA,2025-08-14,2030-08-13
THE UNIVERSITY CLUB OF WESTERN AUSTRALIA PTY LTD,WA DAMA,2025-08-14,2030-08-13
DARWIN TURF CLUB INC,Northern Territory DAMA,2025-08-14,2030-08-13
Haulmark Trailers (Australia) Pty Ltd,South Australia Regional DAMA,2025-08-14,2030-08-13
A.K KEARNEY & D.G KITCHEN,East Kimberley DAMA,2025-08-14,2030-08-13
Vindha Pty Ltd,South West DAMA,2025-08-14,2030-08-13
FIELDY'S INVESTMENTS PTY LTD,WA DAMA,2025-08-14,2030-08-13
SRHOJ FARMING PTY LTD,Far North Queensland DAMA,2025-08-14,2030-08-13
WAYMARK HOTEL GROUP MANAGEMENT PTY LIMITED,Northern Territory DAMA,2025-08-14,2030-08-13
CAO VO PTY LTD,Industry - Horticulture,2025-08-12,2030-08-11
THE AUSTRALIAN SHANGA BHIKKHU BUDDHIST ASSOCIATION INC,Industry - Minister of Religion,2025-08-12,2030-08-11
AUSTRALIA CHINESE TAOISM ASSOCIATION INC.,Industry - Minister of Religion,2025-08-12,2030-08-11
THE BETHANIE GROUP INC,WA DAMA,2025-08-12,2030-08-11
Shamiat Pty Ltd,Skilled Refugee Pilot,2025-08-12,2030-08-11
BEVCO NT PTY LTD,Northern Territory DAMA,2025-08-12,2030-08-11
THE HUT CREW PTY LTD,Industry – Premium Dining,2025-08-12,2030-08-11
HURLEYS ARKABA HOTEL PTY. LTD.,Skilled Refugee Pilot,2025-08-12,2030-08-11
GV Xtreme Cleaning Pty Ltd,Goulburn Valley DAMA,2025-08-12,2030-08-11
Elite Rugs & Furniture Pty Ltd,Skilled Refugee Pilot,2025-08-12,2030-08-11
MAF INTERNATIONAL,Far North Queensland DAMA,2025-08-12,2030-08-11
Smilenergy Pty Ltd,Orana DAMA,2025-08-12,2030-08-11
STAFFING OPTIONS FOR COMMUNITY SERVICES,Skilled Refugee Pilot,2025-08-12,2030-08-11
Ember Byron Bay Pty Ltd,Industry – Premium Dining,2025-08-12,2030-08-11
ASHLEY TRENT ISHIGAMI-SIMS,South West DAMA,2025-08-11,2030-08-10
IRIS STOTT TERRACE OPERATIONS PTY LTD,Northern Territory DAMA,2025-08-11,2030-08-10
Multifert Pty Ltd,Orana DAMA,2025-08-11,2030-08-10
P.A MOCK & A.R MOCK & ROSEART INVESTMENTS PTY LTD AS TRUSTEE OF THE MOCK FAMILY TRUST,East Kimberley DAMA,2025-08-11,2030-08-10
TOONGABBIE SPORTS AND BOWLING CLUB LIMITED,Orana DAMA,2025-08-11,2030-08-10
M.A Dorhimo & D.I Schulz,South Australia Regional DAMA,2025-08-11,2030-08-10
BROOME DENTAL PTY LTD,East Kimberley DAMA,2025-08-11,2030-08-10
HUNTER MARINE SURVEYORS PTY LTD,WA DAMA,2025-08-11,2030-08-10
Alemre Ole SB Pty Ltd,Industry – Premium Dining,2025-08-08,2030-08-07
AKH Sales Pty Ltd,Industry – Premium Dining,2025-08-08,2030-08-07
Costanza Pty Ltd,Industry – Premium Dining,2025-08-08,2030-08-07
M.D CUMMINGS & S.W CUMMINGS & W.J DOUGLASS,Industry - Dairy,2025-08-08,2030-08-07
D Lee & M Lee,Great South Coast DAMA,2025-08-08,2030-08-07
OCEAN DEPTHS PTY. LTD.,Industry - Fishing,2025-08-08,2030-08-07
CHRISTADELPHIAN HERITAGE COLLEGE MELBOURNE,Skilled Refugee Pilot,2025-08-08,2030-08-07
Mighty Orchid Services Pty Ltd,Pilbara DAMA,2025-08-08,2030-08-07
A.H BLAKE & G.J MATTHEWS,Industry - Dairy,2025-08-08,2030-08-07
Arkle Farms (Operations) Pty Ltd,WA DAMA,2025-08-08,2030-08-07
JAMS MUIRHEAD PTY LTD,Northern Territory DAMA,2025-08-08,2030-08-07
MONADELPHOUS GROUP LIMITED,Goldfields DAMA,2025-08-08,2030-08-07
HAYS SPECIALIST RECRUITMENT (AUSTRALIA) PTY LIMITED,Industry - On-Hire,2025-08-07,2030-08-06
THE TRUSTEE FOR THE IFFLA FAMILY TRUST & THE TRUSTEE FOR THE IFFLA FARMING TRUST & TURUA PARK FARMS PTY LTD,WA DAMA,2025-08-07,2030-08-06
CCY (NT) PTY LTD,Northern Territory DAMA,2025-08-07,2030-08-06
G.R. & J.R. HAWKEN PTY. LTD.,Industry - Dairy,2025-08-07,2030-08-06
HAWFORD SOUND PTY LTD,WA DAMA,2025-08-07,2030-08-06
Sarbat Khalsa South Australia Inc,Industry - Minister of Religion,2025-08-07,2030-08-06
PHARMACY O2463 PTY LTD,Goldfields DAMA,2025-08-07,2030-08-06
Virk's Restaurant PTY LTD,Orana DAMA,2025-08-06,2030-08-05
PRIMESTAR NOMINEES PTY LTD,Goldfields DAMA,2025-08-06,2030-08-05
MAIDENS FINE FOODS PTY LTD,Northern Territory DAMA,2025-08-04,2030-08-03
T & K MCKRILL HOLDINGS PTY LTD,WA DAMA,2025-08-04,2030-08-03
ZLW888 PTY LTD,South Australia Regional DAMA,2025-08-04,2030-08-03
BALDIVIS VETERINARY HOSPITAL PTY LTD,WA DAMA,2025-08-04,2030-08-03
F & J BITUMEN SERVICES PTY LTD,Northern Territory DAMA,2025-08-04,2030-08-03
N.M & S.A McRae,Industry - Dairy,2025-08-04,2030-08-03
Mt Lofty Operations Pty Ltd,South Australia Regional DAMA,2025-08-01,2030-07-31
POWER TO CHANGE,Skilled Refugee Pilot,2025-08-01,2030-07-31
MURPH AND CO PTY LTD,South West DAMA,2025-08-01,2030-07-31
PORT DOUGLAS EVENTS WEDDINGS AND HIRE PTY LTD,Far North Queensland DAMA,2025-08-01,2030-07-31
Wan da 999 pty ltd,Great South Coast DAMA,2025-08-01,2030-07-31
NTFG Pty Ltd,Northern Territory DAMA,2025-08-01,2030-07-31
WAYMOUTH STREET DENTAL SERVICES PTY LTD,South Australia Regional DAMA,2025-08-01,2030-07-31
WESTCARE EARLY LEARNING CENTRE PTY LTD,South Australia Regional DAMA,2025-07-31,2030-07-30
AS & NS PTY LTD,Orana DAMA,2025-07-31,2030-07-30
Cotton East Ave Pty Ltd,South Australia Regional DAMA,2025-07-31,2030-07-30
Red Feather Coffee Pty Ltd,South West DAMA,2025-07-31,2030-07-30
Casterton Memorial Hospital,Great South Coast DAMA,2025-07-31,2030-07-30
WESTCO CAIRNS PTY. LTD.,Far North Queensland DAMA,2025-07-31,2030-07-30
Willow View Dairy Pty Ltd,Industry - Dairy,2025-07-31,2030-07-30
MSN FUELS PTY LTD,South Australia Regional DAMA,2025-07-31,2030-07-30
North East Transport Company PTY LTD,Orana DAMA,2025-07-31,2030-07-30
THE PUSHPAGIRI HOSPITALITIES PTY LTD,Orana DAMA,2025-07-31,2030-07-30
PASPALEY PEARLING COMPANY PTY. LIMITED,Northern Territory DAMA,2025-07-31,2030-07-30
RYAN'S FRESH MARKET PTY LTD,Goulburn Valley DAMA,2025-07-31,2030-07-30
Urara Ag Pty Ltd,Goldfields DAMA,2025-07-29,2030-07-28
Shepparton Christian College Ltd,Goulburn Valley DAMA,2025-07-29,2030-07-28
NITMILUK TOURS PTY LTD,Northern Territory DAMA,2025-07-29,2030-07-28
BRAJKOVICH DEMOLITION & SALVAGE (WA) PTY LTD,WA DAMA,2025-07-29,2030-07-28
MGM BULK PTY LTD,Pilbara DAMA,2025-07-29,2030-07-28
VEERAS CONVENIENCE PTY LTD,Northern Territory DAMA,2025-07-29,2030-07-28
HAIR TODAY ALICE PTY LTD,Northern Territory DAMA,2025-07-29,2030-07-28
1847 WINERY (SA) PTY LTD,South Australia Regional DAMA,2025-07-29,2030-07-28
Fijioz Investments Pty Ltd,Far North Queensland DAMA,2025-07-29,2030-07-28
BOILING POINT F&B GROUP PTY LTD,South Australia Regional DAMA,2025-07-29,2030-07-28
GREGORY DAVID WHYTE,Company Specific,2025-07-29,2030-07-28
SOUTH WEST HEALTHCARE,Great South Coast DAMA,2025-07-29,2030-07-28
Tambo Investments Pty Ltd,Industry - Fishing,2025-07-28,2030-07-27
Alemre Vici SB Pty Ltd,Industry – Premium Dining,2025-07-28,2030-07-27
C & D UPSTON PTY LTD,Industry - Dairy,2025-07-28,2030-07-27
INTERNATIONAL SOCIETY FOR KRISHNA CONSCIOUSNESS SYDNEY LIMITED,Industry - Minister of Religion,2025-07-28,2030-07-27
JAPANESE CAR PARTS QLD PTY LTD,Skilled Refugee Pilot,2025-07-28,2030-07-27
MCCARTHY'S ORCHARD PTY LTD,South Australia Regional DAMA,2025-07-28,2030-07-27
VIC METAL RECYCLERS PTY. LTD.,Skilled Refugee Pilot,2025-07-28,2030-07-27
NORTHERN TERRITORY OF AUSTRALIA,Skilled Refugee Pilot,2025-07-25,2030-07-24
Sinhmar Enterprises Pty Ltd,WA DAMA,2025-07-23,2030-07-22
MARACH PTY LTD,WA DAMA,2025-07-23,2030-07-22
HUNGRY JACK'S PTY LTD,Goldfields DAMA,2025-07-23,2030-07-22
CAMP MANAGEMENT SERVICES PTY. LTD.,Pilbara DAMA,2025-07-23,2030-07-22
HJY SA PTY LTD,South Australia Regional DAMA,2025-07-23,2030-07-22
CAMPAIGN EDGE SPROUT PTY LTD,Northern Territory DAMA,2025-07-23,2030-07-22
DANG & VU ENTERPRISE PTY LTD,Northern Territory DAMA,2025-07-23,2030-07-22
NUMANS ACCOMMODATION VILLAGES PTY LTD,South West DAMA,2025-07-23,2030-07-22
DEPARTMENT OF EDUCATION,WA DAMA,2025-07-23,2030-07-22
#1 RELIABLE CARERS AUSTRALIA PTY LTD,WA DAMA,2025-07-23,2030-07-22
MIB TRAFFIC PTY LTD,Pilbara DAMA,2025-07-23,2030-07-22
"Naden, Monique Louise",Far North Queensland DAMA,2025-07-23,2030-07-22
DARWIN ELECTRIC MOTOR REWINDS PTY LTD,Northern Territory DAMA,2025-07-23,2030-07-22
AUSTRALIAN PROPERTIES & RESORTS PTY LTD,WA DAMA,2025-07-23,2030-07-22
The Spot Italian Takeaway Pty Ltd,South West DAMA,2025-07-23,2030-07-22
JAN N JAY PTY LTD,Northern Territory DAMA,2025-07-23,2030-07-22
SUHANA BUTCHER SHOP PTY LTD,Northern Territory DAMA,2025-07-23,2030-07-22
Postino Osteria Pty Ltd,Industry – Premium Dining,2025-07-23,2030-07-22
MARGARET RIVER WINE PRODUCTION PTY LTD,WA DAMA,2025-07-23,2030-07-22
Fannie Bay Cool Spot Pty Ltd,Northern Territory DAMA,2025-07-23,2030-07-22
RANDALLS EQUIPMENT CO. (VIC) PTY. LTD.,South Australia Regional DAMA,2025-07-23,2030-07-22
WARD KELLER PTY LTD,Northern Territory DAMA,2025-07-23,2030-07-22
MGC SOLUTIONS PTY LTD,WA DAMA,2025-07-23,2030-07-22
WARRNAMBOOL RSL SUB BRANCH INC,Great South Coast DAMA,2025-07-23,2030-07-22
LA VERNA PASTORAL PTY. LTD.,Industry - Dairy,2025-07-22,2030-07-21
PHYSIOCHOICE PTY LTD,South Australia Regional DAMA,2025-07-21,2030-07-20
L.M PICKLES & R.A PICKLES,Industry - Dairy,2025-07-21,2030-07-20
SEVENTH-DAY ADVENTIST AGED CARE (VICTORIA) LTD,Industry - Aged Care,2025-07-21,2030-07-20
NEXT LEVEL COMPONENTS PTY LTD,Goldfields DAMA,2025-07-21,2030-07-20
STROUD PTY. LIMITED,Industry - Dairy,2025-07-21,2030-07-20
The Seed Shop Pty Ltd,Industry - Horticulture,2025-07-21,2030-07-20
IMPRESSION TILING WA PTY LTD,WA DAMA,2025-07-21,2030-07-20
THE ESSINGTON SCHOOL DARWIN LIMITED,Northern Territory DAMA,2025-07-21,2030-07-20
Filigree Holdings Pty Ltd,Goldfields DAMA,2025-07-21,2030-07-20
OOKUMA FARM PTY LTD,Industry - Horticulture,2025-07-21,2030-07-20
SRI GURU GOBIND SINGH TRANSPORT PTY LTD,WA DAMA,2025-07-21,2030-07-20
"AVELLANOSA, KRISTY BEATRICE",Northern Territory DAMA,2025-07-21,2030-07-20
SPORTIES87 PTY LTD,Northern Territory DAMA,2025-07-17,2030-07-16
RICKY BAULCH & MATTHEW PETER GIBB,Great South Coast DAMA,2025-07-17,2030-07-16
HIRINO PTY LTD,Orana DAMA,2025-07-17,2030-07-16
CASINOS AUSTRIA INTERNATIONAL (CAIRNS) PTY LIMITED,Far North Queensland DAMA,2025-07-17,2030-07-16
DSATCO PTY LTD,WA DAMA,2025-07-17,2030-07-16
WTD Constructions Pty Ltd,Northern Territory DAMA,2025-07-17,2030-07-16
The Elephant (WA) Pty Ltd,South West DAMA,2025-07-17,2030-07-16
AMBIKA KITCHEN PTY LTD,South West DAMA,2025-07-17,2030-07-16
NORTHERN ACCOUNTANTS PTY LTD,Northern Territory DAMA,2025-07-17,2030-07-16
THE SYNDICATE TRUST & TRINITY TRUST,Far North Queensland DAMA,2025-07-17,2030-07-16
Southern Refrigerated Transport Pty Ltd,Goulburn Valley DAMA,2025-07-17,2030-07-16
HILCI AUSTRALIA PTY LTD,Northern Territory DAMA,2025-07-17,2030-07-16
SCHULZ ORGANIC FARMS PTY. LTD.,Great South Coast DAMA,2025-07-17,2030-07-16
THE RACK'N STACK WAREHOUSE DARWIN PTY LTD,Northern Territory DAMA,2025-07-17,2030-07-16
SOUTHERN CROSS FARMS OPERATIONS PTY LTD,Industry - Horticulture,2025-09-01,2030-08-31
MID MURRAY HOMES FOR THE AGED INCORPORATED,South West DAMA,2025-09-01,2030-08-31
SAMEJO DISABILITY SUPPORT SERVICES PTY LTD,South Australia Regional DAMA,2025-09-01,2030-08-31
"Luong, Thien Ba",WA DAMA,2025-09-01,2030-08-31
Dentistry Plus Pty Ltd,WA DAMA,2025-09-02,2030-09-01
BROOME RETIC AND GARDENING SERVICES PTY LTD,East Kimberley DAMA,2025-09-02,2030-09-01
CASS Care Limited,Industry - Aged Care,2025-09-02,2030-09-01
BUDDHIST TEMPLE TRISIKKHA INC.,Industry - Minister of Religion,2025-09-02,2030-09-01
INCLUSIVE LIFESTYLE PTY LIMITED,South Australia Regional DAMA,2025-09-02,2030-09-01
Genial Australia Pty Ltd,Orana DAMA,2025-09-02,2030-09-01
BLACK SWAN PLANT HIRE PTY LTD,WA DAMA,2025-09-02,2030-09-01
R.C PLATT & T.A PLATT,Industry - Dairy,2025-09-02,2030-09-01
BROTHERS LEAGUES CLUB (CAIRNS) LIMITED,Far North Queensland DAMA,2025-09-03,2030-09-02
ORION PEOPLE PTY LTD,South Australia Regional DAMA,2025-09-03,2030-09-02
Falcam Pty Ltd,Orana DAMA,2025-09-03,2030-09-02
JKP HOSPITALITY NO.2 PTY LTD,Industry – Premium Dining,2025-09-04,2030-09-03
Glenbank Farm Pty Ltd,Industry - Dairy,2025-09-04,2030-09-03
Oceancross Pty Ltd,Goldfields DAMA,2025-09-04,2030-09-03
BULLIVANTS PTY LIMITED,Northern Territory DAMA,2025-09-05,2030-09-04
QUBE HOLDINGS LIMITED,Pilbara DAMA,2025-09-05,2030-09-04
Monsoon Aquatics Pty Ltd,Far North Queensland DAMA,2025-09-05,2030-09-04
KEVMATT HOSPITALITY INVESTMENTS PTY. LTD.,Industry – Premium Dining,2025-09-05,2030-09-04
INNOVATIVE AGRICULTURAL SERVICES PTY LTD,WA DAMA,2025-09-05,2030-09-04
Katmarjoh Pty Ltd,Skilled Refugee Pilot,2025-09-05,2030-09-04
JTR Trading Pty Ltd,Northern Territory DAMA,2025-09-05,2030-09-04
JP AYR PTY LTD,Townsville DAMA,2025-09-05,2030-09-04
Willow's Bitumen Haulage Pty Ltd,Townsville DAMA,2025-09-09,2030-09-08
Panderia Pty Ltd,WA DAMA,2025-09-09,2030-09-08
Adriem Pty Ltd,Townsville DAMA,2025-09-09,2030-09-08
Ashfield Baptist Homes Ltd,Industry - Aged Care,2025-09-09,2030-09-08
Polytex Pty Ltd,Orana DAMA,2025-09-09,2030-09-08
Tallogum Raspberries Pty Ltd,Industry - Horticulture,2025-09-09,2030-09-08
PROM COUNTRY AGED CARE INC.,Industry - Aged Care,2025-09-09,2030-09-08
FORESHORE MANAGEMENT ALBANY PTY LTD,WA DAMA,2025-09-09,2030-09-08
ANGLICARE N.T. LTD.,Northern Territory DAMA,2025-09-09,2030-09-08
MA ADMINISTRATION SERVICES PTY LTD,Company Specific,2025-09-09,2030-09-08
RICHARD ALEXANDER EARDLY MILNE AND ELLEN REBECCA MILNE,WA DAMA,2025-09-09,2030-09-08
SAMTASS SEAFOODS PTY LTD,South Australia Regional DAMA,2025-09-10,2030-09-09
ADELAIDE CENTRAL TILING PTY LTD,Skilled Refugee Pilot,2025-09-10,2030-09-09
FRESH CROP (VIC) PTY LTD,Industry - Horticulture,2025-09-10,2030-09-09
MACDUE PTY LTD,East Kimberley DAMA,2025-09-10,2030-09-09
Atlas Export Pty Ltd,South West DAMA,2025-09-10,2030-09-09
AKR TRANSPORT PTY. LTD.,WA DAMA,2025-09-11,2030-09-10
CHEF Q PTY LTD,Industry - Meat,2025-09-11,2030-09-10
ALICE SPRINGS FAMILY DENTAL PTY LTD,Northern Territory DAMA,2025-09-11,2030-09-10
Wyndham Youth Aboriginal Corporation,East Kimberley DAMA,2025-09-11,2030-09-10
Coral Bay Utility Services Pty Ltd,WA DAMA,2025-09-12,2030-09-11
BARBETTA PTY LIMITED,Industry – Premium Dining,2025-09-12,2030-09-11
Skinfit Body & Beauty Pty Ltd,Great South Coast DAMA,2025-09-12,2030-09-11
Australian Southern Exporters Pty Ltd,Industry - Fishing,2025-09-12,2030-09-11
EPITOME CARE PTY LTD,Orana DAMA,2025-09-12,2030-09-11
Five Star Auto Services Pty Ltd,WA DAMA,2025-09-15,2030-09-14
Estate Late I S Black,Industry - Dairy,2025-09-15,2030-09-14
PW & LN Thornton Pty Ltd,Industry - Dairy,2025-09-15,2030-09-14
MAXIMUS PRECISION LOGISTICS PTY LTD,South Australia Regional DAMA,2025-09-15,2030-09-14
Ock Pty Ltd,Far North Queensland DAMA,2025-09-16,2030-09-15
COMMUNITY VISION AUSTRALIA LIMITED,WA DAMA,2025-09-16,2030-09-15
APMG CORPORATE SOLUTIONS PTY. LTD.,Skilled Refugee Pilot,2025-09-16,2030-09-15
DANJEN CORPORATION PTY LTD,Goldfields DAMA,2025-09-16,2030-09-15
Anderson Neurological and Developmental Services Pty Ltd,South West DAMA,2025-09-16,2030-09-15
GH WA PTY LTD,WA DAMA,2025-09-16,2030-09-15
DIAZ MAHECHA PTY LTD,South Australia Regional DAMA,2025-09-16,2030-09-15
ROSHA PTY. LTD.,South Australia Regional DAMA,2025-09-16,2030-09-15
EL Mexicano Kitchen & Bar Glenelg Pty Ltd,South Australia Regional DAMA,2025-09-17,2030-09-16
OUTREACH WA INC.,Industry - Minister of Religion,2025-09-17,2030-09-16
FNQ SHED COMPANY PTY LTD,Far North Queensland DAMA,2025-09-17,2030-09-16
T. & K. BRYANT PTY. LIMITED,Orana DAMA,2025-09-17,2030-09-16
M.C BARNETT & S.S BARNETT & The Trustee For The M & S Barnett Family Trust,WA DAMA,2025-09-17,2030-09-16
Mary & Edward Pty Ltd,Industry – Premium Dining,2025-09-17,2030-09-16
Walcha Council,Industry - Aged Care,2025-09-17,2030-09-16
Aspire Together Pty Ltd,South Australia Regional DAMA,2025-09-17,2030-09-16
WILLOWAY FARMING PTY LTD,Orana DAMA,2025-09-17,2030-09-16
Ceravolo Orchards Pty Ltd,South Australia Regional DAMA,2025-09-17,2030-09-16
Springwood Crafts Pty. Ltd.,Far North Queensland DAMA,2025-09-17,2030-09-16
WESTATE GROUP PTY LTD,South West DAMA,2025-09-18,2030-09-17
CARESQUAD PTY LTD,South Australia Regional DAMA,2025-09-18,2030-09-17
Juicy Banana Pty Ltd,Industry – Premium Dining,2025-09-18,2030-09-17
T Gannon & M Gannon,Industry - Dairy,2025-09-18,2030-09-17
REHAB CARE AUSTRALIA PTY LTD,South Australia Regional DAMA,2025-09-18,2030-09-17
Giorgiana Pty Ltd,WA DAMA,2025-09-18,2030-09-17
KOSIPARK PTY LIMITED,Orana DAMA,2025-09-18,2030-09-17
TEAK CORP WINERY PTY LTD,South Australia Regional DAMA,2025-09-18,2030-09-17
Harvest Road Agribusiness Pty Ltd,WA DAMA,2025-09-18,2030-09-17
A. GIANNITTO AND SONS PROPRIETARY LIMITED,South Australia Regional DAMA,2025-09-18,2030-09-17
Brighton Tavern Group Pty Ltd,WA DAMA,2025-09-18,2030-09-17
Shaolin Kungfu Meditation Temple of Australia Incorporated,Industry - Minister of Religion,2025-09-18,2030-09-17
COWRA MEAT PROCESSORS PTY LIMITED,Industry - Meat,2025-09-19,2030-09-18
ROGUE NTT PTY LTD,Northern Territory DAMA,2025-09-19,2030-09-18
DIVERSE BATHROOM SOLUTIONS PTY LIMITED,Far North Queensland DAMA,2025-09-19,2030-09-18
SAR METALS PTY LTD,South Australia Regional DAMA,2025-09-19,2030-09-18
AGED CARE GROUP PTY LTD,Industry - Aged Care,2025-09-19,2030-09-18
MOXEY FARMS MANAGEMENT PTY LTD,Industry - Dairy,2025-09-19,2030-09-18
"STREICHER, LAURA",Northern Territory DAMA,2025-09-22,2030-09-21
APE Cars MGMT Pty Ltd,Northern Territory DAMA,2025-09-22,2030-09-21
Ruvett Pty Ltd,South Australia Regional DAMA,2025-09-22,2030-09-21
RELKAD PTY. LIMITED,Northern Territory DAMA,2025-09-22,2030-09-21
ZELL AG PTY LTD,Orana DAMA,2025-09-22,2030-09-21
PANJTAN SOCIETY OF VICTORIA INC.,Industry - Minister of Religion,2025-09-22,2030-09-21
Top Line Furniture Pty Ltd,Skilled Refugee Pilot,2025-09-23,2030-09-22
ICM Agribusiness Pty Ltd,Industry - Horticulture,2025-09-23,2030-09-22
Wombarra Civil Construction Pty Ltd,Northern Territory DAMA,2025-09-23,2030-09-22
East End Cellars Pty Ltd,South Australia Regional DAMA,2025-09-23,2030-09-22
ONE STOP SUPPORT SERVICES PTY LTD,Far North Queensland DAMA,2025-09-23,2030-09-22
HEAD REPUBLIC PTY LTD,Northern Territory DAMA,2025-09-23,2030-09-22
Tablelands Indian Restaurants Pty Ltd,Far North Queensland DAMA,2025-09-23,2030-09-22
DAPPER & BOSS SHOPS PTY LTD,Northern Territory DAMA,2025-09-23,2030-09-22
Tatiara Seeds Pty. Ltd.Tatiara Seeds Pty. Ltd.,South Australia Regional DAMA,2025-09-23,2030-09-22
Delivery Nerd Pty Ltd,WA DAMA,2025-09-23,2030-09-22
TRINITY BEACH BREWING CO PTY LTD,Far North Queensland DAMA,2025-09-23,2030-09-22
NSW PLANNING MANAGEMENT PTY LTD,Skilled Refugee Pilot,2025-09-23,2030-09-22
The United Vietnamese Buddhist Congregation of Victoria Inc,Industry - Minister of Religion,2025-09-23,2030-09-22
VIRTUOUS CARE SERVICES PTY LTD,South West DAMA,2025-09-24,2030-09-23
INTERNATIONAL LUBRICANT DISTRIBUTORS PTY LTD,WA DAMA,2025-09-24,2030-09-23
Dtown Group Pty Ltd,Northern Territory DAMA,2025-09-24,2030-09-23
SRR AHMED PTY LTD,Industry - On-Hire,2025-09-24,2030-09-23
DEUS SOUZS PTY LTD,WA DAMA,2025-09-24,2030-09-23
GLOBAL ENABLERS PTY LTD.,South Australia Regional DAMA,2025-09-24,2030-09-23
ktlyons Pty Ltd,Orana DAMA,2025-09-24,2030-09-23
SGP Civil Pty Ltd,South Australia Regional DAMA,2025-09-24,2030-09-23
PAK AURORA SERVICES PTY LTD,Company Specific,2025-10-23,2030-10-22
Gary Singh Enterprises Pty Ltd,Company Specific,2025-10-28,2030-10-27
8CARE PTY LTD,Company Specific,2025-10-30,2030-10-29
Ultimate Disability Services,Company Specific,2025-11-05,2030-11-04
BALLARAT MOTOR WINDERS PTY LTD,Company Specific,2025-11-07,2030-11-06
Cowra Retirement Village Ltd,Industry - Aged Care,2025-09-29,2030-09-28
AMANA LIVING INCORPORATED,Industry - Aged Care,2025-09-29,2030-09-28
Quambie Park Waroona Inc,Industry - Aged Care,2025-10-07,2030-10-06
Latrobe Valley Village Inc.,Industry - Aged Care,2025-10-13,2030-10-12
BUSHLAND HEALTH GROUP LIMITED,Industry - Aged Care,2025-10-17,2030-10-16
FRESH FIELDS AGED CARE (NSW) NO 1 PTY LTD,Industry - Aged Care,2025-10-23,2030-10-22
FRESH FIELDS MANAGEMENT (NSW) PTY LTD,Industry - Aged Care,2025-10-23,2030-10-22
CHRISTADELPHIAN CARE SERVICES (SA) INCORPORATED,Industry - Aged Care,2025-10-28,2030-10-27
Uniting Church Homes,Industry - Aged Care,2025-11-03,2030-11-02
Freshfields Aged Care Pty Ltd,Industry - Aged Care,2025-11-05,2030-11-04
Good Shepherd Lodge Limited,Industry - Aged Care,2025-11-07,2030-11-06
Moxey Farms Pty Limited,Industry - Dairy,2025-09-26,2030-09-25
"ALLEN, SEAN",Industry - Dairy,2025-09-26,2030-09-25
Windy Lea Pty Ltd,Industry - Dairy,2025-09-30,2030-09-29
Spec Dairy Pty Ltd,Industry - Dairy,2025-09-30,2030-09-29
STUDLEIGH DAIRY PTY LTD,Industry - Dairy,2025-10-01,2030-09-30
Alnor Partners Pty Ltd,Industry - Dairy,2025-10-16,2030-10-15
R.H. BOYD & SON PTY LTD,Industry - Dairy,2025-10-17,2030-10-16
G.W PEDDLE & K.L PEDDLE,Industry - Dairy,2025-10-20,2030-10-19
Wall Flat Employment Pty Ltd,Industry - Dairy,2025-10-20,2030-10-19
Speldon Pastoral Pty Ltd,Industry - Dairy,2025-10-21,2030-10-20
TASCA HOLDINGS PTY LTD,Industry - Dairy,2025-10-22,2030-10-21
GEN TWO PTY LTD,Industry - Fishing,2025-10-01,2030-09-30
SHANNON COURT PTY LTD,Industry - Fishing,2025-10-03,2030-10-02
Alpine TF Pty Ltd,Industry - Fishing,2025-10-09,2030-10-08
SOUTHERN FISHERIES GROUP PTY LTD,Industry - Fishing,2025-10-13,2030-10-12
PREECE INDUSTRIES WA PTY LTD,Industry - Fishing,2025-10-29,2030-10-28
R KAUR & G SINGH,Industry - Horticulture,2025-10-01,2030-09-30
Premium Fresh Tasmania Pty Ltd,Industry - Horticulture,2025-10-13,2030-10-12
ALBYFARMS PRODUCE PTY LTD,Industry - Horticulture,2025-10-16,2030-10-15
RM Kluck Farms PTY LTD,Industry - Horticulture,2025-10-29,2030-10-28
Jaclan Nominees Pty Ltd,Industry - Horticulture,2025-10-29,2030-10-28
MH Fresh Pty. Ltd.,Industry - Horticulture,2025-11-07,2030-11-06
MONBEEF PTY LIMITED,Industry - Meat,2025-10-16,2030-10-15
NERRIM CRESCENT PTY. LTD.,Industry - Meat,2025-11-04,2030-11-03
PLUM VILLAGE AUSTRALIA INCORPORATED,Industry - Minister of Religion,2025-10-01,2030-09-30
Perth Chin Baptist Church INC,Industry - Minister of Religion,2025-10-03,2030-10-02
Hosanna Nepali Church Incorporated,Industry - Minister of Religion,2025-10-07,2030-10-06
Mahamevnawa Buddhist Monastery of Melbourne West Ltd,Industry - Minister of Religion,2025-10-20,2030-10-19
SEVENTH-DAY ADVENTIST CHURCH (NORTH NEW SOUTH WALES CONFERENCE) LTD,Industry - Minister of Religion,2025-10-21,2030-10-20
Dhammakaya Society of Victoria Inc.,Industry - Minister of Religion,2025-10-21,2030-10-20
BRISBANE KOREAN CENTRAL PRESBYTERIAN CHURCH INC.,Industry - Minister of Religion,2025-10-22,2030-10-21
Reformed Church International Australia Limited,Industry - Minister of Religion,2025-10-23,2030-10-22
INDONESIAN MUSLIM COMMUNITY of VICTORIA,Industry - Minister of Religion,2025-10-28,2030-10-27
AUSTRAL-ASIAN CHINESE CHURCH INC,Industry - Minister of Religion,2025-10-29,2030-10-28
PARISH OF CANTERBURY WITH HURLSTONE PARK,Industry - Minister of Religion,2025-11-06,2030-11-05
RAMAKRISHNA SARADA VEDANTA SOCIETY OF NSW INC,Industry - Minister of Religion,2025-11-06,2030-11-05
Galilee Best Unity Church Incorporated,Industry - Minister of Religion,2025-11-07,2030-11-06
SERBIAN ORTHODOX CHURCH & SCHOOL COMMUNITY ST STEFAN,Industry - Minister of Religion,2025-11-07,2030-11-06
ANANDA MARGA PRACARAKA SAMGHA LTD,Industry - Minister of Religion,2025-11-07,2030-11-06
St Sava Serbian Orthodox Church In Highgate Inc,Industry - Minister of Religion,2025-11-10,2030-11-09
SHEPHERD COMMUNITY EVANGELICAL CHURCH,Industry - Minister of Religion,2025-11-10,2030-11-09
AJ Labour Hire Pty Ltd,Industry - On-Hire,2025-11-07,2030-11-06
RIVERHAVEN ENTERPRISES PTY LTD,Industry - Pork,2025-10-20,2030-10-19
CEFN PTY LTD,Industry - Pork,2025-11-03,2030-11-02
BAY STREET JAPANESE PTY LTD,Industry – Premium Dining,2025-10-03,2030-10-02
Venus Hospitality Services Pty Ltd,Industry – Premium Dining,2025-10-03,2030-10-02
PRATHAM VENTURES PTY LTD,Industry – Premium Dining,2025-10-13,2030-10-12
Bundaleer Sustainable Investments Pty Ltd,Industry – Premium Dining,2025-10-14,2030-10-13
GOROACEN SERVICES PTY LIMITED,Industry – Premium Dining,2025-10-21,2030-10-20
Tassis Pty Ltd,Industry – Premium Dining,2025-10-23,2030-10-22
PALACE MW PTY LTD,Industry – Premium Dining,2025-10-24,2030-10-23
BAR CONTE PTY LIMITED,Industry – Premium Dining,2025-10-28,2030-10-27
CASOTIMBRI PTY LTD,Industry – Premium Dining,2025-10-28,2030-10-27
Callays Kitchen Pty Ltd,Industry – Premium Dining,2025-10-30,2030-10-29
C CHRISTOPOULOS & JOSHUA BRISBANE ATF THE BRISBANE SULLIVAN INVESTMENT TRUST,Industry – Premium Dining,2025-10-31,2030-10-30
CAMBRIDGE (KICKON) PTY LTD,Industry – Premium Dining,2025-11-06,2030-11-05
Laok Consulting Pty Ltd,Industry – Premium Dining,2025-11-11,2030-11-10
Victoria Carpet Centre Pty Ltd,Skilled Refugee Pilot,2025-09-30,2030-09-29
Kimrick Pty Ltd,East Kimberley DAMA,2025-09-25,2030-09-24
Catholic Education Western Australia Limited,East Kimberley DAMA,2025-09-30,2030-09-29
MARTIN STEWART LONG AND JITSOPIN SURIN,East Kimberley DAMA,2025-09-30,2030-09-29
Binarri-binyja yarrawoo Aboriginal Corporation,East Kimberley DAMA,2025-10-03,2030-10-02
Ord Six Pty Ltd,East Kimberley DAMA,2025-10-07,2030-10-06
Halls Creek Chemist Pty Ltd,East Kimberley DAMA,2025-10-08,2030-10-07
DWA Industrial Resources PTY LTD,East Kimberley DAMA,2025-10-15,2030-10-14
ILALH PTY LTD,East Kimberley DAMA,2025-10-16,2030-10-15
D & G Company WA Pty Ltd,East Kimberley DAMA,2025-10-29,2030-10-28
EMPOWER3 PTY LTD,East Kimberley DAMA,2025-10-31,2030-10-30
Norship Pty Ltd,Far North Queensland DAMA,2025-09-25,2030-09-24
MAE Refrigeration Pty Ltd,Far North Queensland DAMA,2025-10-09,2030-10-08
N DHILLON & G GILL & J GILL & V KAUR,Far North Queensland DAMA,2025-10-10,2030-10-09
Hachi AU Pty Ltd,Far North Queensland DAMA,2025-10-15,2030-10-14
Valley View Farming Pty Ltd,Far North Queensland DAMA,2025-10-24,2030-10-23
HEM Cairns Pty Ltd,Far North Queensland DAMA,2025-10-29,2030-10-28
WAYMARK HOTEL GROUP MANAGEMENT PTY LIMITED,Far North Queensland DAMA,2025-10-29,2030-10-28
FNQ Podiatry & Orthotics Pty Ltd,Far North Queensland DAMA,2025-10-30,2030-10-29
KING OF ORIENTAL FOODS TRADING PTY LTD,Far North Queensland DAMA,2025-11-03,2030-11-02
Lucy My Love Pty Ltd,Far North Queensland DAMA,2025-11-07,2030-11-06
MURAT ENTERPRISES PTY. LTD.,Far North Queensland DAMA,2025-11-12,2030-11-11
Milburn Lake Pty. Ltd.,Goulburn Valley DAMA,2025-09-25,2030-09-24
Echuca Workers & Services Club Ltd,Goulburn Valley DAMA,2025-10-15,2030-10-14
Trafford Group Pty Ltd,Goulburn Valley DAMA,2025-10-16,2030-10-15
Vicmill AG Solutions Pty Ltd,Goulburn Valley DAMA,2025-10-28,2030-10-27
Aussie Pride Produce Group Pty Ltd,Goulburn Valley DAMA,2025-10-29,2030-10-28
AYSG PTY LTD,Goulburn Valley DAMA,2025-10-30,2030-10-29
SEAFARERS GETAWAY RESORT PTY LTD,Great South Coast DAMA,2025-10-01,2030-09-30
NAMZDAVZ PTY. LTD.,Great South Coast DAMA,2025-10-09,2030-10-08
Davison Kaplan PTY LTD,Great South Coast DAMA,2025-10-16,2030-10-15
Respect Group Limited,Great South Coast DAMA,2025-10-20,2030-10-19
Rummer Pty Ltd,Great South Coast DAMA,2025-10-29,2030-10-28
TIWI TRAINING & EMPLOYMENT PTY LTD,Northern Territory DAMA,2025-09-25,2030-09-24
JARRYN TRADING PTY LTD,Northern Territory DAMA,2025-09-26,2030-09-25
DARWIN TRAILER BOAT CLUB INC,Northern Territory DAMA,2025-09-26,2030-09-25
BORS COMMUNITY SERVICES PTY LTD,Northern Territory DAMA,2025-09-30,2030-09-29
AUSTRALIAN MARKETING CONSULTANTS PTY LTD,Northern Territory DAMA,2025-09-30,2030-09-29
NOVOVISTA PTY LTD,Northern Territory DAMA,2025-09-30,2030-09-29
OH MY COFFEE PTY LTD,Northern Territory DAMA,2025-09-30,2030-09-29
N.T. EXCAVATION & DEMOLITION PTY LTD,Northern Territory DAMA,2025-10-02,2030-10-01
JABROK INVESTMENTS PTY LTD,Northern Territory DAMA,2025-10-03,2030-10-02
THIRD PLACE BARBERSHOP PTY LTD,Northern Territory DAMA,2025-10-07,2030-10-06
BevCo SBB Pty Ltd,Northern Territory DAMA,2025-10-09,2030-10-08
ARNHEM EARLY LEARNING CENTRE PTY. LTD.,Northern Territory DAMA,2025-10-09,2030-10-08
KAKADU TOURISM (GLC) PTY LIMITED,Northern Territory DAMA,2025-10-09,2030-10-08
Exact Contracting Services Pty Ltd,Northern Territory DAMA,2025-10-09,2030-10-08
Jackson Enterprises Pty Ltd,Northern Territory DAMA,2025-10-10,2030-10-09
CARERS NT LIMITED,Northern Territory DAMA,2025-10-10,2030-10-09
EPILOGUE ENTERPRISES PTY. LTD.,Northern Territory DAMA,2025-10-10,2030-10-09
KOPI EMPIRE PTY LTD,Northern Territory DAMA,2025-10-10,2030-10-09
Reidy Investments Pty Ltd,Northern Territory DAMA,2025-10-13,2030-10-12
SS & GA Pty Ltd,Northern Territory DAMA,2025-10-15,2030-10-14
MALA'LA HEALTH SERVICE ABORIGINAL CORPORATION,Northern Territory DAMA,2025-10-15,2030-10-14
BRAITLING NEIGHBOURHOOD CENTRE INC,Northern Territory DAMA,2025-10-15,2030-10-14
MARLIN DARWIN PTY LTD,Northern Territory DAMA,2025-10-16,2030-10-15
A.B.T. (NT) PTY. LTD.,Northern Territory DAMA,2025-10-16,2030-10-15
ELEMENTS GLASS (NT) PTY LTD,Northern Territory DAMA,2025-10-16,2030-10-15
DARWIN FIBREGLASS PTY LTD,Northern Territory DAMA,2025-10-16,2030-10-15
LUX NAILS AND SPA PTY LTD,Northern Territory DAMA,2025-10-17,2030-10-16
KERRY'S TRADITIONAL CHINESE MASSAGE CENTRE PTY. LTD.,Northern Territory DAMA,2025-10-20,2030-10-19
BUDKO GROUP PTY LTD,Northern Territory DAMA,2025-10-20,2030-10-19
Ms Minnie Pty Ltd,Northern Territory DAMA,2025-10-21,2030-10-21
FENIX CONVENIENCE PTY LTD,Northern Territory DAMA,2025-10-22,2030-10-21
MIKHLEE PTY LTD,Northern Territory DAMA,2025-10-23,2030-10-22
Jon Kers Pty Ltd,Northern Territory DAMA,2025-10-24,2030-10-23
We Tile Pty Ltd,Northern Territory DAMA,2025-10-27,2030-10-26
GLOBAL PIES PTY LTD,Northern Territory DAMA,2025-10-27,2030-10-26
JESS AND AL PTY LTD,Northern Territory DAMA,2025-10-27,2030-10-26
Junction 9 Pty Ltd,Northern Territory DAMA,2025-10-27,2030-10-26
TOP END CIVIL PTY LTD,Northern Territory DAMA,2025-10-28,2030-10-27
N.T. SCAFFOLDS PTY. LTD.,Northern Territory DAMA,2025-10-28,2030-10-27
PLUMBING NT PTY LTD,Northern Territory DAMA,2025-10-29,2030-10-28
CLIPPERS & SCIZZORS SERVICES PTY LTD,Northern Territory DAMA,2025-10-29,2030-10-28
S NEO & H.Y SEOW,Northern Territory DAMA,2025-10-30,2030-10-29
GILLEN CLUB INCORPORATED,Northern Territory DAMA,2025-10-30,2030-10-29
TOUCHING LIVES COMMUNITY SERVICES PTY LTD,Northern Territory DAMA,2025-10-31,2030-10-30
SHAMROCK CHEMICALS (N.T.) PTY. LTD.,Northern Territory DAMA,2025-10-31,2030-10-30
D LAPDEZ & H LAPDEZ,Northern Territory DAMA,2025-11-03,2030-11-02
Kylie's International Pty Ltd,Northern Territory DAMA,2025-11-03,2030-11-02
H TRINH & T UY,Northern Territory DAMA,2025-11-03,2030-11-02
Arnhemland Pest Control Pty Ltd,Northern Territory DAMA,2025-11-04,2030-11-03
Junction 8 Pty Ltd,Northern Territory DAMA,2025-11-04,2030-11-03
TJ INTERIOR FITOUT PTY LTD,Northern Territory DAMA,2025-11-04,2030-11-03
Kulgera Service Area Pty Ltd,Northern Territory DAMA,2025-11-05,2030-11-04
EFUS FOOD & CATERING SERVICES PTY LTD,Northern Territory DAMA,2025-11-06,2030-11-05
RAMAKIEN PTY LTD,Northern Territory DAMA,2025-11-10,2030-10-09
MALAK FAMILY CENTRE INCORPORATED,Northern Territory DAMA,2025-11-11,2030-11-10
Nightcliff Sports and Social Club Inc,Northern Territory DAMA,2025-11-11,2030-11-10
JC YEUM TRADING PTY LTD,Northern Territory DAMA,2025-11-11,2030-11-10
Altrad Services Pty Ltd,Northern Territory DAMA,2025-11-12,2030-11-11
ALICE FLOWERS PTY LTD,Northern Territory DAMA,2025-11-12,2030-11-11
Red Centre Foods Pty Ltd,Northern Territory DAMA,2025-11-12,2030-11-11
SVM TRADERS PTY LTD,Orana DAMA,2025-09-29,2030-09-28
RELIABLE CONVEYOR BELT PTY. LIMITED,Orana DAMA,2025-09-29,2030-09-28
Reyans Pty Ltd,Orana DAMA,2025-10-01,2030-09-30
GVL Group Pty Ltd,Orana DAMA,2025-10-03,2030-10-02
PEFFER PASTORAL CO. PTY LIMITED,Orana DAMA,2025-10-09,2030-10-08
J & P AU PTY LTD,Orana DAMA,2025-10-14,2030-10-13
Lingling Thai Pty Ltd,Orana DAMA,2025-10-15,2030-10-14
DUNCAN MCGINNESS PTY LTD,Orana DAMA,2025-10-16,2030-10-15
RADD4 PTY LIMITED,Orana DAMA,2025-10-23,2030-10-22
WILGA LANE PRODUCE PTY. LTD.,Orana DAMA,2025-10-30,2030-10-29
MJRJR PTY LTD,Orana DAMA,2025-11-05,2030-11-04
MUTUAL SHARED SERVICES PTY LTD,Orana DAMA,2025-11-11,2030-11-10
Hampton Harbour Boat & Sailing Club Pty Ltd,Pilbara DAMA,2025-10-03,2030-10-02
Broometown Holdings Pty Ltd,Pilbara DAMA,2025-11-12,2030-11-11
MLRXYZ PTY LTD,South Australia Regional DAMA,2025-09-25,2030-09-24
ASR CIVIL PTY LTD,South Australia Regional DAMA,2025-09-26,2030-09-25
STONEFAB PTY LTD,South Australia Regional DAMA,2025-09-30,2030-09-29
SA Disability Care Pty Ltd,South Australia Regional DAMA,2025-10-01,2030-09-30
BL91 PTY LTD,South Australia Regional DAMA,2025-10-03,2030-10-02
Dental Corporation Pty Ltd,South Australia Regional DAMA,2025-10-03,2030-10-02
BOOKYANA CULTURAL & COMMUNITY SERVICES PTY LTD,South Australia Regional DAMA,2025-10-03,2030-10-02
ROSHA PTY. LTD.,South Australia Regional DAMA,2025-10-08,2030-10-07
SERBIAN COMMUNITY WELFARE ASSOCIATION OF SA INC,South Australia Regional DAMA,2025-10-09,2030-10-08
Loustarr Pty Ltd,South Australia Regional DAMA,2025-10-10,2030-10-09
PORT AUGUSTA COLLISION REPAIR CENTRE PTY. LTD.,South Australia Regional DAMA,2025-10-10,2030-10-09
Jodan (Aust) Pty Ltd,South Australia Regional DAMA,2025-10-10,2030-10-09
FARQUHAR GROUP PTY LTD,South Australia Regional DAMA,2025-10-10,2030-10-09
Spice & Ice Pty Ltd,South Australia Regional DAMA,2025-10-13,2030-10-12
QUALITALY PTY LTD,South Australia Regional DAMA,2025-10-13,2030-10-12
SB KIM PTY LTD,South Australia Regional DAMA,2025-10-14,2030-10-13
SPRY SUPPORT SERVICES PTY LTD,South Australia Regional DAMA,2025-10-15,2030-10-14
Tibii Pty Ltd,South Australia Regional DAMA,2025-10-16,2030-10-15
LIVABILITY CARE AUSTRALIA PTY LTD,South Australia Regional DAMA,2025-10-16,2030-10-15
SHRED-X PTY LTD,South Australia Regional DAMA,2025-10-20,2030-10-19
DOTTORI PTY LTD,South Australia Regional DAMA,2025-10-20,2030-10-19
GHTC PTY LTD,South Australia Regional DAMA,2025-10-23,2030-10-22
CAVAN AGRICULTURAL AGENCIES PTY LTD,South Australia Regional DAMA,2025-10-24,2030-10-23
PAYA THAI RESTAURANT PTY LTD,South Australia Regional DAMA,2025-10-27,2030-10-26
In Ground Projects Pty Ltd,South Australia Regional DAMA,2025-10-28,2030-10-27
St Louis Community Care Packages Pty Ltd,South Australia Regional DAMA,2025-10-29,2030-10-28
CROATIAN UKRAINIAN & BELARUSIAN AGED CARE ASSOCIATION,South Australia Regional DAMA,2025-10-30,2030-10-29
Southern Bluefin Pty Ltd,South Australia Regional DAMA,2025-11-04,2030-11-03
ANGEL GREWAL ENTERPRISES PTY LTD,South Australia Regional DAMA,2025-11-06,2030-11-05
XUJI BRO PTY LTD,South Australia Regional DAMA,2025-11-10,2030-11-09
Treasury Wine Estates Vintners Limited,South Australia Regional DAMA,2025-11-10,2030-11-09
GVRK PTY. LTD.,South Australia Regional DAMA,2025-11-11,2030-11-10
ST & P CATERING PTY LTD,South Australia Regional DAMA,2025-11-12,2030-11-11
COORONG APIARIES PTY. LTD.,South Australia Regional DAMA,2025-11-12,2030-11-11
RTJ CARRIERS PTY LTD,South West DAMA,2025-10-20,2030-10-19
HARVEY INDUSTRIES GROUP PTY LTD,South West DAMA,2025-10-22,2030-10-21
JPT Ventures Pty Ltd,South West DAMA,2025-10-23,2030-10-22
ALBERT & GEORGE PTY LTD,South West DAMA,2025-10-23,2030-10-22
S.V COWAN & W.C SOLWAY,South West DAMA,2025-10-29,2030-10-28
FULL CIRCLE CHILD CARE PTY LTD,South West DAMA,2025-11-04,2030-11-03
BUSSELTON HOSPITALITY PTY LTD,South West DAMA,2025-11-04,2030-11-03
ROCKLYN FARM PTY LTD,South West DAMA,2025-11-04,2030-11-03
TUONG M NGUYEN & HIEN T LE,South West DAMA,2025-11-06,2030-11-05
M.K Gasbarri & D.C Hare,South West DAMA,2025-11-06,2030-11-05
C BAR HOLDINGS PTY. LTD.,Townsville DAMA,2025-10-10,2030-10-09
LONGBOARD BAR AND GRILL PTY LTD,Townsville DAMA,2025-10-21,2030-10-20
WHITCHERA RIDGE ENTERPRISES PROPRIETARY LIMITED,Townsville DAMA,2025-10-24,2030-10-23
GTEC TRAINING AND DEVELOPMENT PTY. LTD.,Townsville DAMA,2025-11-06,2030-11-05
RC JACOB FAMILY INVESTMENTS PTY LTD,Townsville DAMA,2025-11-11,2030-11-10
Delivery Nerd Pty Ltd,WA DAMA,2025-09-25,2030-09-24
E.C KIPKORIR & T.I.C KIMUTAI,WA DAMA,2025-09-25,2030-09-24
E.L QUINN & J.S QUINN,WA DAMA,2025-10-01,2030-09-30
HIRO JAPANESE PTY LTD,WA DAMA,2025-10-02,2030-10-01
Pezzano Enterprises Pty Ltd,WA DAMA,2025-10-03,2030-10-02
Costanza Pty Ltd,WA DAMA,2025-10-03,2030-10-02
GAJANAND INVESTMENTS PTY LTD,WA DAMA,2025-10-07,2030-10-06
MULTIWEST PTY LTD,WA DAMA,2025-10-07,2030-10-06
Passionate Keepers Pty Ltd,WA DAMA,2025-10-07,2030-10-06
ORONTES PTY LTD,WA DAMA,2025-10-07,2030-10-06
Atlas Fuel Australia PTY LTD,WA DAMA,2025-10-07,2030-10-06
L & H Family Investments Pty Ltd,WA DAMA,2025-10-07,2030-10-06
RQ Living PTY LTD,WA DAMA,2025-10-08,2030-10-07
THE GREEN TREE TRANSPORT (WA) PTY LTD,WA DAMA,2025-10-08,2030-10-07
PHONEFIX PTY LTD,WA DAMA,2025-10-08,2030-10-07
Ammodo Pty Ltd,WA DAMA,2025-10-08,2030-10-07
AIRCRAFT INSTALLATIONS PTY. LTD.,WA DAMA,2025-10-09,2030-10-08
Toscana (WA) Pty Ltd,WA DAMA,2025-10-09,2030-10-08
Wiseplace Investments Pty Ltd,WA DAMA,2025-10-10,2030-10-09
DEPARTMENT OF COMMUNITIES,WA DAMA,2025-10-10,2030-10-09
SANDS FRIDGE LINES PTY LTD,WA DAMA,2025-10-10,2030-10-09
Mikevie Pty Ltd,WA DAMA,2025-10-14,2030-10-13
GIANTSTONE PTY LTD,WA DAMA,2025-10-15,2030-10-14
Tilt Trays Australia Pty Ltd,WA DAMA,2025-10-15,2030-10-14
THI HONG SON LE,WA DAMA,2025-10-15,2030-10-14
OSHA TECHNOLOGIES PTY LTD,WA DAMA,2025-10-15,2030-10-14
COMPA (AUST) PTY LTD,WA DAMA,2025-10-16,2030-10-15
BENIPAL TRANSPORT PTY LTD,WA DAMA,2025-10-17,2030-10-16
SHAW'S DARWIN TRANSPORT PTY LIMITED,WA DAMA,2025-10-17,2030-10-16
TSG Rockingham Pty Ltd,WA DAMA,2025-10-20,2030-10-19
ITAFOOD Pty Ltd,WA DAMA,2025-10-22,2030-10-21
COMPANION MENTAL HEALTH AND DISABILITY SERVICES PTY LTD.,WA DAMA,2025-10-23,2030-10-22
COURTLEA FARMS PTY LTD,WA DAMA,2025-10-23,2030-10-22
Akaal Sahai Freightlines Pty Ltd,WA DAMA,2025-10-27,2030-10-26
GVL Group Pty Ltd,WA DAMA,2025-10-28,2030-10-27
VB SOOD PTY LTD,WA DAMA,2025-10-29,2030-10-28
ROADS 2000 PTY LTD,WA DAMA,2025-10-29,2030-10-28
VVG Services WA Pty Ltd,WA DAMA,2025-11-03,2030-11-02
A ANJOS & R.D KAZON,WA DAMA,2025-11-04,2030-11-03
YES STAFFING SOLUTIONS PTY LTD,WA DAMA,2025-11-04,2030-11-03
K NG & M TAN,WA DAMA,2025-11-04,2030-11-03
INDIAN OCEAN ROCK LOBSTER PTY LTD,WA DAMA,2025-11-06,2030-11-05
Stephen Entities Pty Ltd,WA DAMA,2025-11-06,2030-11-05
MODULAR TRANSPORT PTY LTD,WA DAMA,2025-11-07,2030-11-06
Italian Elite Group Pty Ltd,WA DAMA,2025-11-11,2030-11-10
JOB SKILLS TRAINING ACADEMY PTY LTD,WA DAMA,2025-11-11,2030-11-10
NGO TRANSPORT PTY LTD,WA DAMA,2025-11-12,2030-11-11
FLANCO KALGOORLIE PTY LTD,Goldfields DAMA,2025-10-09,2030-10-08
Wickstein Partners,Goldfields DAMA,2025-10-10,2030-10-09
J.A MOLLETT & J.A MOLLETT & N MOLLETT & THE TRUSTEE FOR THE MOLLETT FAMILY TRUST,Goldfields DAMA,2025-10-13,2030-10-12
DAVID CAMPBELL TRANSPORT PTY LTD,Goldfields DAMA,2025-10-20,2030-10-19
CAICOS PTY LTD,Goldfields DAMA,2025-10-30,2030-10-29
Black Cat Syndicate Limited,Goldfields DAMA,2025-11-04,2030-11-03
S L SATYA PTY LTD,Goldfields DAMA,2025-11-07,2030-11-06
ADT AUSTRALIA NOMINEES PTY LTD,Goldfields DAMA,2025-11-07,2030-11-06
AMBER MOTEL (EUCLA) W.A. PTY LTD,Goldfields DAMA,2025-11-10,2030-11-09
Q.R.A PTY LIMITED,Industry – Premium Dining,2022-11-04,2027-11-03
BURSWOOD CARE PTY LTD,Industry - Aged Care,2025-11-14,2030-11-13
FULL GOSPEL ASSEMBLY MELBOURNE,Industry - Minister of Religion,2025-11-14,2030-11-13
Birrang Enterprise Development Company Ltd,Orana DAMA,2025-11-14,2030-11-13
ADELAIDE EATERY PTY LTD,South Australia Regional DAMA,2025-11-14,2030-11-13
Samaf Group Pty Ltd,Northern Territory DAMA,2025-11-14,2030-11-13
JBS AUSTRALIA PTY LIMITED,Townsville DAMA,2025-11-14,2030-11-13
Burralga Trading Pty Ltd,East Kimberley DAMA,2025-11-17,2030-11-16
K. LAMONT PTY LTD,Industry – Premium Dining,2025-11-17,2030-11-16
TBJ LOGISTICS PTY LTD,South Australia Regional DAMA,2025-11-17,2030-11-16
SWI (CS) PTY LTD,Northern Territory DAMA,2025-11-17,2030-11-16
Dixie Park Dairying Pty Ltd,Industry - Dairy,2025-11-17,2030-11-16
ARMADA ELC PTY LTD,Northern Territory DAMA,2025-11-17,2030-11-16
CABLE BEACH ROOFING PTY LTD,East Kimberley DAMA,2025-11-17,2030-11-16
Fowler Ventures Pty Ltd,Great South Coast DAMA,2025-11-17,2030-11-16
ODH Tyres Pty Ltd,Pilbara DAMA,2025-11-17,2030-11-16
Chandu Petroleum Pty Ltd,Orana DAMA,2025-11-17,2030-11-16
Platform 25 Pty Ltd,Orana DAMA,2025-11-17,2030-11-16
Midland Bacon Pty Ltd,Industry - Pork,2025-11-18,2030-11-17
Sarens (Australia) Pty Limited,WA DAMA,2025-11-18,2030-11-17
Mimosa Care Pty Ltd,Company Specific,2025-11-18,2030-11-17
JASALIS NOMINEES PTY LTD,Industry - Horticulture,2025-11-18,2030-11-17
Truflo Pumping Systems Pty Ltd,Orana DAMA,2025-11-18,2030-11-17
ASHAR&SONS PTY. LTD.,WA DAMA,2025-11-18,2030-11-17
SANDS FRIDGE LINES PTY LTD,Pilbara DAMA,2025-11-18,2030-11-17
Tan Huy's Trading Company Pty Ltd,Goulburn Valley DAMA,2025-11-18,2030-11-17
HULLY PTY LTD,South Australia Regional DAMA,2025-11-19,2030-11-18
ETS Earthworks Pty Ltd,WA DAMA,2025-11-19,2030-11-18
Hapuku Fisheries Pty Limited,Industry - Fishing,2025-11-19,2030-11-18
Juniper Lea Pty Ltd,Industry - Dairy,2025-11-19,2030-11-18
CUSTOMADE COMMERCIAL KITCHENS PTY LTD,Northern Territory DAMA,2025-11-19,2030-11-18
Cherratta Lodge Pty Ltd,Pilbara DAMA,2025-11-19,2030-11-18
SMC CRONULLA PTY LTD,Industry – Premium Dining,2025-11-20,2030-11-19
FRANKLAND ESTATE WINES PTY LTD,WA DAMA,2025-11-20,2030-11-19
CENTERWEST PTY LTD & OAKSTONE HOLDINGS PTY. LTD.,WA DAMA,2025-11-20,2030-11-19
MUKAYI HEALTHCARE PTY LTD,Goldfields DAMA,2025-11-20,2030-11-19
MIBATE PTY. LTD.,South Australia Regional DAMA,2025-11-21,2030-11-21
Nora Homecare Pty Ltd,Company Specific,2025-11-21,2030-11-20
NATIONAL WINDSCREENS PTY. LTD.,Northern Territory DAMA,2025-11-21,2030-11-20
BETTER CARE AUSTRALIA PTY LTD,South Australia Regional DAMA,2025-11-24,2030-11-23
JGC INDUSTRIES PTY LTD,East Kimberley DAMA,2025-11-24,2030-11-23
SEVENTH-DAY ADVENTIST CHURCH (GREATER SYDNEY CONFERENCE) LIMITED,Industry - Minister of Religion,2025-11-24,2030-11-23
ANGELS HOUSE PTY LTD,WA DAMA,2025-11-24,2030-11-23
A ANDERSON & L.G ANDERSON & W ANDERSON,WA DAMA,2025-11-24,2030-11-23
MY ABILITY ANGEL PTY LTD,Industry - Aged Care,2025-11-24,2030-11-23
AUSTRALIAN BUDDHIST VIHARA,Industry - Minister of Religion,2025-11-24,2030-11-23
TIWI LAND COUNCIL,Northern Territory DAMA,2025-11-24,2030-11-23
YAPP INVESTMENT HOLDINGS PTY. LIMITED,Northern Territory DAMA,2025-11-24,2030-11-23
I.R ROGERS & J.D ROGERS & KYLAGH NOMINEES PTY LTD AS TRUSTEE FOR THE IVAN ROGERS FAMILY TRUST,WA DAMA,2025-11-24,2030-11-23
Atlas Professionals Australia Pty Ltd,Industry - On-Hire,2025-11-25,2030-11-24
"RILEY, Alkira Jade",Industry - Dairy,2025-11-25,2030-11-24
KBSS PTY LTD,WA DAMA,2025-11-25,2030-11-24
Lucio's Sunshine Pty Ltd,Industry – Premium Dining,2025-11-25,2030-11-24
RAC TOURISM ASSETS PTY LTD,East Kimberley DAMA,2025-11-25,2030-11-24
MURRAY EDEN PTY. LTD.,Industry - Dairy,2025-11-25,2030-11-24
CHANOR HOLDINGS PTY LTD,Far North Queensland DAMA,2025-11-25,2030-11-24
TD & RM Currie PTY LTD,Great South Coast DAMA,2025-11-26,2030-11-25
HARTFELL PTY LIMITED,Townsville DAMA,2025-11-26,2030-11-25
Renko Group Pty Ltd,Northern Territory DAMA,2025-11-26,2030-11-25
Regis Aged Care Pty Ltd,South West DAMA,2025-11-26,2030-11-25
Vesta Cairns Pty Ltd,Far North Queensland DAMA,2025-11-27,2030-11-26
BODHI BUS PTY LTD,Northern Territory DAMA,2025-11-27,2030-11-26
Page Business Group Pty Ltd,Far North Queensland DAMA,2025-11-27,2030-11-26
THK Capital Pty Ltd,Townsville DAMA,2025-11-27,2030-11-26
MYT Framing Pty Ltd,South Australia Regional DAMA,2025-11-27,2030-11-26
SOUTHERN CROSS CARE (QLD) LTD,Industry - Aged Care,2025-11-27,2030-11-26
JABA TRANSPORT PTY LTD,Orana DAMA,2025-11-27,2030-11-26
MD & TJ Ryan Contracting Pty Ltd,Industry - Dairy,2025-11-27,2030-11-26
Gawled Pty Ltd,Northern Territory DAMA,2025-11-27,2030-11-26
West Coast Care Pty Ltd,WA DAMA,2025-11-28,2030-11-27
CARE I WISH PTY LTD,Company Specific,2025-11-28,2030-11-27
Cobber Australia Pty Ltd,WA DAMA,2025-11-28,2030-11-27
Dhapai Investments Pty Ltd,WA DAMA,2025-11-28,2030-11-27
BLUE WHALE SOLUTIONS PTY LTD,Northern Territory DAMA,2025-11-28,2030-11-27
YAYA'S HELLENIC KITCHEN & BAR PTY LTD,Far North Queensland DAMA,2025-11-28,2030-11-27
Wecare Health Pty Ltd,Orana DAMA,2025-11-28,2030-11-27
Ord Mechanical Services Pty Ltd,East Kimberley DAMA,2025-12-01,2030-11-30
Mitolo group Pty Ltd,Industry - Horticulture,2025-12-01,2030-11-30
Emvee Group Pty Ltd,South West DAMA,2025-12-01,2030-11-30
BENNELONG ENTERPRISES PTY LTD,Industry – Premium Dining,2025-12-01,2030-11-30
Gnarabar Two Pty Ltd,South West DAMA,2025-12-01,2030-11-30
NT BAKERY PTY LTD,Northern Territory DAMA,2025-12-01,2030-11-30
The Trustee for Barangaroo Trust & The Trustee for the Mash Barangaroo Trust,Industry – Premium Dining,2025-12-01,2030-11-30
BISSY CARE AND SUPPORT SERVICES PTY LTD,South Australia Regional DAMA,2025-12-02,2030-12-01
Ostojic Group Pty Ltd,Northern Territory DAMA,2025-12-02,2030-12-01
LHERE ARTEPE RETAIL PTY LTD,Northern Territory DAMA,2025-12-02,2030-12-01
Mazdex Pty Ltd,Far North Queensland DAMA,2025-12-02,2030-12-01
TUNNEL HOLDINGS PTY LTD,WA DAMA,2025-12-02,2030-12-01
THE PARADE 21 PTY LTD,South Australia Regional DAMA,2025-12-02,2030-12-01
BENCHMARK PAINTING PTY LTD,WA DAMA,2025-12-02,2030-12-01
SHUTAN PTY. LTD.,Northern Territory DAMA,2025-12-02,2030-12-01
LUMINOUSCARENDIS PTY LTD,South Australia Regional DAMA,2025-12-03,2030-12-02
HOMEWISE HEALTH PTY LIMITED,Industry - Aged Care,2025-12-03,2030-12-02
CARE STAFF SUPPORT AUSTRALIA PTY LTD,Industry - Aged Care,2025-12-04,2030-12-03
PICCOLO CUCINA CAIRNS PTY LTD,Far North Queensland DAMA,2025-12-04,2030-12-03
LIFTRITE HIRE AND SALES PTY LTD,WA DAMA,2025-12-04,2030-12-03
GOLDENFLIPP PTY LTD.,Orana DAMA,2025-12-04,2030-12-03
SA BUILDING & CONSTRUCTION SUPPLIER PTY LTD,Adelaide City Tech and Innovation DAMA,2025-12-04,2030-12-03
"BEVERIDGE, GEOFFREY",Industry - Dairy,2025-12-04,2030-12-03
THE TRUSTEE FOR CASHKALANI FAMILY TRUST & THE TRUSTEE FOR DUNSTALL FAMILY TRUST & THE TRUSTEE FOR MATOMIET TRUST,Northern Territory DAMA,2025-12-04,2030-12-03
B.J MCCRACKEN & M.L MCCRACKEN,Industry - Dairy,2025-12-04,2030-12-03
SNB HOLDINGS WA PTY LTD,Pilbara DAMA,2025-12-04,2030-12-03
LAWRENCE AGRICULTURE (TAS) PTY LTD,Industry - Dairy,2025-12-04,2030-12-03
Hydramech Engineering Pty Ltd,Goldfields DAMA,2025-12-05,2030-12-04
"WONG, HINGSTON GIN HING",Northern Territory DAMA,2025-12-05,2030-12-04
Friends Care Services Pty Ltd,South West DAMA,2025-12-05,2030-12-04
GOLDFIELDS AUTO-TECH PTY LTD,Goldfields DAMA,2025-12-05,2030-12-04
YRC TRANSPORT PTY LTD,Company Specific,2025-12-05,2030-12-04
E.V MUDIE & G.M MUDIE,Goldfields DAMA,2025-12-05,2030-12-04
"JADUE, JALIL",Northern Territory DAMA,2025-12-05,2030-12-04
RALMANA PTY. LTD.,WA DAMA,2025-12-05,2030-12-04
Hughes Corporate Holdings Pty Ltd,Townsville DAMA,2025-12-05,2030-12-04
TRAFFIC WERX NT PTY LTD,Northern Territory DAMA,2025-12-05,2030-12-04
TRUSFFLE PTY LTD,South West DAMA,2025-12-05,2030-12-04
Samra Transports Pty Ltd,Orana DAMA,2025-12-05,2030-12-04
IR SERVICES (AUSTRALIA) PTY LIMITED,Company Specific,2025-12-05,2030-12-04
SEME SOLUTIONS PTY LTD,WA DAMA,2025-12-05,2030-12-04
Medispring Pty Ltd,Orana DAMA,2025-12-05,2030-12-04
EL- JASBELLA GROUP HR PTY LTD,Industry - Aged Care,2025-12-08,2030-12-07
Gods Will Presbyterian Church,Industry - Minister of Religion,2025-12-08,2030-12-07
Ochre Support Services Pty Ltd,Northern Territory DAMA,2025-12-08,2030-12-07
INSPEC GROUP PTY LTD,Industry - On-Hire,2025-12-08,2030-12-07
RATTLIN CHAINS PTY LTD,Northern Territory DAMA,2025-12-08,2030-12-07
N EL SKAF & A HAQUE,South Australia Regional DAMA,2025-12-08,2030-12-07
The Woodhill Trust & A.J Whyte & B.K Whyte & T.J Whyte,WA DAMA,2025-12-08,2030-12-07
ANGAD GROUP PTY LTD,WA DAMA,2025-12-08,2030-12-07
THE UNITING CHURCH IN AUSTRALIA PROPERTY TRUST (Q.),Townsville DAMA,2025-12-09,2030-12-08
Sunrise and Star Pty Ltd,Townsville DAMA,2025-12-09,2030-12-08
Orchid Thai Pty Ltd,Great South Coast DAMA,2025-12-09,2030-12-08
TRODAN PRODUCE (WA) PTY LTD,South West DAMA,2025-12-09,2030-12-08
Avon Valley Poultry Pty Ltd,WA DAMA,2025-12-09,2030-12-08
TYRE AND AUTO PTY LTD,Goulburn Valley DAMA,2025-12-09,2030-12-08
Studio Schools of Australia,East Kimberley DAMA,2025-12-09,2030-12-08
HAWK-EYES SURVEILLANCE PTY. LTD.,South Australia Regional DAMA,2025-12-09,2030-12-08
TORBAY LIFESTYLES AND CARE LIMITED,Industry - Aged Care,2025-12-09,2030-12-08
J.P HARRIS & L.R HARRIS & HFC COMMODITIES PTY LIMITED & JP & LR HARRIS FAMILY TRUST,Orana DAMA,2025-12-09,2030-12-08
Sundown Foods Australia Pty Ltd,Goulburn Valley DAMA,2025-12-10,2030-12-09
Jancha Pty Ltd,South Australia Regional DAMA,2025-12-10,2030-12-09
CHARIS MANAGEMENT SERVICES PTY LTD,Northern Territory DAMA,2025-12-10,2030-12-09
Northern Trade Solutions (NT) Pty Ltd,Northern Territory DAMA,2025-12-10,2030-12-09
BML Ventures Pty Ltd,Goldfields DAMA,2025-12-10,2030-12-09
HPP MANAGEMENT PTY LTD,Northern Territory DAMA,2025-12-10,2030-12-09
Global Supply Line Pty Ltd,South Australia Regional DAMA,2025-12-10,2030-12-09
Golden Avenue Restaurant Pty Ltd,Industry – Premium Dining,2025-12-10,2030-12-09
ASPHALTECH PTY. LTD.,WA DAMA,2025-12-10,2030-12-09
Sellwood Enterprises Pty Ltd,Northern Territory DAMA,2025-12-11,2030-12-10
PSSG GROUP PTY LTD,Goldfields DAMA,2025-12-11,2030-12-10
MERENDA WHOLESALERS PTY LTD,South Australia Regional DAMA,2025-12-11,2030-12-10
COBUILD CIVIL PTY LTD,South West DAMA,2025-12-11,2030-12-10
Precision Group (NT) Pty Ltd,Northern Territory DAMA,2025-12-11,2030-12-10
TMP TRANSPORT & FARMS PTY. LTD.,Northern Territory DAMA,2025-12-12,2030-12-11
ANLUCA PTY. LTD,Industry – Premium Dining,2025-12-12,2030-12-11
KAM FREIGHT LINES PTY LTD,WA DAMA,2025-12-12,2030-12-11
B A Hirsch Family Trust & B.A Hirsch & J.M Hirsch,WA DAMA,2025-12-12,2030-12-11
IEL STREAM AVE PTY LTD,Orana DAMA,2025-12-12,2030-12-11
Garde Investments Pty Ltd,Far North Queensland DAMA,2025-12-12,2030-12-11
J-CORP RESORT SERVICES PTY LTD,South West DAMA,2025-12-12,2030-12-11
T & M CONCRETORS PTY LIMITED,Northern Territory DAMA,2025-12-12,2030-12-11
OJO MEDICAL PTY LTD,Northern Territory DAMA,2025-12-15,2030-12-14
JSM Civils Pty Ltd,Northern Territory DAMA,2025-12-15,2030-12-14
CPC Services (NQ) Pty. Ltd,Far North Queensland DAMA,2025-12-15,2030-12-14
LACHLAN COMMODITIES PTY. LIMITED,Orana DAMA,2025-12-15,2030-12-14
5 Tribes Group Pty Ltd,Far North Queensland DAMA,2025-12-15,2030-12-14
Electrotech Australia Pty Limited,WA DAMA,2025-12-15,2030-12-14
DEPARTMENT OF EDUCATION,Pilbara DAMA,2025-12-15,2030-12-14
AUSTRALIAN PROPERTY PROJECTS PTY. LTD.,Northern Territory DAMA,2025-12-16,2030-12-15
Newlight Ability Services Pty Ltd,WA DAMA,2025-12-16,2030-12-15
ANELLA HOLDINGS PTY LTD,Far North Queensland DAMA,2025-12-16,2030-12-15
Rowan Transport Pty Ltd,Orana DAMA,2025-12-16,2030-12-15
HORIZEN CAFE OPERATIONS PTY LTD,Northern Territory DAMA,2025-12-16,2030-12-15
KINTARO R.P. PTY LTD,South Australia Regional DAMA,2025-12-16,2030-12-15
VISION 2020 HOTEL GROUP PTY LTD,WA DAMA,2025-12-16,2030-12-15
DALE J SMITH PTY LTD,Northern Territory DAMA,2025-12-16,2030-12-15
SKS Waterfront Hotel Pty Ltd,WA DAMA,2025-12-16,2030-12-15
Angel Entertainment Corporation Pty Ltd,Far North Queensland DAMA,2025-12-16,2030-12-15
MMC AUSTRALIA PTY LTD,Northern Territory DAMA,2025-12-16,2030-12-15
NB AUTOMOTIVE PTY LTD,Northern Territory DAMA,2025-12-16,2030-12-15
BRETT CATTLE COMPANY PTY LTD,Northern Territory DAMA,2025-12-16,2030-12-15
GALJO PTY LTD,Northern Territory DAMA,2025-12-17,2030-12-16
TRE Bears Pty Ltd,Goldfields DAMA,2025-12-17,2030-12-16
ELITE SURFACE PROTECTION PTY LTD,WA DAMA,2025-12-17,2030-12-16
Altora Ag Services Pty Ltd,Orana DAMA,2025-12-17,2030-12-16
NAZ Pty Ltd,Orana DAMA,2025-12-17,2030-12-16
DELTA WATER NT PTY LIMITED,Northern Territory DAMA,2025-12-17,2030-12-16
DASSAI DARWIN PTY LTD,Northern Territory DAMA,2025-12-17,2030-12-16
JB FOODS PTY LTD,Pilbara DAMA,2025-12-17,2030-12-16
J & J DREAMS PTY LTD,South Australia Regional DAMA,2025-12-17,2030-12-16
TOP END STEEL SUPPLIES PTY LIMITED,Northern Territory DAMA,2025-12-17,2030-12-16
Zest DCA Pty Ltd,Northern Territory DAMA,2025-12-17,2030-12-16
LIVE BIRDS SERVICES PTY LTD,South Australia Regional DAMA,2025-12-17,2030-12-16
CMV Truck & Bus Pty Ltd,Goulburn Valley DAMA,2025-12-17,2030-12-16
TEHGO PTY LTD,Northern Territory DAMA,2025-11-14,2030-11-13
Youth With A Mission Whitsunday Inc.,Industry - Minister of Religion,2025-12-12,2030-12-11
THE MEATBALL & WINE BAR PTY. LTD.,Industry – Premium Dining,2025-12-15,2030-12-14
HILLS TRANSPLANTS PTY. LTD.,Industry - Horticulture,2025-12-15,2030-12-14
MISTY VALLEY PASTORAL PTY LTD,Industry - Dairy,2025-12-15,2030-12-14
Zakzak Company Pty Ltd,Industry – Premium Dining,2025-12-15,2030-12-14
NIJJAR TRANSPORT PTY LTD,Company Specific,2025-12-16,2030-12-15
THE MEAT & WINE CO - INTERCONTINENTAL PTY LTD,Industry – Premium Dining,2025-12-16,2030-12-15
GUNAWAN CONCEPT PTY LTD,Northern Territory DAMA,2025-12-18,2030-12-17
DARWIN AUTOMOTIVE PTY LTD,Northern Territory DAMA,2025-12-18,2030-12-17
PACK INVESTMENTS PTY LTD,South Australia Regional DAMA,2025-12-18,2030-12-17
ACTIVE CRANE HIRE PTY LTD,Company Specific,2025-12-19,2030-12-18
Cagney Sports Pty Ltd,Company Specific,2025-12-23,2030-12-22
KRSP Pty Ltd,East Kimberley DAMA,2025-12-18,2030-12-17
NT BUSINESS SERVICE PTY LTD,Northern Territory DAMA,2025-12-18,2030-12-17
L.T LE & S.H TRINH,South Australia Regional DAMA,2025-12-18,2030-12-17
NT FOOD SERVICE PTY LTD,Northern Territory DAMA,2025-12-19,2030-12-18
Glenample Pty Limited,Great South Coast DAMA,2025-12-19,2030-12-18
Red Leaf Fresh Fruits Pty Ltd,Goulburn Valley DAMA,2025-12-19,2030-12-18
MMM TRAN INVESTMENTS PTY LTD,Northern Territory DAMA,2025-12-19,2030-12-18
AUSWIDE SINGH TRANSPORTATION SERVICES PTY LTD,Northern Territory DAMA,2025-12-19,2030-12-18
AVID HOLDING PTY LTD,WA DAMA,2025-12-19,2030-12-18
RM Hickey & the Trustee for the BP Hickey Family Trust & The Trustee for JJ Hickey Family Trust,WA DAMA,2025-12-19,2030-12-18
PRECISION DRILLING AUSTRALIA PTY LTD,WA DAMA,2025-12-19,2030-12-18
Admire Care Pty Ltd,WA DAMA,2025-12-19,2030-12-18
LIME INDUSTRIES PTY LTD,WA DAMA,2025-12-19,2030-12-18
ROBERN MENZ (MFG) PTY LTD,South Australia Regional DAMA,2025-12-20,2030-12-19
JIABVA PTY LTD,East Kimberley DAMA,2025-12-22,2030-12-21
GCAC ENTERPRISES PTY LTD,Far North Queensland DAMA,2025-12-22,2030-12-21
Chillys Pizza Pty Ltd,Far North Queensland DAMA,2026-01-05,2031-01-04
TAMBAVALE (QLD) PTY LTD,Far North Queensland DAMA,2026-01-05,2031-01-04
Calypso Inn Pty Ltd,Far North Queensland DAMA,2026-01-07,2031-01-06
ACN 115186091 Pty Ltd,Far North Queensland DAMA,2026-01-08,2031-01-07
BENSON HOTEL PTY LTD,Far North Queensland DAMA,2026-01-08,2031-01-07
L & J Horsford Pty Ltd,Far North Queensland DAMA,2026-01-13,2031-01-12
ECHUCA MOTEL & RESORT PTY LTD,Goulburn Valley DAMA,2025-12-22,2030-12-21
TASWELD ENGINEERING PTY. LIMITED,Great South Coast DAMA,2026-01-07,2031-01-06
RV WELDING & FABRICATION PTY LTD,Northern Territory DAMA,2025-12-22,2030-12-21
GOR YUMBULL CHILDCARE PTY LTD,Northern Territory DAMA,2025-12-22,2030-12-21
"MAIDEN, BILLIE JEAN",Northern Territory DAMA,2025-12-22,2030-12-21
CLEAN AGRICULTURE & INTERNATIONAL TOURISM PTY LTD,Northern Territory DAMA,2025-12-22,2030-12-21
Compass Group Remote Hospitality Services Pty Ltd,Northern Territory DAMA,2025-12-22,2030-12-21
SGRD CAFE'S PTY LTD,Northern Territory DAMA,2025-12-22,2030-12-21
JACOVIA PTY LTD,Northern Territory DAMA,2026-01-06,2031-01-05
UNIQUE INDUSTRIES PTY LTD,Northern Territory DAMA,2026-01-06,2031-01-05
CENTRAL DESERT REGIONAL COUNCIL,Northern Territory DAMA,2026-01-06,2031-01-05
MALLARD NOMINEES PTY. LTD.,Northern Territory DAMA,2026-01-06,2031-01-05
Guthrie-Edwin Property Services Pty Ltd,Northern Territory DAMA,2026-01-06,2031-01-05
TDC Refrigeration Pty Ltd,Northern Territory DAMA,2026-01-06,2031-01-05
AITHE PTY LTD,Northern Territory DAMA,2026-01-07,2031-01-06
PLATOCON MANAGEMENT PTY LTD,Northern Territory DAMA,2026-01-08,2031-01-07
ALL ABOUT PIZZA PTY LTD,Northern Territory DAMA,2026-01-12,2031-01-11
FLICK ANTICIMEX PTY LTD,Northern Territory DAMA,2026-01-13,2031-01-12
GRACE RECORDS MANAGEMENT (AUSTRALIA) PTY LTD,Northern Territory DAMA,2026-01-13,2031-01-12
Dolan Civil Pty Ltd,Northern Territory DAMA,2026-01-13,2031-01-12
Acecom NT Pty Ltd,Northern Territory DAMA,2026-01-16,2031-01-15
MIKE EXCAVATIONS PTY. LTD.,Northern Territory DAMA,2026-01-16,2031-01-15
DEMLAR PTY LTD,Northern Territory DAMA,2026-01-16,2031-01-15
HOPE ONLINE PTY LTD,Northern Territory DAMA,2026-01-20,2031-01-19
NT WASTE AWAY PTY LTD,Northern Territory DAMA,2026-01-20,2031-01-19
Diamond Barbers Pty Ltd,Northern Territory DAMA,2026-01-21,2031-01-20
AMAZING GRACE COMMUNITY SERVICES PTY. LTD.,Northern Territory DAMA,2026-01-27,2031-01-26
GRIFFITH ALMET ENGINEERING PTY LTD,Orana DAMA,2025-12-22,2030-12-21
ORIENTAL HOTEL MUDGEE PTY LTD,Orana DAMA,2025-12-22,2030-12-21
Auswide Accommodation Pty Ltd,Orana DAMA,2026-01-07,2031-01-06
HOMETOWN TRADINGS PTY LTD,Orana DAMA,2026-01-08,2031-01-07
AH Wagga Hotel Pty Ltd,Orana DAMA,2026-01-12,2031-01-11
YADU HEALTH MOBILE DENTAL SERVICES AUSTRALIA PTY LTD,South Australia Regional DAMA,2025-12-22,2030-12-21
WORKSHOP NOMINEES PTY. LTD.,South Australia Regional DAMA,2026-01-05,2031-01-04
SRS Settlement Pty Ltd,South Australia Regional DAMA,2026-01-06,2031-01-05
NATHAN TRENT VOIGT AND BRUCE LESLIE WIGNEY,South Australia Regional DAMA,2026-01-06,2031-01-05
CMI TRUCK CENTRE ADELAIDE PTY LTD,South Australia Regional DAMA,2026-01-07,2031-01-06
CKSK Pty Ltd,South Australia Regional DAMA,2026-01-07,2031-01-06
OFFLINE CAMPERS PTY LTD,South Australia Regional DAMA,2026-01-07,2031-01-06
DAMAN ENTERPRISES PTY LTD,South Australia Regional DAMA,2026-01-08,2031-01-07
SA Construct Pty Ltd,South Australia Regional DAMA,2026-01-09,2031-01-08
V4U CARE SERVICES PTY LTD,South Australia Regional DAMA,2026-01-09,2031-01-08
SUSHIHIRO GROUP PTY LTD,South Australia Regional DAMA,2026-01-21,2031-01-20
ECK TRADING PTY LTD,South Australia Regional DAMA,2026-01-22,2031-01-21
DIRECT CARE (AUSTRALIA) PTY. LTD.,South Australia Regional DAMA,2026-01-22,2031-01-21
"SOUTHERN CROSS CARE (SA, NT & VIC) INCORPORATED",South Australia Regional DAMA,2026-01-22,2031-01-21
BETTER CARE DISABILITY SUPPORT SERVICES PTY LTD,South Australia Regional DAMA,2026-01-27,2031-01-26
SAFE PLACES FOR CHILDREN (WA) LIMITED,South West DAMA,2025-12-23,2030-12-22
NATACUS PTY LTD,South West DAMA,2026-01-06,2031-01-05
TOTAL HARVESTING PTY LTD,South West DAMA,2026-01-06,2031-01-05
B.M. & J.P. WATTS PTY LTD,South West DAMA,2026-01-16,2031-01-15
FAIRBRIDGE WA LIMITED,South West DAMA,2026-01-21,2031-01-20
BARRETT FUNERALS (WA) PTY LTD,South West DAMA,2026-01-27,2031-01-26
FRANCIS TRANSPORT GROUP PTY LTD,Townsville DAMA,2025-12-29,2030-12-28
Norwest Exploration Pty Ltd,Townsville DAMA,2026-01-07,2031-01-06
Bridgewater Q Pty Ltd,Townsville DAMA,2026-01-07,2030-01-06
AXR Group Pty Limited,Townsville DAMA,2026-01-08,2031-01-07
IGNATIUS PARK COLLEGE,Townsville DAMA,2026-01-14,2031-01-13
Green Leaves ELC Pty Ltd,Townsville DAMA,2026-01-20,2031-01-19
SWAN CHRISTIAN EDUCATION ASSN INC,WA DAMA,2025-12-22,2030-12-21
JB STRUCTURES PTY LTD,WA DAMA,2025-12-22,2030-12-21
PARAS CORPORATE PTY LTD,WA DAMA,2025-12-22,2030-12-21
JAGS HAULAGE PTY LTD,WA DAMA,2026-01-07,2031-01-06
ANNADALE WA PTY LTD,WA DAMA,2026-01-07,2031-01-06
LW's Grain Covering PTY LTD,WA DAMA,2026-01-08,2031-01-07
GIOCONDO PTY LTD,WA DAMA,2026-01-08,2031-01-07
JSK QUALITY HOLDINGS PTY LTD,WA DAMA,2026-01-08,2031-01-07
CLEIGHT PTY LTD,WA DAMA,2026-01-08,2031-01-07
HAYLEY ANN MARTIN,WA DAMA,2026-01-09,2031-01-08
RIVERLIGHT NOMINEES PTY LTD,WA DAMA,2026-01-09,2031-01-08
Reef Group Pty Ltd,WA DAMA,2026-01-09,2031-01-08
Bitumen Distributors Pty Ltd,WA DAMA,2026-01-09,2031-01-08
Hanssen Pty Ltd,WA DAMA,2026-01-13,2031-01-12
MAMMOTH CONTRACTING (WA) PTY LTD,WA DAMA,2026-01-15,2031-01-14
SG Carriers Pty Ltd,WA DAMA,2026-01-15,2031-01-14
ADC CONSTRUCTION PTY LIMITED,WA DAMA,2026-01-15,2031-01-14
CHRISTIAN ABORIGINAL PARENT DIRECTED SCHOOL,WA DAMA,2026-01-15,2031-01-14
ALPHA CARERS AUSTRALIA PTY LTD,WA DAMA,2026-01-16,2031-01-15
SWIFT HOLDINGS INVESTMENTS PTY LTD,WA DAMA,2026-01-21,2031-01-20
BT SERVICES ENTERPRISES PTY LTD,WA DAMA,2026-01-23,2031-01-22
NAZARETH CARE,WA DAMA,2026-01-23,2031-01-22
ORORA LIMITED,WA DAMA,2026-01-27,2031-01-26
DEPARTMENT OF EDUCATION,Goldfields DAMA,2025-12-29,2030-12-28
SKYWOOD NOMINEES PTY LTD,Goldfields DAMA,2026-01-08,2031-01-07
Arkle Farms (Operations) Pty Ltd,Goldfields DAMA,2026-01-12,2031-01-11
Bedingfeld Park Inc,Industry - Aged Care,2026-01-16,2031-01-15
Murravale Retirement Home LTD,Industry - Aged Care,2026-01-19,2031-01-18
Puunyart Partnership Pty Ltd,Industry - Dairy,2026-01-08,2031-01-07
Ashgrove Farms Tasmania Pty Ltd,Industry - Dairy,2026-01-15,2031-01-14
H&B PARRAMATTA PTY LTD,Industry – Premium Dining,2025-12-19,2030-12-18
CHU BRAND PTY LTD,Industry – Premium Dining,2025-12-19,2030-12-18
THE SANDERSON STEAK & OYSTERS PTY LTD,Industry – Premium Dining,2025-12-19,2030-12-18
The trustee for Chiswick Investment Trust & THE TRUSTEE FOR THE CHISWICK GARDENS TRUST,Industry – Premium Dining,2026-01-08,2031-01-07
POPOLO ITALIAN KITCHEN & BAR PTY LTD,Industry – Premium Dining,2026-01-19,2031-01-18
Spellbound Holdings Pty Ltd,Industry - Fishing,2026-01-02,2031-01-01
PAUL VIC GLAVOCICH,Industry - Horticulture,2026-01-05,2031-01-04
Cirillo Management Group Pty Ltd,Industry - Horticulture,2026-01-15,2031-01-14
DO FARMING INVESTMENT PTY LTD,Industry - Horticulture,2026-01-19,2031-01-18
INTERNATIONAL CENTER OF INTEGRAL THEOTHERAPY PTY LTD,Industry - Minister of Religion,2026-01-06,2031-01-05
ANAND ISHAR PTY. LTD.,Industry - Minister of Religion,2026-01-08,2031-01-07
WAT BUDDHA DHAMMA FOUNDATION LIMITED,Industry - Minister of Religion,2026-01-22,2031-01-21
Universal Builders Group Pty Ltd,Skilled Refugee Pilot,2026-01-09,2031-01-08
Improvision Group Pty Ltd,Skilled Refugee Pilot,2026-01-09,2031-01-08
I Rassa & A Rezayee,Skilled Refugee Pilot,2026-01-14,2031-01-13
G.S HUSSAINI & M HUSSAINI,Skilled Refugee Pilot,2026-01-23,2031-01-22
Singh Gill Farm Pty Ltd,Industry - Horticulture,2026-02-06,2031-02-05
UMAHANI PETROLEUM PTY LTD,Goulburn Valley DAMA,2026-02-02,2031-02-01
NJ FARMS GROUP PTY LTD,Industry - Dairy,2026-02-17,2031-02-16
CORD NOMINEES PTY LTD,WA DAMA,2026-02-16,2031-02-15
DCOH Services Pty Ltd,Northern Territory DAMA,2026-02-10,2031-02-09
CENTRE OF NEW LIFE SYDNEY INCORPORATED,Industry - Minister of Religion,2026-02-06,2031-02-05
JL Hunter Pty Ltd,Northern Territory DAMA,2026-02-13,2031-02-12
FOX ORCHARDS PTY LTD,South West DAMA,2026-02-10,2031-02-09
SINGH TRANS PTY LTD,WA DAMA,2026-02-13,2031-02-12
REI FONG PTY LTD,Company Specific,2026-02-03,2031-02-02
P.M MARTINEZ & R MARTINEZ & N TURNBULL,Orana DAMA,2026-02-10,2031-02-09
COLEMANS PRINTING ALICE SPRINGS PTY LTD,Northern Territory DAMA,2026-02-10,2031-02-09
DMCK PTY LTD,Industry - Dairy,2026-02-17,2031-02-16
Sweet World Company Pty Ltd,WA DAMA,2026-02-03,2031-02-02
ANDURANCE CARE SERVICE PTY LTD,Company Specific,2026-02-13,2031-02-12
MUTITJULU COMMUNITY ABORIGINAL CORPORATION,Northern Territory DAMA,2026-02-13,2031-02-12
FL Pools Pty Ltd,Northern Territory DAMA,2026-02-18,2031-02-17
INTRINSIC PROJECT PTY LTD,Company Specific,2026-02-03,2031-02-02
PREM PRAKASH MANDAL TEMPLE LTD.,Industry - Minister of Religion,2026-02-11,2031-02-10
EGU Panel Works Pty Ltd,Northern Territory DAMA,2026-02-05,2031-02-04
Silant Pty Ltd,Far North Queensland DAMA,2026-02-04,2031-02-04
Delvadee Pty Ltd,Industry - Pork,2026-02-18,2031-02-17
Oakey Beef Exports Pty Ltd,Industry - Meat,2026-02-18,2031-02-17
B.J FISCHER & K.L.M FISCHER,Industry - Dairy,2026-02-13,2031-02-12
WENG GROUP PTY LTD,South Australia Regional DAMA,2026-02-09,2031-02-08
A. M. CRANES & RIGGING PTY LTD,Northern Territory DAMA,2026-01-29,2031-01-28
CARPE DIEM COMMUNITY SERVICES PTY LTD,Northern Territory DAMA,2026-01-30,2031-01-29
CUCKOO VALLEY PTY LTD,Industry - Pork,2026-02-10,2031-02-09
Palmerston Camera House Pty Ltd,Northern Territory DAMA,2026-02-09,2031-02-08
HULA BAR PTY LTD,Pilbara DAMA,2026-02-12,2031-02-11
Yealeringa Pty Ltd,WA DAMA,2026-02-10,2031-02-09
THE Mining Pty Ltd,Northern Territory DAMA,2026-02-10,2031-02-09
Dais Build Pty Ltd,Skilled Refugee Pilot,2026-01-29,2031-01-28
PTM Pilbara Traffic Management Pty Ltd,WA DAMA,2026-02-13,2031-02-12
B WOODLEY & B.J WOODLEY,Far North Queensland DAMA,2026-01-29,2031-01-28
AUSTRALIAN REGIONAL AND REMOTE COMMUNITY SERVICES LIMITED,Industry - Aged Care,2026-02-06,2031-02-05
Gianotti Investment Pty. Ltd.,Townsville DAMA,2026-01-29,2031-01-28
SEALANES (1985) PTY LTD,Industry - Fishing,2026-02-17,2031-02-16
PRECISION VITICULTURE AUSTRALIA PTY LTD,South West DAMA,2026-02-09,2031-02-08
Jahani Tiling Pty Ltd,Skilled Refugee Pilot,2026-02-05,2031-02-04
Hair Obsession Nightcliff Pty Ltd,Northern Territory DAMA,2026-02-11,2031-02-10
NICOL & SON PRODUCE GROWERS PTY LTD,South Australia Regional DAMA,2026-02-13,2031-02-12
JOHN JAMIE VOGELS & ANDREW JOHN VOGELS,Industry - Dairy,2026-02-18,2031-02-17
K Food Land Pty Ltd,Northern Territory DAMA,2026-02-02,2031-02-01
CUNDA PTY LTD,Goulburn Valley DAMA,2026-02-10,2031-02-09
DAVID GORDON MAITLAND AND MARGOT JANE MAITLAND,South Australia Regional DAMA,2026-02-02,2031-02-01
INTEGRATED MANAGEMENT CONSULTANTS PTY LTD,WA DAMA,2026-01-29,2031-01-28
NGUYEN INVESTMENT AUS PTY LTD,Northern Territory DAMA,2026-02-06,2031-02-05
BOMBORA FISHING SERVICES PTY LTD,Industry - Fishing,2026-02-03,2031-02-02
WIGGINS ENTERPRISES WA PTY LTD & D WIGGINS & S WIGGINS,WA DAMA,2026-02-04,2031-02-03
ADELAIDE PAEDIATRICS PTY LTD,South Australia Regional DAMA,2026-02-04,2031-02-03
The Australian Asian Association of Western Australia Inc,WA DAMA,2026-02-05,2031-02-04
MIKA.ONE PTY LTD,Far North Queensland DAMA,2026-02-09,2031-02-08
DRILL-MAC PTY LTD,Company Specific,2026-02-10,2031-02-09
HamiltonJet Australia Pty Ltd,WA DAMA,2026-02-08,2031-02-07
TRUSTEES OF THE LEBANESE MARONITE ORDER,Industry - Minister of Religion,2026-02-06,2031-02-05
LEGACY DEVELOPMENTS PTY LTD,WA DAMA,2026-02-06,2031-02-05
SG FOODSERVICE PTY LTD,Industry – Premium Dining,2026-02-03,2031-02-02
HANDS ON PEOPLE PTY LTD,Northern Territory DAMA,2026-02-04,2031-02-03
KRASNA MOTORS PTY LTD,Company Specific,2026-02-05,2031-02-04
Burlington Berries Pty Ltd,Company Specific,2026-02-05,2031-02-04
LOCK DELTA PTY LTD,South Australia Regional DAMA,2026-02-18,2031-02-17
Robit Australia Pty Ltd,Goldfields DAMA,2026-02-03,2031-02-02
Wala-Anna Pty Ltd,Industry - Dairy,2026-02-13,2031-02-12
BETTAFIELD PIGGERY PTY. LTD.,Industry - Pork,2026-02-10,2031-02-09
STONEGOLD INVESTMENTS PTY. LTD.,Industry - Dairy,2026-02-16,2031-02-15
BROOKSTEAD FARMING COMPANY PTY. LTD.,East Kimberley DAMA,2026-01-29,2031-01-28
REMBRANDT LIVING INCORPORATED,Industry - Aged Care,2026-02-06,2031-02-05
CARRAMAR PTY LTD,Industry - Dairy,2026-02-18,2031-02-17
Springs cleaning & property services PTY LTD,Northern Territory DAMA,2026-02-04,2031-02-03
MACEDONIAN ORTHODOX CHURCH SAINT KLIMENT OF OHRID,Industry - Minister of Religion,2026-02-16,2031-02-15
JUST LIVING PTY LTD,South Australia Regional DAMA,2026-02-05,2031-02-04
Crust Farms Pty Ltd,Industry - Horticulture,2026-02-19,2031-02-18
C.A Chittick & G.A Chittick,Industry - Dairy,2026-02-19,2031-02-18
Bailey Brewing Company Pty Ltd,South West DAMA,2026-02-19,2031-02-18
Salmon Enterprises of Tasmania Pty Limited,Company Specific,2026-02-19,2031-02-18
Kornar Winmil Yunti Aboriginal Corporation,South Australia Regional DAMA,2026-02-19,2031-02-18
R.L HORTIN & Z.T HORTIN,Industry - Dairy,2026-02-20,2031-02-19
SUNLIGHT DISABILITY CARE PTY LTD,WA DAMA,2026-02-20,2031-02-19
G.T Wake & M.R Wake & S Wake,Industry - Dairy,2026-02-20,2031-02-19
RABWI PTY LTD,Industry - Dairy,2026-02-20,2031-02-19
MW PARRA PTY LTD,Industry – Premium Dining,2026-02-23,2031-02-22
DERBY LODGE (WA) PTY LTD,East Kimberley DAMA,2026-02-23,2031-02-22
KPR Trading Pty Ltd,Far North Queensland DAMA,2026-02-23,2031-02-22
West Coast Waste Pty Ltd,South West DAMA,2026-02-23,2031-02-22
ALICE DENTAL ASSOCIATES PTY. LTD.,Northern Territory DAMA,2026-02-24,2031-02-23
8 DIAMONDS PTY LTD,South Australia Regional DAMA,2026-02-24,2031-02-23
ANT AS PTY LTD,Northern Territory DAMA,2026-02-24,2031-02-23
MW Chadstone Pty Ltd,Industry – Premium Dining,2026-02-24,2031-02-23
ESTEBAN OPERATIONS PTY LTD,Industry – Premium Dining,2026-02-24,2031-02-23
JJJ TRUCK LINES PTY LTD,WA DAMA,2026-02-24,2031-02-23
AMSPEC AUSTRALIA PTY LTD,Company Specific,2026-02-24,2031-02-23
THE TRUSTEE FOR SOL BLIGH TRUST AND THE TRUSTEE FOR MASH BLIGH TRUST,Industry – Premium Dining,2026-02-24,2031-02-23
JUMIAN PTY LTD & THEDUGIES PTY. LTD.,Northern Territory DAMA,2026-02-24,2031-02-23
TERRITORY HEALTH AND SUPPORT PTY LTD,Northern Territory DAMA,2026-02-24,2031-02-23
P G & A C PARSONS,Industry - Dairy,2026-02-25,2031-02-24
M & W J McDougall Pty. Ltd.,Industry - Horticulture,2026-02-25,2031-02-24
L. MONDELLO & SON PTY. LTD.,South Australia Regional DAMA,2026-02-26,2031-02-25
BAJRANG PTY LTD,Industry - On-Hire,2026-02-26,2031-02-25
Mabunji Aboriginal Resource Indigenous Corporation,Northern Territory DAMA,2026-02-26,2031-02-25
LUMCORP DEVELOPMENTS PTY. LTD.,Industry - Dairy,2026-02-26,2031-02-25
JOHN GLEESON NOMINEES PTY. LTD.,Industry - Dairy,2026-02-26,2031-02-25
FOS AG PTY LTD,Industry - Dairy,2026-02-26,2031-02-25
NUMERALLA DAIRY CO. PTY. LTD.,Industry - Dairy,2026-02-26,2031-02-25
Anderlea Pork Pty Ltd,Industry - Pork,2026-02-26,2031-02-25
JBS AUSTRALIA PTY LIMITED,Company Specific,2026-02-27,2031-02-26
P S CONNOLLY ENTERPRISES PTY LTD,East Kimberley DAMA,2026-02-27,2031-02-26
DARWIN PERFORMING ARTS CENTRE,Northern Territory DAMA,2026-02-27,2031-02-26
Southern Cross Care (WA) Inc,Goldfields DAMA,2026-02-27,2031-02-26
SYNERGY AIR CONDITIONING SERVICES PTY LTD,WA DAMA,2026-02-27,2031-02-26
Neptunes Grotto Pty Limited,Industry – Premium Dining,2026-02-27,2031-02-26
Flinders and Upper North Local Health Network Incorporated,South Australia Regional DAMA,2026-02-27,2031-02-26
AW AG Contracting Pty Ltd,Industry - Dairy,2026-03-02,2031-03-01
W J SIMPSON & W J & P M SIMPSON PTY LTD,Industry - Dairy,2026-03-02,2031-03-01
D E CARPENTERS PTY LTD,East Kimberley DAMA,2026-03-02,2031-03-01
HIGHLAND TURF PTY LIMITED,Industry - Horticulture,2026-03-02,2031-03-01
The Box Company Pty Ltd,Industry - Horticulture,2026-03-02,2031-03-01
KISMET ISLAND ENTERPRISES PTY LTD,WA DAMA,2026-03-03,2031-03-02
CAPAH MULTICULTURAL ASSOCIATION INCORPORATED,Industry - Aged Care,2026-03-03,2031-03-02
Australia Lemon Myrtle Products Pty Ltd,Far North Queensland DAMA,2026-03-03,2031-03-02
DARWIN OFFICE TECHNOLOGY PTY LTD,Northern Territory DAMA,2026-03-03,2031-03-02
ACRS COMMUNITY SERVICES PTY LTD,Northern Territory DAMA,2026-03-04,2031-03-03
HOLMES FAMILY DENTAL CLINIC PTY LTD,South Australia Regional DAMA,2026-03-04,2031-03-03
T KAUR & M SINGH,Orana DAMA,2026-03-04,2031-03-03
NORTHERN TERRITORY OF AUSTRALIA,Northern Territory DAMA,2026-03-04,2031-03-03
APH CONTRACTORS PTY LTD,South West DAMA,2026-03-04,2031-03-03
NAROLLAHO DEVELOPMENTS PTY LTD AND NAROLLAHO NOMINEES PTY LTD,Orana DAMA,2026-03-04,2031-03-03
JAILEIGH PTY LTD,Industry - Dairy,2026-03-05,2031-03-04
SHIZAS HOLDINGS PTY LTD,South Australia Regional DAMA,2026-03-05,2031-03-04
LUXURY MOTEL PTY LTD,Townsville DAMA,2026-03-05,2031-03-04
Core Traffic Control Pty Ltd,Northern Territory DAMA,2026-03-05,2031-03-04
AusRoadways Pty Ltd,Goulburn Valley DAMA,2026-03-05,2031-03-04
JOSHEM PTY. LTD.,Industry – Premium Dining,2026-03-05,2031-03-04
P.R. MCCULLOCH PTY LTD,Industry - Fishing,2026-03-06,2031-03-05
LUTHERAN HOMES GROUP INC,Great South Coast DAMA,2026-03-06,2031-03-05
BILINGUAL CARE WORKER CO-OPERATIVE OF AUSTRALIA LIMITED,Industry - Aged Care,2026-03-06,2031-03-05
Perth Materials Blowing Pty Ltd,WA DAMA,2026-03-06,2031-03-05
Roseleigh PR Pty Ltd,Industry - Pork,2026-03-06,2031-03-05
Malankara Archdiocese of the Syrian Orthodox Church in Australia Incorporated,Industry - Minister of Religion,2026-03-10,2031-03-09
Children's Integrated Management Services Ltd,Northern Territory DAMA,2026-03-10,2031-03-09
NORWEST FISHING CO. PTY LTD,Industry - Fishing,2026-03-10,2031-03-09
LCDF TRADING PTY LTD,South Australia Regional DAMA,2026-03-10,2031-03-09
NGAANYATJARRA PITJANTJATJARA YANKUNYTJATJARA WOMEN'S COUNCIL ABORIGINAL CORPORATION,Northern Territory DAMA,2026-03-10,2031-03-09
Adelaide Expo Hire Pty Ltd,South Australia Regional DAMA,2026-03-12,2031-03-11
KHALSA ENTERPRISES PTY LTD,WA DAMA,2026-03-12,2031-03-11
NMM&C Pty LTD,Great South Coast DAMA,2026-03-12,2031-03-11
THE MORTLAKE THAI PTY LTD,Great South Coast DAMA,2026-03-12,2031-03-11
DREAMEDIA EVENTS PTY LIMITED,Northern Territory DAMA,2026-03-12,2031-03-11
NASSER RETAIL PTY LTD,Far North Queensland DAMA,2026-03-12,2031-03-11
TRANSFORMATION PACKAGES PTY LTD,South Australia Regional DAMA,2026-03-12,2031-03-11
Portland Memorial Bowling Club Inc,Great South Coast DAMA,2026-03-13,2031-03-12
YALLOOK PTY. LTD.,Industry - Dairy,2026-03-13,2031-03-12
COBDEN DISTRICT HEALTH SERVICES INC,Great South Coast DAMA,2026-03-13,2031-03-12
BARKLY REGIONAL ARTS INC,Northern Territory DAMA,2026-03-13,2031-03-12
LITTLE PHETE PTY LTD,WA DAMA,2026-03-16,2031-03-15
JAYELL INVESTMENTS PTY. LTD.,Goulburn Valley DAMA,2026-03-16,2031-03-15
GO.FARM OPERATIONS PTY LTD,Orana DAMA,2026-03-16,2031-03-15
CHURCH OF SCIENTOLOGY AUSTRALIA,Industry - Minister of Religion,2026-03-16,2031-03-15
Furnace Technologies Pty Ltd,WA DAMA,2026-03-16,2031-03-15
SHIVAANSH PTY LTD,Great South Coast DAMA,2026-03-17,2031-03-16
Macleay River Production Pty Limited,Industry - Meat,2026-03-17,2031-03-16
Clover Wine pty ltd,Industry – Premium Dining,2026-03-17,2031-03-16
TILESANDSMILES PTY LTD,Skilled Refugee Pilot,2026-03-17,2031-03-16
GIUSEPPE GIOIA PTY LTD,Orana DAMA,2026-03-17,2031-03-16
Temba Orchards Pty. Limited,Industry - Horticulture,2026-03-18,2031-03-17
MINOR HOTELS AUSTRALASIA LIMITED,East Kimberley DAMA,2026-03-18,2031-03-17
CARE & CONNECTS PTY LTD,South Australia Regional DAMA,2026-03-18,2031-03-17
HECHO EN MEXICO WARRNAMBOOL PTY LTD,Great South Coast DAMA,2026-03-18,2031-03-17
MANULIFE INVESTMENT MANAGEMENT FARMLAND MANAGEMENT SERVICES (AUSTRALIA) PTY LTD,Industry - Horticulture,2026-03-19,2031-03-18
KP Inter Pty Ltd,Orana DAMA,2026-03-19,2031-03-18
Hay and Co Farms Pty Ltd,Industry - Dairy,2026-03-19,2031-03-18
Wye Dairying Pty Ltd,Industry - Dairy,2026-03-19,2031-03-18
RS HUNTER PTY LTD,Industry – Premium Dining,2026-03-19,2031-03-18
PADDINGTON GOLD PTY LIMITED,Goldfields DAMA,2026-03-19,2031-03-18
J KNIGHT & S.M KNIGHT,Industry - Dairy,2026-03-19,2031-03-18
B & J MCLEOD HOLDINGS PTY LTD,Great South Coast DAMA,2026-03-20,2031-03-19
CONNECT 2 NURSING AND HOME CARE PTY LTD,Industry - Aged Care,2026-03-20,2031-03-19
Tuckerbox NT Pty Ltd,Northern Territory DAMA,2026-03-20,2031-03-19
Department of Defence,Company Specific,2026-03-20,2031-03-19
ABODE PROPERTY MANAGEMENT PTY LTD,Northern Territory DAMA,2026-03-20,2031-03-19
Brown's Tyres PTY LTD,South West DAMA,2026-03-24,2031-03-23
K Sharma & Associates Pty Ltd,Orana DAMA,2026-03-24,2031-03-23
HILLS ENTERPRISES PTY LIMITED,WA DAMA,2026-03-24,2031-03-23
GILLEBRI COTTON CO PTY LTD,Industry - Horticulture,2026-03-24,2031-03-23
Gilmac Pty Ltd,WA DAMA,2026-03-24,2031-03-23
Lutheran Aged Care Albury,Orana DAMA,2026-03-25,2031-03-24
S C Lindsay Pty Ltd,Northern Territory DAMA,2026-03-25,2031-03-24
S.J Baxter & D.E Baxter,Goldfields DAMA,2026-03-25,2031-03-24
ATTUNED CARE PTY LTD,South Australia Regional DAMA,2026-03-26,2031-03-25
FIELDY'S INVESTMENTS PTY LTD,East Kimberley DAMA,2026-03-26,2031-03-25
LILLYLOU PTY LTD,Great South Coast DAMA,2026-03-26,2031-03-25
MACINTYRE PTY LTD,Industry - Meat,2026-03-26,2031-03-25
TEARS I CRY PTY LTD,Industry - Dairy,2026-03-26,2031-03-25
Rabado Hospitality Pty Ltd,Industry – Premium Dining,2026-03-26,2031-03-25
Dhamma Vijaya Buddhist Vihara Incorporated,Industry - Minister of Religion,2026-03-26,2031-03-25
TOTT RETAIL PTY LTD,Orana DAMA,2026-03-26,2031-03-25
CASSANDRA MAY & ANDREW JOHN KATH,Industry - Dairy,2026-03-26,2031-03-25
Direct Injection Systems Pty Ltd,Townsville DAMA,2026-03-27,2031-03-26
Kenviro Pty Ltd,WA DAMA,2026-03-27,2031-03-26
Australian Episcopal Conference of the Roman Catholic Church,Industry - Minister of Religion,2026-03-27,2031-03-26
Airvoice Retail Group Pty Ltd,South Australia Regional DAMA,2026-03-27,2031-03-26
Ci Sun Cultural Centre Incorporated,Industry - Minister of Religion,2026-03-30,2031-03-29
Keldan Commercial Pty Ltd,Industry - On-Hire,2026-03-30,2031-03-29
Rick Shores Pty Ltd,Industry – Premium Dining,2026-03-30,2031-03-29
IGLESIA NI CRISTO,Industry - Minister of Religion,2026-03-30,2031-03-29
HOPKINS FALLS FARMS PTY LTD,Industry - Dairy,2026-03-30,2031-03-29
Gandarra Park Pty Ltd,Industry - Dairy,2026-03-30,2031-03-29
St Andrew's Village Ballina Ltd,Industry - Aged Care,2026-03-30,2031-03-29
A.B. HUNTER FISHING NOMINEES PTY. LTD.,Industry - Fishing,2026-03-30,2031-03-29
BARRIE ARNOLD PTY. LTD.,Orana DAMA,2026-03-31,2031-03-30
Firesafe Group Pty Ltd,WA DAMA,2026-03-31,2031-03-30
THE PERTH DIOCESAN TRUSTEES,Industry - Minister of Religion,2026-03-31,2031-03-30
WEIR MINERALS AUSTRALIA LTD,Goldfields DAMA,2026-03-31,2031-03-30
C. & W. NOMINEES PTY LTD,WA DAMA,2026-03-31,2031-03-30
Billangerie Pty Ltd,Northern Territory DAMA,2025-11-28,2030-11-27
MANN INDEPENDENT LIVING PTY LTD,South Australia Regional DAMA,2026-04-01,2031-03-31
VIGR HOLDINGS PTY LTD,Northern Territory DAMA,2026-04-01,2031-03-31
EYRE Peninsula Old Folks Home INC,Industry - Aged Care,2026-04-01,2031-03-31
OUTBACK MEATS COMPANY PTY LTD,Orana DAMA,2026-04-01,2031-03-31
JASSAR ENTERPRISES PTY LTD,WA DAMA,2026-04-01,2031-03-31
KESTREL CLEANING SERVICES & SUPPLIES PTY LTD,Pilbara DAMA,2026-04-02,2031-04-01
CREATOR CARE PTY LTD,Orana DAMA,2026-04-02,2031-04-01
Odyssey Holiday Group Pty Ltd,Great South Coast DAMA,2026-04-02,2031-04-01
Plasterboard Ceiling Pty Ltd,WA DAMA,2026-04-07,2031-04-06
HBK Holdings Pty Ltd,Company Specific,2026-04-07,2031-04-06
Shelter Cafe Pty Ltd,Great South Coast DAMA,2026-04-07,2031-04-06
Munda Pastoral Co Pty Ltd,Pilbara DAMA,2026-04-07,2031-04-06
Paraman Fabrication Pty ltd,WA DAMA,2026-04-07,2031-04-06
GUNDJEIHMI ABORIGINAL CORPORATION,Northern Territory DAMA,2026-04-07,2031-04-06
THE DOBBIE DICO METER COMPANY (W.A.) PTY LIMITED,WA DAMA,2026-04-08,2031-04-07
CONVENIENCE MARKETING SOLUTION PTY LTD,WA DAMA,2026-04-08,2031-04-07
PRIME ROADLINES PTY LTD,WA DAMA,2026-04-08,2031-04-07
FLOREAT CAFE PTY. LTD.,WA DAMA,2026-04-08,2031-04-07
AGNES RIVER DAIRY PTY LTD & H PRUYN & AGNES RIVER PASTORAL PTY LTD,Industry - Dairy,2026-04-08,2031-04-07
ORANGE DEALERSHIP PTY LTD,Orana DAMA,2026-04-08,2031-04-07
"ABDUL QUDDOOS AL-AZHARI, AHMED ABDULLAH AZHARI AND MOHAMMAD ABDUR RAHMAN AZAHRI",Industry - Minister of Religion,2026-04-09,2031-04-08
Mr Adrian H & Mrs Vickie M Bond,Industry - Dairy,2026-04-09,2031-04-08
SAILING INGREDIENTS PTY LTD,Industry – Premium Dining,2026-04-09,2031-04-08
Denium Dairy Pty Ltd,Industry - Dairy,2026-04-09,2031-04-08
L PARSONS & L.J PARSONS,Industry - Dairy,2026-04-09,2031-04-08
Australian Regional & Remote Community Services Limited,Northern Territory DAMA,2026-04-09,2031-04-08
DIRECT CARE ASSISTANCE PTY LTD,Company Specific,2026-04-09,2031-04-08
Preadvocate Legal Pty Ltd,Skilled Refugee Pilot,2026-04-09,2031-04-08
SEVENTH DAY ADVENTIST CHURCH (NORTHERN AUSTRALIAN CONFERENCE) LIMITED,Industry - Minister of Religion,2026-04-09,2031-04-08
COOINDA COONABARABRAN LIMITED,Orana DAMA,2026-04-10,2031-04-09
TIRO INDUSTRIES PTY LTD,WA DAMA,2026-04-10,2031-04-09
WONDAPHIL PORK COMPANY PTY LTD,Industry - Pork,2026-04-10,2031-04-09
WOORI SARANG PTY LTD,Company Specific,2026-04-10,2031-04-09
SUNHUB PTY LTD,Company Specific,2026-04-10,2031-04-09
Mt Boothby Pastoral Pty Ltd,Industry - Pork,2026-04-10,2031-04-09
Majestic Hotel Group Pty Ltd,Northern Territory DAMA,2026-04-10,2031-04-09
Naracoorte Home for the Aged Inc,Industry - Aged Care,2026-04-10,2031-04-09
Inland Truck Centres Pty Ltd,Orana DAMA,2026-04-10,2031-04-09
MJ & AM Urquhart Pty Ltd,Orana DAMA,2026-04-10,2031-04-09
ELM Group Pty Ltd,Orana DAMA,2026-04-13,2031-04-12
CNC CARE PTY LTD,Company Specific,2026-04-13,2031-04-12
PARKVIEW HOSPITALITY PTY LTD,Orana DAMA,2026-04-13,2031-04-12
Balranald Shire Council,Orana DAMA,2026-04-13,2031-04-12
KC STATION PTY LTD,Northern Territory DAMA,2026-04-13,2031-04-12
COLLECTIVE PB PTY LTD,Industry – Premium Dining,2026-04-13,2031-04-12
G & S Vagg,Industry - Dairy,2026-04-14,2031-04-13
TOPVIEW BRISBANE PTY LTD,Industry - Horticulture,2026-04-14,2031-04-13
GINTONIC PTY LTD,Industry – Premium Dining,2026-04-14,2031-04-13
Gran Torino Ristorante Pty Ltd,Industry – Premium Dining,2026-04-14,2031-04-13
Esperance By The Sea Pty Ltd,Goldfields DAMA,2026-04-14,2031-04-13
FJ HOLDINGS NT PTY LTD,Northern Territory DAMA,2026-04-15,2031-04-14
The Meat & Wine Co (Aerial) Pty Ltd,Industry – Premium Dining,2026-04-15,2031-04-14
JH GROUP NT PTY LTD,Northern Territory DAMA,2026-04-15,2031-04-14
6 Head WA Pty Ltd,Industry – Premium Dining,2026-04-15,2031-04-14
SNB VIC PTY LTD,Industry – Premium Dining,2026-04-15,2031-04-14
Swaastik Pty Ltd,Goulburn Valley DAMA,2026-04-15,2031-04-14
TYWC PTY LTD,South West DAMA,2026-04-16,2031-04-15
KT ENTERPRISES (NT) PTY LTD,Northern Territory DAMA,2026-04-16,2031-04-15
B R BROTHERS PTY LTD,Great South Coast DAMA,2026-04-16,2031-04-15
EMMALEW PTY LTD,Great South Coast DAMA,2026-04-16,2031-04-15
Wine Bay Pty Ltd,Industry – Premium Dining,2026-04-16,2031-04-15
Hendry Pty Ltd,South West DAMA,2026-04-16,2031-04-15
SLADIN PTY LTD,Industry - Dairy,2026-04-17,2031-04-16
COROWA R S L CLUB LTD,Orana DAMA,2026-04-17,2031-04-16
Martins Stock Haulage Pty Ltd,Orana DAMA,2026-04-17,2031-04-16
DTOWN COFFEE ROASTERS PTY LTD,Northern Territory DAMA,2026-04-17,2031-04-16
MNBR Operations Pty Ltd,WA DAMA,2026-04-17,2031-04-16
DALKEITH ELC PTY LTD,WA DAMA,2026-04-17,2031-04-16
Canterbury Presbyterian Church,Industry - Minister of Religion,2026-04-17,2031-04-16
SD SMAR PTY. LTD.,Industry - On-Hire,2026-04-17,2031-04-16
Hofmann Engineering Pty Ltd,WA DAMA,2026-04-17,2031-04-16
PELLEGRINO'S 2000 PTY LIMITED,Industry – Premium Dining,2026-04-17,2031-04-16
SAM'S PLAZA PIZZA BAR (SA) PTY LTD,South Australia Regional DAMA,2026-04-20,2031-04-19
24/7 CARE PROVIDERS PTY LTD,Company Specific,2026-04-20,2031-04-19
OOMA ENTERPRISES NSW PTY LIMITED,Orana DAMA,2026-04-20,2031-04-19
INDUSTRIAL LIGHT & MAGIC (AUSTRALIA) PTY. LIMITED,Company Specific,2026-04-20,2031-04-19
VANGUARD CARE COMMUNITIES PTY LTD,Industry - Aged Care,2026-04-20,2031-04-19
Hotel & Resort Investments Australia Pty Ltd,Industry – Premium Dining,2026-04-21,2031-04-20
MAHA RESTAURANT PTY LTD,Industry – Premium Dining,2026-04-21,2031-04-20
STARTUP CHURCH INCORPORATED,Industry - Minister of Religion,2026-04-21,2031-04-20
SB Services Pty Ltd,Company Specific,2026-04-23,2031-04-22
ACCIONA CONSTRUCTION AUSTRALIA PTY LTD,Company Specific,2026-04-30,2031-04-29
MVGL Pty Ltd,Far North Queensland DAMA,2026-04-22,2031-04-21
HILLCROFT FARMS PTY LTD,WA DAMA,2026-04-22,2031-04-21
K2 Queens Court Pty Ltd,Far North Queensland DAMA,2026-04-22,2031-04-21
Australian Regional & Remote Community Services Limited,South Australia Regional DAMA,2026-04-22,2031-04-21
JOLONG AUSTRALIA (SA) PTY LTD,South Australia Regional DAMA,2026-04-22,2031-04-21
Deprofit Pty Ltd,Goldfields DAMA,2026-04-22,2031-04-21
Rock on Ground Pty Ltd,Goldfields DAMA,2026-04-22,2031-04-21
ITALIAN AGED CARE INCORPORATED,WA DAMA,2026-04-22,2031-04-21
CONTAINMENT GROUP PTY LTD,WA DAMA,2026-04-22,2031-04-21
Vegie Bandits PTY Ltd,Goldfields DAMA,2026-04-23,2031-04-22
Outback Parks and Lodges Pty Ltd,Northern Territory DAMA,2026-04-23,2031-04-22
G BAGGIO & G BAGGIO & F BORRIELLO,South West DAMA,2026-04-23,2031-04-22
SO CAIRNS PTY LTD,Far North Queensland DAMA,2026-04-23,2031-04-22
"FLYNN, MARIAN",Northern Territory DAMA,2026-04-24,2031-04-23
SKYWOOD NOMINEES PTY LTD,Goldfields DAMA,2026-04-24,2031-04-23
NXT Group Pty Ltd,Goldfields DAMA,2026-04-27,2031-04-26
VISION ARRAY PTY LTD,Goldfields DAMA,2026-04-27,2031-04-26
TCS SHIPWRIGHT & JOINERY PTY LTD,Far North Queensland DAMA,2026-04-27,2031-04-26
"MARTINEZ, ROBERT NATHAN",Orana DAMA,2026-04-27,2031-04-26
KEATON MANAGEMENT PTY LTD,Pilbara DAMA,2026-04-27,2031-04-26
KATHERINE COUNTRY CLUB INC,Northern Territory DAMA,2026-04-27,2031-04-26
ELLEN RESOURCE MANAGEMENT PTY LTD,South Australia Regional DAMA,2026-04-27,2031-04-26
A CHAONAPHAI & P PANTONG,Northern Territory DAMA,2026-04-28,2031-04-27
Broome Turf Club Incorporated,East Kimberley DAMA,2026-04-28,2031-04-27
L H S Rocktools (Australia) Pty Ltd,Goldfields DAMA,2026-04-28,2031-04-27
Infinity Supports WA Pty Ltd,WA DAMA,2026-04-28,2031-04-27
S & C DENNEY HOLDINGS PTY. LIMITED,Orana DAMA,2026-04-28,2031-04-27
Y & F (DUMPLING) PTY LTD,Northern Territory DAMA,2026-04-28,2031-04-27
Vaishnavi Pty Ltd,Goldfields DAMA,2026-04-28,2031-04-27
MANTRA HOSPITALITY ADMIN PTY LTD,East Kimberley DAMA,2026-04-28,2031-04-27
Lannawealth Pty Ltd,South Australia Regional DAMA,2026-04-28,2031-04-27
VALCAM PTY LTD,East Kimberley DAMA,2026-04-29,2031-04-28
Tymak Pty Ltd,Townsville DAMA,2026-04-29,2031-04-28
PIONEER TRAVEL SERVICE PTY LTD,Far North Queensland DAMA,2026-04-29,2031-04-28
SHREE MARUTI FOOD PTY LTD,Northern Territory DAMA,2026-04-29,2031-04-28
PXP GROUP PTY LTD,Northern Territory DAMA,2026-04-29,2031-04-28
PROCON DEVELOPMENTS (AUSTRALIA) PTY LTD,WA DAMA,2026-04-29,2031-04-28
Ozcare,Townsville DAMA,2026-04-30,2031-04-29
INVOKE STONE PTY LTD,South Australia Regional DAMA,2026-04-30,2031-04-29
Blue Spec Drilling Pty Ltd,Goldfields DAMA,2026-04-30,2031-04-29
Westdale Employees Pty Ltd,Orana DAMA,2026-04-30,2031-04-29
REMOVALS WEST PTY LTD,WA DAMA,2026-04-30,2031-04-29
K.G PARKER & S.D PARKER & B.R. PARKER & R.J. PARKER,Industry - Dairy,2026-04-21,2031-04-20
RIVERSLEA FARMS PTY LTD,Industry - Dairy,2026-04-24,2031-04-23
A.R. & M.A. BACON PTY LTD,Industry - Dairy,2026-04-27,2031-04-26
Cleelands Holdings Pty Ltd,Industry - Dairy,2026-04-28,2031-04-27
Dominic Robert Dare,Industry - Dairy,2026-04-29,2031-04-28
KINGSFORD FARMS PTY LTD,Industry - Dairy,2026-04-30,2031-04-29
GRACIE P PTY LTD,Industry - Fishing,2026-04-22,2031-04-21
Cairns Little Seafood Market Pty Ltd,Industry - Fishing,2026-04-24,2031-04-23
L.D. & P.M. Burns Pty. Ltd.,Industry - Horticulture,2026-04-28,2031-04-27
"DU PLESSIS, CAREL MERWE",Industry - Horticulture,2026-04-29,2031-04-28
ONTARIO MANGOES PTY LTD,Industry - Horticulture,2026-04-30,2031-04-29
FORTH FARM PRODUCE PTY. LTD.,Industry - Horticulture,2026-04-30,2031-04-29
SYDNEY MANNA CHURCH,Industry - Minister of Religion,2026-04-21,2031-04-20
Sovereign Grace Bible Church Incorporated,Industry - Minister of Religion,2026-04-27,2031-04-26
Hindu Mandir Association of Queensland Inc,Industry - Minister of Religion,2026-04-27,2031-04-26
PERTH CHINESE CHRISTIAN CHURCH,Industry - Minister of Religion,2026-04-28,2031-04-27
SYDNEY GREAT HARVEST CHURCH INCORPORATED,Industry - Minister of Religion,2026-04-28,2031-04-27
Healthcare Australia Pty Ltd,Industry - On-Hire,2026-04-29,2031-04-28
MURES UPPER DECK PTY LTD,Industry – Premium Dining,2026-04-27,2031-04-26
Peterson House Ltd,Industry – Premium Dining,2026-04-28,2031-04-27
Summer Salt Cronulla Pty Ltd,Industry – Premium Dining,2026-04-29,2031-04-28
JAPU790 PTY LTD,Industry – Premium Dining,2026-04-29,2031-04-28
The Trustee for Mash Bondi Trust & The Trustee for NBI Trust,Industry – Premium Dining,2026-04-29,2031-04-28
Unique Decorating and Painting Pty Ltd,Skilled Refugee Pilot,2026-04-24,2031-04-23
JADE UPHOLSTERY PTY. LIMITED,Skilled Refugee Pilot,2026-04-24,2031-04-23
A1 MALAGA AUTO DISMANTLERS PTY LTD,Skilled Refugee Pilot,2026-04-28,2031-04-27
LITTLE COMPANY OF MARY HEALTH CARE LIMITED,Skilled Refugee Pilot,2026-04-30,2031-04-29
Central Adelaide Local Health Network Incorporated,Company Specific,2026-05-05,2031-05-04
THE REHABILITATION COMPANY PTY. LTD.,Company Specific,2026-05-06,2031-05-05
North West Ginning Pty Limited,Company Specific,2026-05-07,2031-05-06
JB Care Pty Ltd,Company Specific,2026-05-11,2031-05-10
Ben Eder Corporation Pty Ltd,Company Specific,2026-05-13,2031-05-12
CMCS NETWORKS PTY LTD,Company Specific,2026-05-18,2031-05-17
KS LIFE CARE PTY LTD,Company Specific,2026-05-18,2031-05-17
LEADWOOD PTY LTD,Company Specific,2026-05-26,2031-05-25
BELLA COMMUNITY & HOME CARE PTY LTD,Company Specific,2026-05-29,2031-05-28
ROVRAJ TRADING PTY LTD,Northern Territory DAMA,2025-12-13,2030-12-12
ARIMIA PTY LTD,South West DAMA,2026-02-04,2031-02-03
SUNDANCE TRANSPORT PTY LTD,WA DAMA,2026-05-01,2031-04-30
Diverse Abilities Wellbeing Network Pty Ltd,Townsville DAMA,2026-05-01,2031-04-30
Axis Mineral Services Pty Ltd,Goldfields DAMA,2026-05-01,2031-04-30
BHATTI FRUIT ORCHARDS PTY. LTD.,Goulburn Valley DAMA,2026-05-01,2031-04-30
HARI EQUIPMENTS PTY LTD,South Australia Regional DAMA,2026-05-01,2031-04-30
Zora Logistics Pty Ltd,Goldfields DAMA,2026-05-01,2031-04-30
WEST POINT FARMING PTY LTD,WA DAMA,2026-05-04,2031-05-03
Mobile Plant & Equipment Hire Pty Ltd,Goldfields DAMA,2026-05-04,2031-05-03
KANGAROO DISABILITY SERVICES PTY LTD,South Australia Regional DAMA,2026-05-04,2031-05-03
PLUMMERS INDUSTRIES PTY LTD,WA DAMA,2026-05-05,2031-05-04
GINO'S AUTOMOTIVE ACCIDENT REPAIR CENTRE PTY LTD,WA DAMA,2026-05-05,2031-05-04
AIR VOICE SUPERMARKETS PTY LTD,Goldfields DAMA,2026-05-05,2031-05-04
BERTRAM COTTAGES PTY LTD,WA DAMA,2026-05-06,2031-05-05
Y AND F (CBD) PTY LTD,Northern Territory DAMA,2026-05-06,2031-05-05
GT Boilermaking Pty Ltd,Goldfields DAMA,2026-05-06,2031-05-05
JOBIZE PTY LTD,Northern Territory DAMA,2026-05-06,2031-05-05
SPIROU SEAFOOD AND SALAD PTY LTD,South Australia Regional DAMA,2026-05-06,2031-05-05
Norwest Pest Management Pty Ltd,East Kimberley DAMA,2026-05-07,2031-05-06
CJW Corporation Pty Ltd,East Kimberley DAMA,2026-05-12,2031-05-11
POSITIVE PURPOSE CARE PTY LTD,East Kimberley DAMA,2026-05-21,2031-05-20
Counting House Associates Pty Ltd,Far North Queensland DAMA,2026-05-06,2031-05-05
Nadim's Mechanical PTY LTD,Far North Queensland DAMA,2026-05-22,2031-05-21
PFM MANAGEMENT PTY LTD,Far North Queensland DAMA,2026-05-26,2031-05-25
EMPOWERING PEOPLE IN COMMUNITIES (EPIC) INC,Goldfields DAMA,2026-05-06,2031-05-05
WA Brewing Co Pty Ltd,Goldfields DAMA,2026-05-07,2031-05-06
HARE FAMILY GROUP PTY LTD,Goldfields DAMA,2026-05-11,2031-05-10
KALGOORLIE FISH AND CHIPS PTY LTD,Goldfields DAMA,2026-05-14,2031-05-13
REDPATH AUSTRALIA PTY LIMITED,Goldfields DAMA,2026-05-14,2031-05-13
E.V MUDIE & N.S MUDIE,Goldfields DAMA,2026-05-15,2031-05-14
ENVISION 24 PTY LTD,Goldfields DAMA,2026-05-15,2031-05-14
SYLVESTER PTY LTD,Goldfields DAMA,2026-05-19,2031-05-18
R.A EBERT & T.S EBERT & RODNEY ALAN EBERT AND TRACEY SUZANNE EBERT,Goldfields DAMA,2026-05-20,2031-05-19
REDPATH CONTRACT SERVICES PTY LTD,Goldfields DAMA,2026-05-26,2031-05-25
MATCHBURY ENTERPRISES PTY. LTD.,Goldfields DAMA,2026-05-26,2031-05-25
VEOLIA ENVIRONMENTAL SERVICES (AUSTRALIA) PTY LTD,Goldfields DAMA,2026-05-29,2031-05-28
SRG GLOBAL MINING (AUSTRALIA) PTY LTD,Goldfields DAMA,2026-05-29,2031-05-28
LEISELE PASTORAL COMPANY PTY LTD & WESTLANDS GRAZING PTY LTD,Goldfields DAMA,2026-05-29,2031-05-28
AUSTRALIAN INDEPENDENT RURAL RETAILERS PTY LTD,Goulburn Valley DAMA,2026-05-27,2031-05-26
REEVE BULK FOOD TRANSPORT PTY LIMITED,Goulburn Valley DAMA,2026-05-28,2031-05-27
DG CHEN PTY LTD,Northern Territory DAMA,2026-05-06,2031-05-05
GOFORCE ENTERPRISE PTY LTD,Northern Territory DAMA,2026-05-06,2031-05-05
TK COMMUNITY CARE SERVICES PTY LTD,Northern Territory DAMA,2026-05-07,2031-05-06
Gateway Fresh Food Pty Ltd,Northern Territory DAMA,2026-05-07,2031-05-06
NORTHLINE PARTNERSHIP,Northern Territory DAMA,2026-05-07,2031-05-06
SLC PALMERSTON PTY LTD,Northern Territory DAMA,2026-05-11,2031-05-10
"NGUYEN, DUONG VAN",Northern Territory DAMA,2026-05-11,2031-05-10
SYDNEY/DARWIN EXPRESS PTY LIMITED,Northern Territory DAMA,2026-05-14,2031-05-13
POLITIS ROOFING PTY. LTD.,Northern Territory DAMA,2026-05-15,2031-05-14
"CENTANNI, VALERIA",Northern Territory DAMA,2026-05-18,2031-05-17
Golden Nail NT Pty Ltd,Northern Territory DAMA,2026-05-25,2031-06-24
H DAU & T LE,Northern Territory DAMA,2026-05-26,2031-05-25
Darwin Airport Resort Operating Company Pty Ltd,Northern Territory DAMA,2026-05-28,2031-05-27
THE ELCHO GROUP PTY LTD,Northern Territory DAMA,2026-05-28,2031-05-27
HELIX CONSTRUCTION GROUP PTY LIMITED,Orana DAMA,2026-05-06,2031-05-05
BILLING ROADLINES PTY LTD,Orana DAMA,2026-05-19,2031-05-18
Multiquip Agrregates Pty Ltd,Orana DAMA,2026-05-21,2031-05-20
FLASH LINE MARKETING PTY LTD,Orana DAMA,2026-05-21,2031-05-20
Kubic Transport Pty Ltd,Orana DAMA,2026-05-28,2031-05-27
RUM HOLDINGS PTY LTD,Pilbara DAMA,2026-05-08,2031-05-07
NAT&US PTY. LTD.,South Australia Regional DAMA,2026-05-06,2031-05-05
The Renmark Hotel Incorporated,South Australia Regional DAMA,2026-05-06,2031-05-05
CHENNAI SWEETS PTY LTD,South Australia Regional DAMA,2026-05-21,2031-05-20
Be Clean Services Pty Ltd,South Australia Regional DAMA,2026-05-26,2031-05-25
Skah International Pty Ltd,South Australia Regional DAMA,2026-05-28,2031-05-27
Sunshine Bunbury PTY LTD,South West DAMA,2026-05-08,2031-05-07
CHOW'S TABLE PTY LTD,South West DAMA,2026-05-26,2031-05-25
TOWNSVILLE CHRISTIAN COLLEGE LIMITED,Townsville DAMA,2026-05-14,2031-05-13
AC PERFECT CONNECTION PTY LTD,Townsville DAMA,2026-05-19,2031-05-18
MULBERRY GROUP PTY LTD,WA DAMA,2026-05-06,2031-05-05
Capel Fresh Food Market Pty Ltd,WA DAMA,2026-05-06,2031-05-05
THE ALTITUDE CARE SERVICES PTY LTD,WA DAMA,2026-05-06,2031-05-05
AAA EGG COMPANY PTY LTD,WA DAMA,2026-05-07,2031-05-06
MIZAN DEVELOPMENT PTY LTD,WA DAMA,2026-05-07,2031-05-06
AFGRI EQUIPMENT AUSTRALIA PTY LTD,WA DAMA,2026-05-07,2031-05-06
DIXON LOGISTICS PTY LTD & NORTHWEST R&R FAMILY COMPANY PTY LTD & THE SHANE COOTE FAMILY COMPANY PTY LTD,WA DAMA,2026-05-08,2031-05-07
MSG TRANSPORT PTY LTD,WA DAMA,2026-05-12,2031-05-11
Chapex Site Services Pty Ltd,WA DAMA,2026-05-12,2031-05-11
Oceanfront Hotel Pty Ltd,WA DAMA,2026-05-13,2031-05-12
SN COURIER PTY LTD,WA DAMA,2026-05-14,2031-05-13
Venture Trucking Pty Ltd,WA DAMA,2026-05-15,2031-05-14
CAHEJO PTY LTD,WA DAMA,2026-05-15,2031-05-14
ARK SERVICES AUSTRALIA PTY LTD,WA DAMA,2026-05-15,2031-05-14
WDP PTY LTD,WA DAMA,2026-05-20,2031-05-19
BHM1 PTY LTD,WA DAMA,2026-05-20,2031-05-19
JYC Enterprise Pty Ltd,WA DAMA,2026-05-21,2031-05-20
Fox Removals PTY LTD,WA DAMA,2026-05-22,2031-05-21
HOSPITALITY GROUP WA PTY LTD,WA DAMA,2026-05-28,2031-05-27
RUSSIAN RELIEF ASSOCIATION OF ST SERGIUS OF RADONEZH,Industry - Aged Care,2025-12-17,2030-12-16
RESTHAVEN INCORPORATED,Industry - Aged Care,2026-05-11,2031-05-10
Mutkin Residential and Community Care Indigenous Corporation,Industry - Aged Care,2026-05-21,2031-05-20
CHC AUSTRALIA PTY LTD,Industry - Aged Care,2026-05-26,2031-05-25
CLAREMONT AND SOUTH PORT AGED CARE LIMITED,Industry - Aged Care,2026-05-29,2031-05-28
HOPEFIELD PASTORAL PTY LTD,Industry - Dairy,2026-05-05,2031-05-04
F.J TEMPLETON & M.L TEMPLETON,Industry - Dairy,2026-05-05,2031-05-04
Airly Pty Ltd,Industry - Dairy,2026-05-05,2031-05-04
TIMOTHY JOHN WEST AND JACINTA MARY BROWN,Industry - Dairy,2026-05-12,2031-05-11
J.A FORREST & M.T FORREST,Industry - Dairy,2026-05-20,2031-05-19
HABIBULLAH EHSANI,Skilled Refugee Pilot,2026-05-29,2031-05-28
GS Payroll Pty Ltd,Industry – Premium Dining,2026-05-26,2031-05-25
Super Normal (Vic) Pty Ltd,Industry – Premium Dining,2026-05-26,2031-05-25
Meat Flour Wine Pty Ltd,Industry – Premium Dining,2026-05-23,2031-05-22
FLORENTINO MELBOURNE PTY LTD,Industry – Premium Dining,2026-05-21,2031-05-20
Montrachet Brisbane Pty Ltd,Industry – Premium Dining,2026-05-20,2031-05-19
The Cavendish Dark Horse Pty Ltd,Industry – Premium Dining,2026-05-15,2031-05-14
22 AGNES PTY LTD,Industry – Premium Dining,2026-05-15,2031-05-14
CARNZ PTY LTD,Industry – Premium Dining,2026-05-13,2031-05-12
Etymon Projects Pty Ltd,Industry – Premium Dining,2026-05-12,2031-05-11
THE 388 GROUP PTY LTD,Industry – Premium Dining,2026-05-12,2031-05-11
Three Blue Ducks in Rosebery Pty Ltd,Industry – Premium Dining,2026-05-11,2031-05-10
JESSE DAVIDSON,Industry – Premium Dining,2026-05-11,2031-05-10
Sydney Omakase Pty Ltd,Industry – Premium Dining,2026-05-08,2031-05-07
3000 Trading Pty Limited,Industry – Premium Dining,2026-05-05,2031-05-04
RENDEZVOUS INTERNATIONAL PTY LTD,Industry - On-Hire,2026-05-12,2031-05-11
ALTAIRA NURSING SERVICES PTY LTD,Industry - On-Hire,2026-05-11,2031-05-10
Bendigo Anglican Diocesan Corporation,Industry - Minister of Religion,2026-05-28,2031-05-27
YWAM MEDICAL SHIPS - AUSTRALIA LTD,Industry - Minister of Religion,2026-05-21,2031-05-20
Perth Baptist Church Inc.,Industry - Minister of Religion,2026-05-20,2031-05-19
THE MELBOURNE THAI BUDDHIST TEMPLE INC.,Industry - Minister of Religion,2026-05-19,2031-05-18
SYDNEY HYUNGTONGHAN CHURCH INCORPORATED,Industry - Minister of Religion,2026-05-14,2031-05-13
Nepalese Hindu Society of Australia Incorporated,Industry - Minister of Religion,2026-05-11,2031-05-10
Awaken Global Ministries Ltd,Industry - Minister of Religion,2026-05-08,2031-05-07
NSW - CENTRAL WEST MUSLIMS ASSOCIATION INCORPORATED,Industry - Minister of Religion,2026-05-06,2031-05-05
Cornerstone Church of Christ Inc.,Industry - Minister of Religion,2026-05-05,2031-05-04
Australia Korean Baptist Church,Industry - Minister of Religion,2026-05-04,2031-05-03
PINDAN BEEF COMPANY PTY LIMITED,Industry - Meat,2026-05-27,2031-05-26
MILDURA MEATCO PTY LTD.,Industry - Meat,2026-05-23,2031-05-22
JIMBOUR BEEF & BACON PTY LTD,Industry - Meat,2026-05-20,2031-05-19
Mann Farming (QLD) Pty Ltd,Industry - Horticulture,2026-05-27,2031-05-26
W & L FAMILY FARMS PTY LTD,Industry - Horticulture,2026-05-20,2031-05-19
FIRNESSE PTY. LIMITED,Industry - Horticulture,2026-05-19,2031-05-18
Wolfies Farms PTY LTD,Industry - Horticulture,2026-05-18,2031-05-17
Fruitico Pty Ltd,Industry - Horticulture,2026-05-14,2031-05-13
Caldow Ag Services Pty Ltd,Industry - Horticulture,2026-05-13,2031-05-12
N & P SINGH PTY LTD,Industry - Horticulture,2026-05-12,2031-05-11
BUNCH LINE FARM PTY LTD,Industry - Horticulture,2026-05-08,2031-05-07
VOYAGER SEAFOODS PTY LTD,Industry - Fishing,2026-05-27,2031-05-26
Australia Bay Seafoods Pty Ltd,Industry - Fishing,2026-05-15,2031-05-14
PE Ingram Pty Ltd,Industry - Fishing,2026-05-12,2031-05-11
OTWAY FISHING COMPANY PTY LTD,Industry - Fishing,2026-05-01,2031-04-30
CCJS Cairns Pty Ltd,Company Specific,2026-05-18,2031-05-17
Baaz Security Services Pty Ltd,Company Specific,2025-11-13,2030-11-12
Carlins Automotive Auctioneers (WA) Pty Ltd,Company Specific,2026-02-09,2031-02-08
Sydney Symphony Orchestra Holdings Pty Ltd,Company Specific,2026-06-04,2031-06-03
SUPPORTING INDEPENDENT LIVING CO-OPERATIVE LIMITED,Company Specific,2026-06-08,2031-06-07
OMNIHYPER PTY LTD,Company Specific,2026-06-11,2031-06-10
Fresenius Medical Care Australia Pty Ltd,Company Specific,2026-06-18,2031-06-17
Lark Distilling Co. Ltd,Company Specific,2026-06-18,2031-06-17
Melbourne Symphony Orchestra Pty Ltd,Company Specific,2026-06-19,2031-06-18
GO-TO SKINCARE PTY LTD,Company Specific,2026-06-26,2031-06-25
H3C PLUS PTY LTD,Company Specific,2026-06-26,2031-06-25
Eastern Suburbs Surgical Specialists PTY LTD,Company Specific,2026-06-26,2031-06-25
ONE TREE COMMUNITY SERVICES INC,East Kimberley DAMA,2026-06-03,2031-06-02
NINDILINGARRI CULTURAL HEALTH SERVICES INC,East Kimberley DAMA,2026-06-19,2031-06-18
THE PEARLE OPERATIONS PTY LTD,East Kimberley DAMA,2026-06-22,2031-06-21
Sapnac Pty Ltd,East Kimberley DAMA,2026-06-26,2031-06-25
Barameda FNQ Pty. Ltd.,Far North Queensland DAMA,2025-11-17,2030-11-16
WOOLSHED HOLDINGS PTY LTD,Far North Queensland DAMA,2026-06-01,2031-05-31
TeleBiz Telco Pty Ltd,Far North Queensland DAMA,2026-06-10,2031-06-09
IC (Cairns) Pty Ltd,Far North Queensland DAMA,2026-06-24,2031-06-23
IC (Edge Hill) Pty Ltd,Far North Queensland DAMA,2026-06-26,2031-06-25
JPK FARMING PTY LTD,Far North Queensland DAMA,2026-06-05,2031-06-04
AESSEAL Australia Pty Ltd,Goldfields DAMA,2025-11-13,2030-11-12
Butson Group Pty Ltd,Goldfields DAMA,2026-06-05,2031-06-04
ROO BREW PTY LTD,Goldfields DAMA,2026-06-09,2031-06-08
WORTHY ENGINEERING SERVICES PTY LTD,Goldfields DAMA,2026-06-11,2031-06-10
TSF Logic Pty Ltd,Goldfields DAMA,2026-06-12,2031-06-11
TANK AND VESSEL ENGINEERING (WA) PTY LTD,Goldfields DAMA,2026-06-18,2031-06-17
WA COUNTRY HEALTH SERVICE,Goldfields DAMA,2026-06-22,2031-06-21
ACTION BAY PTY LTD,Goldfields DAMA,2026-06-24,2031-06-23
HAMPTON TRANSPORT SERVICES PTY LTD,Goldfields DAMA,2026-06-26,2031-06-25
Opa Echuca Pty Ltd,Goulburn Valley DAMA,2025-11-13,2030-11-12
LW MCASEY & JD RAGLUS,Goulburn Valley DAMA,2026-06-03,2031-06-02
CTVM HOSPITALITY GROUP PTY LTD,Goulburn Valley DAMA,2026-06-25,2031-06-24
RAMTRON PTY LTD,Great South Coast DAMA,2026-06-26,2031-06-25
JODYALCO PTY. LTD.,Great South Coast DAMA,2026-06-30,2031-06-29
Lally Construction and Civil Pty Ltd,Northern Territory DAMA,2025-11-13,2030-11-12
NT Respite Care Plus,Northern Territory DAMA,2025-11-13,2030-11-12
Ozlanka Nominees Pty Ltd,Northern Territory DAMA,2025-11-13,2030-11-12
SHAW'S DARWIN TRANSPORT PTY LIMITED,Northern Territory DAMA,2025-11-13,2030-11-12
TREPANG SERVICES PTY LTD,Northern Territory DAMA,2026-06-10,2031-06-09
CAPRICORNIA HOLDINGS NT PTY LTD,Northern Territory DAMA,2026-06-18,2031-06-17
WILHELMSEN PORT SERVICES (AUSTRALIA) PTY LTD,Northern Territory DAMA,2026-06-18,2031-06-17
DUSTINS INVESTMENTS PTY LTD,Northern Territory DAMA,2026-06-19,2031-06-18
KEEGAN GROUP PTY LTD,Northern Territory DAMA,2026-06-19,2031-06-18
DARWIN SHIP REPAIR PTY LTD,Northern Territory DAMA,2026-06-19,2031-06-18
NT AUTOCARE AND SALES PTY LTD,Northern Territory DAMA,2026-06-19,2031-06-18
SSP AUSTRALIA CATERING PTY LIMITED,Northern Territory DAMA,2026-06-19,2031-06-18
Bass Cattle Company Pty Ltd,Northern Territory DAMA,2026-06-24,2031-06-23
TALICE SECURITY SERVICE PTY LTD,Northern Territory DAMA,2026-06-24,2031-06-23
4Kitchens Pty Ltd,Northern Territory DAMA,2026-06-24,2031-06-23
APJ Concrete Pty Ltd,Northern Territory DAMA,2026-06-25,2031-06-24
Humpty Doo Barramundi Pty Ltd,Northern Territory DAMA,2026-06-26,2031-06-25
LARRAKIA DEVELOPMENT CORPORATION PTY LTD,Northern Territory DAMA,2026-06-26,2031-06-25
NORTHERN INTERESTS (NT) PTY LTD,Northern Territory DAMA,2026-06-26,2031-06-25
BARKLY TRADING PTY LTD,Northern Territory DAMA,2026-06-30,2031-06-29
NT INVESTA GROUP PTY LTD,Northern Territory DAMA,2026-06-30,2031-06-29
DESERT FARMS PTY LTD,Northern Territory DAMA,2026-06-30,2031-06-29
Colour City Medical Practice Pty. Ltd.,Orana DAMA,2025-11-13,2030-11-12
Metele Pty. Ltd.,Orana DAMA,2025-11-13,2030-11-12
Sovance Pty Ltd,Orana DAMA,2025-11-13,2030-11-12
SUCCESS UNLIMITED PTY LTD,Orana DAMA,2026-06-19,2031-06-18
Neill Earthmoving Pty Ltd,Orana DAMA,2026-06-23,2031-06-22
Custom Steel Frames Dubbo Pty Ltd,Orana DAMA,2026-06-29,2031-06-28
LIEVETO PTY LTD,Orana DAMA,2026-06-29,2031-06-28
MWA Facilities Pty Ltd,Pilbara DAMA,2026-06-19,2031-06-18
New Beginning Disability Services Pty Ltd,South Australia Regional DAMA,2025-11-13,2030-11-12
Regis Aged Care Pty Ltd,South Australia Regional DAMA,2025-11-13,2030-11-12
VT Park Pty Ltd,South Australia Regional DAMA,2026-06-10,2031-06-09
ALL STAR ACCESS HIRE PTY LTD,South Australia Regional DAMA,2026-06-26,2031-06-25
SPACE LANDSCAPE CONSTRUCTION PTY LTD,South Australia Regional DAMA,2026-06-29,2031-06-28
SIGN*A*RAMA SALISBURY PTY LTD,South Australia Regional DAMA,2026-06-29,2031-06-28
Sloe Food Company Pty Ltd,South Australia Regional DAMA,2026-06-30,2031-06-29
TANMATT PTY LTD,South Australia Regional DAMA,2026-06-30,2031-06-29
Southcamp Pty Ltd,South West DAMA,2025-11-13,2030-11-12
Bickley park (WA) pty ltd,South West DAMA,2026-06-03,2031-06-02
WTRAD PTY LIMITED,Townsville DAMA,2026-06-19,2031-06-18
PARTNER IN CARE DISABILITY SERVICES PTY LTD,Townsville DAMA,2026-06-23,2031-06-22
ULTRARAD PTY. LTD.,Townsville DAMA,2026-06-29,2031-06-28
P ANSARI ABKENARI & N.L GRIFFITHS,Townsville DAMA,2026-06-29,2031-06-28
JS Trucking Pty Ltd,Townsville DAMA,2026-06-29,2031-06-28
ZYZ Plus Pty Ltd,WA DAMA,2025-11-13,2030-11-12
Fenix Road Logistics Pty Ltd,WA DAMA,2025-09-25,2030-09-24
E & J Logistic Pty Ltd,WA DAMA,2026-02-17,2031-02-16
Australian Employment Force Pty Ltd,WA DAMA,2026-02-09,2031-02-08
KAKU & SONS PTY LTD,WA DAMA,2026-06-05,2031-06-04
Sunrise Support Group PTY LTD,WA DAMA,2026-06-05,2031-06-04
THE RICH FIELD NEXT CHAPTER PTY LTD,WA DAMA,2026-06-05,2031-06-04
VISTACRAFT PTY. LTD.,WA DAMA,2026-06-11,2031-06-10
FREMANTLE BEVERAGES PTY LTD,WA DAMA,2026-06-11,2031-06-10
HARLEY DYKSTRA PTY LTD,WA DAMA,2026-06-12,2031-06-11
GURU AASRA Pty Ltd,WA DAMA,2026-06-12,2031-06-11
RAC TOURISM ASSETS PTY LTD,WA DAMA,2026-06-16,2031-06-15
The Patio Factory Perth Pty Ltd,WA DAMA,2026-06-16,2031-06-15
PROMETHEA PTY LTD,WA DAMA,2026-06-19,2031-06-18
WEST COAST TELCO GROUP PTY LTD,WA DAMA,2026-06-19,2031-06-18
TYWC PTY LTD,WA DAMA,2026-06-23,2031-06-22
Price's Fabrication and Steel Pty Ltd,WA DAMA,2026-06-24,2031-06-23
Aaquila Care Pty Ltd,WA DAMA,2026-06-24,2031-06-23
ESSENTIAL NURSING AND DISABILITY SERVICES PTY LTD.,WA DAMA,2026-06-25,2031-06-24
SHANDOR HOLDINGS PTY LTD,WA DAMA,2026-06-25,2031-06-24
OMKARA RETAIL PTY LTD,WA DAMA,2026-06-26,2031-06-25
SPR MACNAMARA PTY LTD,WA DAMA,2026-06-26,2031-06-25
PIONEER FREIGHTLINES PTY LTD,WA DAMA,2026-06-29,2031-06-28
PROGRESS ELECTRICAL GROUP PTY LTD,WA DAMA,2026-06-29,2031-06-28
PLL CORPORATE SERVICES PTY LTD,WA DAMA,2026-06-30,2031-06-29
AASTHA COMMUNITY SERVICES PTY LTD,WA DAMA,2026-06-30,2031-06-29
Donnybrook Fruit Barn Pty Ltd,WA DAMA,2026-06-30,2031-06-29
WILDERNESS (WA) PTY LTD & NIGHTINGALE FARMING PTY LTD,WA DAMA,2026-06-30,2031-06-29
OUTSTANDING BIRCH FOOD SERVICE PTY LTD,Goldfields DAMA,2026-06-10,2031-06-09
Walara Inc.,Industry - Aged Care,2026-06-03,2031-06-02
Riverview Lutheran Rest Home Inc,Industry - Aged Care,2026-06-22,2031-06-21
Boneham Aged Care Services Inc,Industry - Aged Care,2026-06-25,2031-06-24
OPAC WMS PTY LTD & OTHERS,Industry - Aged Care,2026-06-29,2031-06-28
"SPENCER, ALEXANDER DAVID",Industry - Dairy,2026-06-01,2031-05-31
Glennco Pastoral Pty Ltd,Industry - Dairy,2026-06-02,2031-06-01
PARKINSON SHAREFARMING PTY LTD,Industry - Dairy,2026-06-02,2031-06-01
PERRY CATTLE PTY LTD,Industry - Dairy,2026-06-04,2031-06-03
D C & J E BOULTON,Industry - Dairy,2026-06-04,2031-06-03
P.R LLEWELLYN & S.G LLEWELLYN,Industry - Dairy,2026-06-08,2031-06-07
"JOHNSTON, MARC",Industry - Dairy,2026-06-10,2031-06-09
COOPER DOWNS HOLDINGS PTY LTD,Industry - Dairy,2026-06-11,2031-06-10
King Island Dairy Farms Pty Ltd,Industry - Dairy,2026-06-17,2031-06-16
KN & SK Jolliffe,Industry - Dairy,2026-06-24,2031-06-23
J.L MCNAIR & Z.E MCNAIR,Industry - Dairy,2026-06-29,2031-06-28
KLOKAN FISHING PTY LTD,Industry - Fishing,2026-06-03,2031-06-02
Saltwater Endeavours Pty Ltd,Industry - Fishing,2026-06-05,2031-06-04
KL Fishing Pty Ltd,Industry - Fishing,2026-06-10,2031-06-09
M P J S PTY LIMITED,Industry - Fishing,2026-06-17,2031-06-16
BARNES SEAFOOD PTY LTD,Industry - Fishing,2026-06-25,2031-06-24
CLJC LAVALLE PTY LTD,Industry - Fishing,2026-06-29,2031-06-28
GW ELFORD & NM ELFORD,Industry - Fishing,2026-06-30,2031-06-29
Kaizen Operations Pty Ltd,Industry - Horticulture,2026-06-09,2031-06-08
KANGARINGA FARM PTY LIMITED,Industry - Horticulture,2026-06-10,2031-06-09
Costa's Pty Ltd,Industry - Horticulture,2026-06-11,2031-06-10
FRESH CHOICE PTY LTD,Industry - Horticulture,2026-06-17,2031-06-16
HEYNE'S NURSERIES PTY. LTD.,Industry - Horticulture,2026-06-23,2031-06-22
ROD BIRCH NOMINEES PTY,Industry - Horticulture,2026-06-24,2031-06-23
Priest Bros. Orchards Pty. Ltd.,Industry - Horticulture,2026-06-25,2031-06-24
B T LAN PTY LTD,Industry - Horticulture,2026-06-25,2031-06-24
VELLY FRESH PTY LTD,Industry - Horticulture,2026-06-30,2031-06-29
V&V WALSH PTY LTD & VERNON WALSH PTY LTD,Industry - Meat,2026-06-01,2031-05-31
CASTLE ESTATE FOOD CO PTY LTD,Industry - Meat,2026-06-22,2031-06-21
Australian Islamic Cultural Centre Limited,Industry - Minister of Religion,2021-10-15,2026-10-14
SRI SAI SIVA VISHNU TEMPLE DEVASTHANAM PTY LTD,Industry - Minister of Religion,2026-06-11,2031-06-10
SIKH COMMUNITY OF WESTERN VICTORIA INC,Industry - Minister of Religion,2026-06-16,2031-06-15
TAMIL EDUCATIONAL CULTURAL & CHARITABLE ASSOCIATION INC,Industry - Minister of Religion,2026-06-17,2031-06-16
GraceLife Church Incorporated,Industry - Minister of Religion,2026-06-17,2031-06-16
Buddhas' Practice Incorporated,Industry - Minister of Religion,2026-06-30,2031-06-29
EPG Group (Australia) Pty Ltd,Industry - On-Hire,2024-12-20,2029-12-19
JBS Pork Australia Pty Ltd,Industry - Pork,2025-02-07,2030-02-06
MW Adelaide Pty Ltd,Industry – Premium Dining,2025-11-13,2030-11-12
Sandalford Wines PTY LTD,Industry – Premium Dining,2026-06-04,2031-06-03
BESSIE'S RESTAURANT PTY LTD,Industry – Premium Dining,2026-06-05,2031-06-04
HINCHCLIFF HOUSE PTY LTD,Industry – Premium Dining,2026-06-08,2031-06-07
Roman Circus Pty Ltd,Industry – Premium Dining,2026-06-08,2031-06-07
Darzi Group PTY LTD,Industry – Premium Dining,2026-06-10,2031-06-09
LOBSTERMEN PTY LTD,Industry – Premium Dining,2026-06-11,2031-06-10
COPINES PTY LTD,Industry – Premium Dining,2026-06-12,2031-06-11
THE TEAROOM PTY. LTD.,Industry – Premium Dining,2026-06-15,2031-06-14
NALDHAM HOUSE PTY LTD,Industry – Premium Dining,2026-06-16,2031-06-15
Vitale Resorts Pty Ltd,Industry – Premium Dining,2026-06-22,2031-06-21
KAREDIS NOOSA PACIFIC PTY LIMITED & LAUNDY NOOSA PACIFIC PTY LIMITED,Industry – Premium Dining,2026-06-24,2031-06-23
VINTAGE RESORT 01 PTY LIMITED,Industry – Premium Dining,2026-06-25,2031-06-24
L'HOTEL GITAN PTY LTD,Industry – Premium Dining,2026-06-29,2031-06-28
BAMYAN AIR TRAVELS PTY LTD,Skilled Refugee Pilot,2026-06-04,2031-06-03
GLOWING RENDERING PTY LTD,Skilled Refugee Pilot,2026-06-05,2031-06-04
CALD CARE CONNECT PTY LTD,Skilled Refugee Pilot,2026-06-11,2031-06-10
ISLAMIC RELIEF AUSTRALIA,Skilled Refugee Pilot,2026-06-15,2031-06-14
APLUS TILING AND STONE SERVICES PTY LTD,Skilled Refugee Pilot,2026-06-16,2031-06-15
Aussin Auto Parts & Car Removals Pty Ltd,Skilled Refugee Pilot,2026-06-22,2031-06-21
DIGITAL IMAGING EXPRESS PTY. LTD,Skilled Refugee Pilot,2026-06-24,2031-06-23
BARBER BOYS NORWOOD PTY LTD,Skilled Refugee Pilot,2026-06-26,2031-06-25
CARERITE AUSTRALIA PTY LTD,East Kimberley DAMA,2026-07-10,2031-07-09
Northwest Aviation Services Pty Ltd,East Kimberley DAMA,2026-07-17,2031-07-16
IVANHOE FARMS PTY LTD,East Kimberley DAMA,2026-07-21,2031-07-20
5 Heads Pty Ltd,East Kimberley DAMA,2026-07-21,2031-07-20
KIMBERLEY CAPITAL PTY LTD,East Kimberley DAMA,2026-07-28,2031-07-27
S & D PROPERTY SERVICES PTY LTD,Far North Queensland DAMA,2026-07-02,2031-07-01
North and West Remote Health Limited,Far North Queensland DAMA,2026-07-06,2031-07-05
Tsaos International Pty Ltd,Far North Queensland DAMA,2026-07-06,2031-07-05
RED ROCK LEISURE PTY LTD,Far North Queensland DAMA,2026-07-07,2031-07-06
Lacco Enterprises Pty Ltd,Far North Queensland DAMA,2026-07-07,2031-07-06
CC HOLIDAYS PTY LTD,Far North Queensland DAMA,2026-07-08,2031-07-07
Cairns Pool Care Pty Ltd,Far North Queensland DAMA,2026-07-09,2031-07-08
D R WELLS & J R WELLS,Far North Queensland DAMA,2026-07-10,2031-07-09
Pharaoh Care FNQ Pty Ltd,Far North Queensland DAMA,2026-07-20,2031-07-19
BG HOTELS (HIC) PTY LTD,Far North Queensland DAMA,2026-07-20,2031-07-19
BAJADA PTY LTD,Far North Queensland DAMA,2026-07-20,2031-07-19
ENABLING PATHWAYS COMMUNITY LTD,Far North Queensland DAMA,2026-07-23,2031-07-22
Cairns Local Cars Pty Ltd,Far North Queensland DAMA,2026-07-27,2031-07-26
Ngoonbi Community Services Indigenous Corporation,Far North Queensland DAMA,2026-07-29,2031-07-28
EDEN PARK ROOFING SUPPLIES PTY LTD & STIFF ROD CHARTERS PTY LTD,Far North Queensland DAMA,2026-07-30,2031-07-29
M.R.T. NOMINEES PTY LTD,Goulburn Valley DAMA,2026-07-13,2031-07-12
Seeka Australia Pty Ltd,Goulburn Valley DAMA,2026-07-14,2031-07-13
M L Kaiser Pty Ltd,Goulburn Valley DAMA,2026-07-14,2031-07-13
HISTORY BARBERS EMMANUEL PTY LTD.,Northern Territory DAMA,2026-07-01,2031-06-30
Territory Bandag Pty Ltd,Northern Territory DAMA,2026-07-02,2031-07-01
Zen Quarter Management Pty Ltd,Northern Territory DAMA,2026-07-02,2031-07-01
Tennant Creek Tyre Centre Pty Ltd,Northern Territory DAMA,2026-07-02,2031-07-01
Northpharm Pty Ltd,Northern Territory DAMA,2026-07-03,2031-07-02
AQUA TERRA OIL AND MINERAL SERVICE AND SUPPLY COMPANY PTY. LTD.,Northern Territory DAMA,2026-07-03,2031-07-02
SMILE PARTNERS (NT) PTY LTD,Northern Territory DAMA,2026-07-03,2031-07-02
MIRRORS ROBES & SHOWERSCREENS PTY LTD,Northern Territory DAMA,2026-07-03,2031-07-02
CASUARINA FRESH FOOD PTY LTD,Northern Territory DAMA,2026-07-06,2031-07-05
"HOWELL, SHELLEY ANNA",Northern Territory DAMA,2026-07-06,2031-07-05
DEMENTIA & ALZHEIMER'S AUSTRALIA LTD,Northern Territory DAMA,2026-07-07,2031-07-06
Quality Plumbing & Building Contractors Pty Ltd,Northern Territory DAMA,2026-07-07,2031-07-06
LAKAN CARE PTY LTD,Northern Territory DAMA,2026-07-08,2031-07-07
Y & F (CB) PTY LTD,Northern Territory DAMA,2026-07-09,2031-07-08
TOP END DISTRIBUTION PTY LTD,Northern Territory DAMA,2026-07-10,2031-07-09
Morandini Investments Pty Limited,Northern Territory DAMA,2026-07-10,2031-07-09
MHS (NT) Pty Ltd,Northern Territory DAMA,2026-07-13,2031-07-12
URBI DLZ PTY LTD,Northern Territory DAMA,2026-07-13,2031-07-12
Country Connect Foundation Limited,Northern Territory DAMA,2026-07-14,2031-07-13
Pump Works Pty Ltd,Northern Territory DAMA,2026-07-14,2031-07-13
"DU, TAI",Northern Territory DAMA,2026-07-15,2031-07-14
CREAMY CREATIONS AUSTRALIA PTY LTD,Northern Territory DAMA,2026-07-15,2031-07-14
TINY TOWN EARLY LEARNING CENTRE PTY LTD,Northern Territory DAMA,2026-07-17,2031-07-16
NT HOTELS PTY LTD,Northern Territory DAMA,2026-07-20,2031-07-19
Beija Flor Darwin Pty Ltd,Northern Territory DAMA,2026-07-20,2031-07-19
UNITED AIR CONDITIONING AND MECHANICAL SERVICES PTY LTD,Northern Territory DAMA,2026-07-21,2031-07-20
COLEMANS INK PTY LTD,Northern Territory DAMA,2026-07-21,2031-07-20
Baillies Longitude 131 Pty Ltd,Northern Territory DAMA,2026-07-22,2031-07-21
H B CONCRETE PTY LTD,Northern Territory DAMA,2026-07-23,2031-07-22
FUSE HAIR AND BEAUTY PTY LTD,Northern Territory DAMA,2026-07-23,2031-07-22
CORROBOREE PARK NOMINEES PTY LTD,Northern Territory DAMA,2026-07-23,2031-07-22
MO TILING PTY LTD,Northern Territory DAMA,2026-07-24,2031-07-23
Adjana Enterprise Pty Ltd,Northern Territory DAMA,2026-07-24,2031-07-23
ESTELLE CORNELL PTY LTD,Northern Territory DAMA,2026-07-24,2031-07-23
JG United Pty Ltd,Northern Territory DAMA,2026-07-24,2031-07-23
Dripstone Children's Centre Inc,Northern Territory DAMA,2026-07-27,2031-07-26
REGINA'S CLEANING GROUP PTY LTD,Northern Territory DAMA,2026-07-27,2031-07-26
HOBERTS PTY LTD,Northern Territory DAMA,2026-07-27,2031-07-26
JTI Disability Services Pty Ltd,Northern Territory DAMA,2026-07-28,2031-07-27
HARJASS INTERNATIONAL MARKETING PTY LTD,Northern Territory DAMA,2026-07-28,2031-07-27
VILY ENTERPRISE PTY LTD,Northern Territory DAMA,2026-07-28,2031-07-27
Abundant Living Pty Ltd,Northern Territory DAMA,2026-07-28,2031-07-27
HIMALAYAN INVESTA PTY LTD,Northern Territory DAMA,2026-07-28,2031-07-27
ALICE SPRINGS BREWING CO PTY LTD,Northern Territory DAMA,2026-07-29,2031-07-28
HUDSON APARTMENT HOTELS PTY LTD,Northern Territory DAMA,2026-07-29,2031-07-28
QUEENDA PTY LTD,Northern Territory DAMA,2026-07-29,2031-07-28
"VAN WEES, GERARD BOUDEWIJN",Northern Territory DAMA,2026-07-29,2031-07-28
Consolidated Lay Group Pty Ltd,Northern Territory DAMA,2026-07-29,2031-07-28
Heath Motor Group Pty Ltd,Northern Territory DAMA,2026-07-29,2031-07-28
PACIFIC BUILDING SUPPLIES (N.T.) PTY. LTD.,Northern Territory DAMA,2026-07-29,2031-07-28
MAMMA'S KITCHEN @ MINDIL PTY LTD,Northern Territory DAMA,2026-07-30,2031-07-29
THE TRAVEL CORPORATION PTY LTD,Northern Territory DAMA,2026-07-30,2031-07-29
HALKITIS BROS. PTY. LIMITED,Northern Territory DAMA,2026-07-30,2031-07-29
TRINITY SCOPE AND SUPPORT SERVICES PTY LTD,Northern Territory DAMA,2026-07-31,2031-07-30
Monarchical Pty Ltd,Northern Territory DAMA,2026-07-31,2031-07-30
DUNWRIGHT ELECTRICAL CONTRACTING SERVICES PTY. LTD.,Northern Territory DAMA,2026-07-31,2031-07-30
Catholic Church Diocese of Darwin Education Property Trust,Northern Territory DAMA,2026-07-31,2031-07-30
Mai Wiru Regional Stores Council Aboriginal Corporation,Northern Territory DAMA,2026-07-31,2031-07-30
Clipper Pearls Pty Ltd,Northern Territory DAMA,2026-07-31,2031-07-30
Antoney Group Pty Ltd,Orana DAMA,2026-07-02,2031-07-01
Gen Tech Seeds Pty Ltd,Orana DAMA,2026-07-02,2031-07-01
Dematic Pty Ltd,Orana DAMA,2026-07-03,2031-07-02
WOODHAM PETROLEUM PTY LTD,Orana DAMA,2026-07-06,2031-07-05
DHANDA BROTHERS PTY LTD,Orana DAMA,2026-07-07,2031-07-06
VISY PULP AND PAPER PTY. LTD.,Orana DAMA,2026-07-08,2031-07-07
KNP Retail Pty Ltd,Orana DAMA,2026-07-08,2031-07-07
WHITTON MALT HOUSE PTY LTD,Orana DAMA,2026-07-08,2031-07-07
Pandolfo Family Enterprise Pty Ltd,Orana DAMA,2026-07-09,2031-07-08
Waringa Distribution Pty Ltd,Orana DAMA,2026-07-09,2031-07-08
PERFECT ANGELS PTY LTD,Orana DAMA,2026-07-14,2031-07-13
Euglo Farming Pty Ltd,Orana DAMA,2026-07-20,2031-07-19
DISCOUNT DOLLAR PTY LTD,Orana DAMA,2026-07-24,2031-07-23
UNITED SPARK PTY LTD,Orana DAMA,2026-07-30,2031-07-29
Newman OTC Pty Ltd,Pilbara DAMA,2026-07-01,2031-06-30
MundaMurra Pty Ltd,Pilbara DAMA,2026-07-01,2031-06-30
YURRA PTY LTD,Pilbara DAMA,2026-07-02,2031-07-01
KIPHONE PTY LTD,Pilbara DAMA,2026-07-02,2031-07-01
S.T BATTALIS & BAYRACE INVESTMENTS PTY LTD & C.J UNSWORTH,Pilbara DAMA,2026-07-07,2031-07-06
Kupa Service Provider Pty Ltd,Pilbara DAMA,2026-07-10,2031-07-09
Allpoint Nominees Pty Ltd,Pilbara DAMA,2026-07-14,2031-07-13
QUBE ENERGY PTY LTD,Pilbara DAMA,2026-07-21,2031-07-20
Everything Earth Pty Ltd,Pilbara DAMA,2026-07-28,2031-07-27
Cafe Charlie Pty Ltd,South Australia Regional DAMA,2026-07-01,2031-06-30
B T LAN PTY LTD,South Australia Regional DAMA,2026-07-01,2031-06-30
RABIOLA PTY LTD,South Australia Regional DAMA,2026-07-02,2031-07-01
CHOICENZIO GROUP PTY LTD,South Australia Regional DAMA,2026-07-06,2031-07-05
Riverland Mallee Coorong Local Health Network Incorporated,South Australia Regional DAMA,2026-07-06,2031-07-05
H.P.S TRANSPORT PTY LTD,South Australia Regional DAMA,2026-07-07,2031-07-06
COMPLETE CHOICE SA PTY LTD,South Australia Regional DAMA,2026-07-08,2031-07-07
ELBRANDA PTY LTD,South Australia Regional DAMA,2026-07-08,2031-07-07
LISBON ENTERPRISES PTY LTD,South Australia Regional DAMA,2026-07-08,2031-07-07
AEON Disability Support Services Pty Ltd,South Australia Regional DAMA,2026-07-09,2031-07-08
Southern Ocean Lodge Pty Ltd,South Australia Regional DAMA,2026-07-10,2031-07-09
Emali Childcare Pty Ltd,South Australia Regional DAMA,2026-07-14,2031-07-13
SKYWORLD PTY LTD,South Australia Regional DAMA,2026-07-15,2031-07-14
MAX CRANE & EQUIPMENT HIRE (SA) PTY LTD,South Australia Regional DAMA,2026-07-21,2031-07-20
Squib Group Pty Ltd,South Australia Regional DAMA,2026-07-22,2031-07-21
SAZON PTY LTD,South Australia Regional DAMA,2026-07-22,2031-07-21
BALLABOOSTA ADELAIDE PTY LTD,South Australia Regional DAMA,2026-07-24,2031-07-23
RIVERSEA PTY LTD,South Australia Regional DAMA,2026-07-27,2031-07-26
PROPERTY MAINTENANCE PLUS PTY LTD,South Australia Regional DAMA,2026-07-31,2031-07-30
Niceride Nominees Pty Ltd,South West DAMA,2026-07-02,2031-07-01
ADVANCE PACKING & MARKETING SERVICES PTY LTD,South West DAMA,2026-07-06,2031-07-05
Rembank Nominees Pty Ltd,South West DAMA,2026-07-08,2031-07-07
MYSA AUSTRALIA PTY LTD,South West DAMA,2026-07-17,2031-07-16
MISS CHOW'S COWARAMUP PTY LTD,South West DAMA,2026-07-28,2031-07-27
Geegeelup Village Incorporated,South West DAMA,2026-07-30,2031-07-29
TANGENT NOMINEES PTY LTD,South West DAMA,2026-07-28,2031-07-27
PACIFIC MARINE GROUP PTY. LTD.,Townsville DAMA,2026-07-01,2031-06-30
NDC SERVICE CO PTY LIMITED,Townsville DAMA,2026-07-02,2031-07-01
Manes Brothers Pty Ltd,Townsville DAMA,2026-07-06,2031-07-05
JC ENDEAVOURS PTY LTD,Townsville DAMA,2026-07-10,2031-07-09
CLOW NOMINEES PTY LTD,Townsville DAMA,2026-07-13,2031-07-12
BINHA PTY LTD,Townsville DAMA,2026-07-20,2031-07-19
AGILE TRANSPORT SERVICES PTY LTD,Townsville DAMA,2026-07-23,2031-07-22
Bellmere Transport Pty Ltd,Townsville DAMA,2026-07-29,2031-07-28
NARYMAL PTY LTD,WA DAMA,2026-07-01,2031-06-30
Bushtree Holdings Pty Ltd,WA DAMA,2026-07-01,2031-06-30
CHUCKEM NOMINEES PTY LTD,WA DAMA,2026-07-01,2031-06-30
FRANKIE'S ON ROTTNEST PTY LTD,WA DAMA,2026-07-02,2031-07-01
BUCKINGHAM NOMINEES PTY LTD,WA DAMA,2026-07-06,2031-07-05
Ansat Support Pty Ltd,WA DAMA,2026-07-06,2031-07-05
GRSA DEOL PTY LTD,WA DAMA,2026-07-06,2031-07-05
GILL FREIGHT LINES PTY LTD,WA DAMA,2026-07-07,2031-07-06
Galco Group Pty Ltd,WA DAMA,2026-07-08,2031-07-07
Gan Enterprises Pty Ltd,WA DAMA,2026-07-08,2031-07-07
P N V ENGINEERING PTY LTD,WA DAMA,2026-07-09,2031-07-08
Registered Painters Pty Ltd,WA DAMA,2026-07-09,2031-07-08
BALDEV RAJ & SONS PTY LTD,WA DAMA,2026-07-13,2031-07-12
AADHYA AUSTRALIA PTY LTD,WA DAMA,2026-07-13,2031-07-12
JV MEDS PTY LTD,WA DAMA,2026-07-14,2031-07-13
Roadline Holdings Pty Ltd,WA DAMA,2026-07-14,2031-07-13
Paragon Dental Lab Pty Ltd,WA DAMA,2026-07-14,2031-07-13
KING SCRAP METALS PTY LTD,WA DAMA,2026-07-14,2031-07-13
LUCKNOW NOMINEES PTY LTD,WA DAMA,2026-07-20,2031-07-19
Thompson & Redwood (2001) Pty Ltd,WA DAMA,2026-07-21,2031-07-20
KAL TIRE (AUSTRALIA) PTY LTD,WA DAMA,2026-07-22,2031-07-21
City of Karratha,WA DAMA,2026-07-23,2031-07-22
Custom Constructions Pty Ltd,WA DAMA,2026-07-24,2031-07-23
AKT DEMOLITION PTY LTD,WA DAMA,2026-07-24,2031-07-23
Marson Healthcare Service Pty Ltd,WA DAMA,2026-07-27,2031-07-26
CASA VIBRAZIONE PTY LTD,WA DAMA,2026-07-27,2031-07-26
Whanake Holdings Pty Ltd,WA DAMA,2026-07-28,2031-07-27
DOHENY PTY LTD,WA DAMA,2026-07-29,2031-07-28
WHITE LINE TRANSPORT (AUST.) PTY. LTD.,WA DAMA,2026-07-29,2031-07-28
BALCO AUSTRALIA PTY LTD,WA DAMA,2026-07-29,2031-07-28
MANDOON ESTATE PTY LTD,WA DAMA,2026-07-29,2031-07-28
Superstock Food Services Pty Ltd,WA DAMA,2026-07-29,2031-07-28
KEE SURFACING PTY LTD,WA DAMA,2026-07-30,2031-07-29
HEALTHIQ CONSULTING & SUPPORTS PTY. LTD,WA DAMA,2026-07-31,2031-07-30
PRG Corporate Pty Ltd,WA DAMA,2026-07-31,2031-07-30
KGH Group Pty Ltd,Goldfields DAMA,2026-07-01,2031-06-30
Andrew Wommack Ministries Aust Ltd,Company Specific,2026-07-06,2031-07-05
Robtine Developments PTY LTD,Company Specific,2026-07-06,2031-07-05
Mudex Pty Ltd,Company Specific,2026-07-10,2031-07-09
HESTON MRO PTY LTD,Company Specific,2026-07-10,2031-07-09
Manly-Warringah Sea Eagles Limited,Company Specific,2026-07-10,2031-07-09
Ascent Rehabilitation Pty Ltd,Company Specific,2026-07-20,2031-07-19
Dishtec Pty Limited,Company Specific,2026-07-20,2031-07-19
EMBRACE CARE PTY LTD,Company Specific,2026-07-30,2031-07-29
Antonine Sisters Aged Care Services Ltd,Industry - Aged Care,2026-07-02,2031-07-01
TANUNDA LUTHERAN HOME INC,Industry - Aged Care,2026-07-02,2031-07-01
THE DENILIQUIN NURSING HOME FOUNDATION LTD,Industry - Aged Care,2026-07-14,2031-07-13
MARANATHA HOUSE,Industry - Aged Care,2026-07-14,2031-07-13
GLENGOLLAN VILLAGE,Industry - Aged Care,2026-07-17,2031-07-16
Wonthaggi & District Elderly Citizens Homes Inc,Industry - Aged Care,2026-07-31,2031-07-30
MMED Pharmaceuticals Pty Ltd,Skilled Refugee Pilot,2026-07-21,2031-07-20
Afghan Sufra Pty Ltd,Skilled Refugee Pilot,2026-07-01,2031-06-30
Marion Lane Pty Ltd,Industry – Premium Dining,2026-07-20,2031-07-19
ZASS GROUP PTY LIMITED,Industry – Premium Dining,2026-07-15,2031-07-14
DOMAIN BOTANICAL BUSINESS PTY LTD,Industry – Premium Dining,2026-07-09,2031-07-08
CAFFE E CUCINA PTY LTD,Industry – Premium Dining,2026-07-08,2031-07-07
Officine Zero Pty Ltd,Industry – Premium Dining,2026-07-08,2031-07-07
Roy Hammond Pty Ltd,Industry – Premium Dining,2026-07-07,2031-07-06
VERACE PIZZERIA TRADING PTY LTD,Industry – Premium Dining,2026-07-06,2031-07-05
SN Riverside Pty Ltd,Industry – Premium Dining,2026-07-01,2031-06-30
D.B HUMPHRYS & J.K HUMPHRYS & K.S HUMPHRYS & KYM HUMPHRYS PTY LTD,Industry - Pork,2026-07-31,2031-07-30
BMK Farm Pty Ltd,Industry - Pork,2026-07-27,2031-07-26
SUNPORK CONSOLIDATED PTY LTD,Industry - Pork,2026-07-09,2031-07-08
SRSW Pty Ltd,Industry - On-Hire,2026-07-20,2031-07-19
TRADECONNEX PTY. LTD.,Industry - On-Hire,2026-07-06,2031-07-05
Anglican Parish of St Paul the Apostlebankstown,Industry - Minister of Religion,2026-07-27,2031-07-26
JIREH INDONESIAN CHRISTIAN FELLOWSHIP INCORPORATED,Industry - Minister of Religion,2026-07-24,2031-07-23
LAGOINHA SYDNEY CHURCH LTD,Industry - Minister of Religion,2026-07-22,2031-07-21
BUDDHIST VIHARA (TEMPLE) OF QUEENSLAND INC,Industry - Minister of Religion,2026-07-22,2031-07-21
Agape community church inc,Industry - Minister of Religion,2026-07-22,2031-07-21
Glory Life Prayer Ministry International Incorporated,Industry - Minister of Religion,2026-07-20,2031-07-19
YOUTH WITH A MISSION BYRON BAY INCORPORATED,Industry - Minister of Religion,2026-07-17,2031-07-16
SADAHAM SEWANA BUDDHIST CENTRE CAMPBELLTOWN,Industry - Minister of Religion,2026-07-09,2031-07-08
Father's House Sydney Incorporated,Industry - Minister of Religion,2026-07-08,2031-07-07
Intercessory Prayer Ministry International Incorporated,Industry - Minister of Religion,2026-07-02,2031-07-01
HOSANNA PRESBYTERIAN CHURCH,Industry - Minister of Religion,2026-07-01,2031-06-30
THE PENTECOSTALS OF BRISBANE LTD,Industry - Minister of Religion,2026-07-06,2031-07-05
Auspork Australia Pty Ltd,Industry - Meat,2026-07-17,2031-07-16
TIBC PTY LTD,Industry - Meat,2026-07-15,2031-07-14
CADOPEN PTY. LIMITED,Industry - Meat,2026-06-08,2031-06-07
Wesgrowers Pty Ltd,Industry - Horticulture,2026-07-24,2031-07-23
Perfection Berries Tasmania PTY LTD,Industry - Horticulture,2026-07-22,2031-07-21
Sunup Pty Ltd,Industry - Horticulture,2026-07-17,2031-07-16
RANJIT SINGH PTY LTD,Industry - Horticulture,2026-07-14,2031-07-13
SINGH RISE PTY LTD,Industry - Horticulture,2026-07-13,2031-07-12
WJ & DA STRONG & TB & RA STRONG,Industry - Horticulture,2026-07-13,2031-07-12
FRANKLAND RIVER OLIVE COMPANY LTD,Industry - Horticulture,2026-07-13,2031-07-12
Zanthe Farms Pty Ltd,Industry - Horticulture,2026-07-09,2031-07-08
FARIDKOT FARMING PTY LTD,Industry - Horticulture,2026-07-07,2031-07-06
HOANG HUY NGUYEN,Industry - Horticulture,2026-07-02,2031-07-01
HOLT FARMING PTY LTD,Industry - Horticulture,2026-07-01,2031-06-30
ALI OPERATIONS PTY LTD,Industry - Fishing,2026-07-28,2031-07-27
H.L EDGAR & R.G EDGAR & R.J EDGAR & T.L EDGAR,Industry - Dairy,2026-07-31,2031-07-30
BAR-U VIEWS PTY LTD,Industry - Dairy,2026-07-24,2031-07-23
Grow Wagyu Pty Ltd,Industry - Dairy,2026-07-24,2031-07-23
"VAN RIJTHOVEN, JOZEPHUS JOHANNES",Industry - Dairy,2026-07-24,2031-07-23
Altmann Farms Pty Ltd,Industry - Dairy,2026-07-24,2031-07-23
"AJ, CM, MJ & CL KRYBOLDER",Industry - Dairy,2026-07-24,2031-07-23
PRIME VALUE DAIRY MANAGEMENT NO 2 PTY LTD,Industry - Dairy,2026-07-20,2031-07-19
WRITHGIL PTY. LTD.,Industry - Dairy,2026-07-17,2031-07-16
THROCK ENTERPRISES PTY LTD,Industry - Dairy,2026-07-17,2031-07-16
Spring Dam Dairying Pty Ltd,Industry - Dairy,2026-07-17,2031-07-16
JELBART DAIRY PTY. LTD.,Industry - Dairy,2026-07-13,2031-07-12
Rosemount Ag Pty Ltd,Industry - Dairy,2026-07-13,2031-07-12
"GLENDENNING, SHAUN",Industry - Dairy,2026-07-09,2031-07-08
Moloney Sharefarming Pty Ltd,Industry - Dairy,2026-07-08,2031-07-07
B.P CONHEADY & J.B MOLONEY,Industry - Dairy,2026-07-08,2031-07-07
Murand Farm Pty Ltd,Industry - Dairy,2026-07-08,2031-07-07
Franklin Downs Pty Ltd,Industry - Dairy,2026-07-01,2031-06-30
SP & MJ Glowrey Pty Ltd,Industry - Dairy,2026-07-01,2031-06-30
